"account_no","adv_no","lienhub_owner","situs_address","situs_city","situs_zip","cert_number","face_amount","live_match_found","live_total_due","bill_years","still_delinquent"
"038084-0000","7647","","9135 DEVONSHIRE BLVD JACKSONVILLE 32208-",,"32208-",,"2000.56","False","0",,"False"
"136318-0000","20677","","1801 VALENCIA DR JACKSONVILLE 32207-",,"32207-",,"2000.7","False","0",,"False"
"108094-0610","17419","","14372 DENTON RD JACKSONVILLE 32226-",,"32226-",,"2001.59","False","0",,"False"
"086651-0000","14916","","1350 W 26TH ST JACKSONVILLE 32209-",,"32209-",,"2005.06","False","0",,"False"
"051305-0000","10441","","1650 E COLLEGE CIR JACKSONVILLE 32209-",,"32209-",,"2005.37","False","0",,"False"
"056996-0000","11565","","3263 NOLAN ST JACKSONVILLE 32254-",,"32254-",,"2005.41","False","0",,"False"
"070327-0000","12871","","1756 BREWSTER RD JACKSONVILLE 32207-",,"32207-",,"2005.66","False","0",,"False"
"085747-0000","14703","","5706 MONCRIEF RD JACKSONVILLE 32209-",,"32209-",,"2005.85","False","0",,"False"
"115655-0000","18593","","1623 E 12TH ST JACKSONVILLE 32206-",,"32206-",,"2005.9","False","0",,"False"
"028042-0000","5784","","5831 BEGONIA RD JACKSONVILLE 32209-",,"32209-",,"2006.1","False","0",,"False"
"036070-0000","7271","","9076 1ST AVE JACKSONVILLE 32208-",,"32208-",,"2006.41","False","0",,"False"
"047377-0000","9596","","2086 KINGS RD JACKSONVILLE 32209-",,"32209-",,"2007.05","False","0",,"False"
"030832-0000","6450","","3181 BRASQUE DR JACKSONVILLE 32209-",,"32209-",,"2007.2","False","0",,"False"
"000502-0010","82","","375 CLARK ST BALDWIN 32234-",,"32234-",,"2008.28","False","0",,"False"
"046709-0000","9422","","2811 MONCRIEF RD JACKSONVILLE 32209-",,"32209-",,"2009.25","False","0",,"False"
"016355-0100","3603","","7480 S OLD MIDDLEBURG RD JACKSONVILLE 32222-",,"32222-",,"2009.49","False","0",,"False"
"024069-0000","5080","","7880 PAUL REVERE DR JACKSONVILLE 32208-",,"32208-",,"2009.84","False","0",,"False"
"153699-0000","22551","","5514 BOEING DR JACKSONVILLE 32207-",,"32207-",,"2010.2","False","0",,"False"
"038267-0000","7674","","4510 WILLIAMSBURG AVE JACKSONVILLE 32208-",,"32208-",,"2010.86","False","0",,"False"
"049987-0010","10154","","1836 ALFEN ST JACKSONVILLE 32254-",,"32254-",,"2010.9","False","0",,"False"
"144251-0000","21255","","7723 FREE AVE JACKSONVILLE 32211-",,"32211-",,"2011.41","False","0",,"False"
"030532-0000","6400","","5434 CALLOWAY CT JACKSONVILLE 32209-",,"32209-",,"2011.55","False","0",,"False"
"107413-0000","17260","","12739 N MAIN ST JACKSONVILLE 32218-",,"32218-",,"2012.11","False","0",,"False"
"028136-0000","5807","","5737 HOLLYHOCK RD JACKSONVILLE 32209-",,"32209-",,"2012.42","False","0",,"False"
"075709-0010","13378","","1100 W STATE ST JACKSONVILLE 32204-",,"32204-",,"2013.64","False","0",,"False"
"136901-0000","20737","","8026 EBERSOL RD JACKSONVILLE 32216-",,"32216-",,"2015.94","False","0",,"False"
"083934-0000","14236","","5104 POTOMAC AVE JACKSONVILLE 32254-",,"32254-",,"2016.03","False","0",,"False"
"026683-0010","5500","","7640 PICKETT ST JACKSONVILLE 32208-",,"32208-",,"2016.36","False","0",,"False"
"056806-0000","11534","","2557 LOWELL AVE JACKSONVILLE 32254-",,"32254-",,"2016.71","False","0",,"False"
"002929-0300","751","","7645 CRANBROOKE RD JACKSONVILLE 32219-",,"32219-",,"2017.54","False","0",,"False"
"027912-0000","5757","","2339 BROOKLYN RD JACKSONVILLE 32209-",,"32209-",,"2017.82","False","0",,"False"
"029377-0020","6104","","9134 RIDGE BLVD JACKSONVILLE 32208-",,"32208-",,"2018.6","False","0",,"False"
"059482-0000","11999","","5074 ANDREWS ST JACKSONVILLE 32254-",,"32254-",,"2019.56","False","0",,"False"
"051904-0000","10587","","1719 W 5TH ST JACKSONVILLE 32209-",,"32209-",,"2019.64","False","0",,"False"
"031446-0000","6559","","153 E 43RD ST JACKSONVILLE 32208-",,"32208-",,"2019.87","False","0",,"False"
"016106-0020","3506","","8544 TAYLOR FIELD RD JACKSONVILLE 32244-",,"32244-",,"2020.24","False","0",,"False"
"002833-0078","689","","10045 PAXTON RD JACKSONVILLE 32219-",,"32219-",,"2020.37","False","0",,"False"
"084596-0000","14398","","3611 N DAVIS ST JACKSONVILLE 32209-",,"32209-",,"2021.54","False","0",,"False"
"031055-0000","6499","","6293 E PETTIFORD DR JACKSONVILLE 32209-",,"32209-",,"2023.58","False","0",,"False"
"010426-0000","2184","","LE MANS DR JACKSONVILLE 32210-",,"32210-",,"2025.62","False","0",,"False"
"037409-0000","7505","","8715 ADAMS AVE JACKSONVILLE 32208-",,"32208-",,"2025.72","False","0",,"False"
"167741-7914","25489","","10901 BURNT MILL RD 2701 JACKSONVILLE 32256-",,"32256-",,"2026.43","False","0",,"False"
"032003-0000","6653","","4714 W CASTLEWOOD DR JACKSONVILLE 32206-",,"32206-",,"2027.64","False","0",,"False"
"159880-0090","23798","","7171 CEDAR POINT RD JACKSONVILLE 32226-",,"32226-",,"2027.77","False","0",,"False"
"103529-5794","16600","","5558 N CABOT DR JACKSONVILLE 32244-",,"32244-",,"2028.04","False","0",,"False"
"073230-0000","13217","","225 W 11TH ST JACKSONVILLE 32206-",,"32206-",,"2028.69","False","0",,"False"
"004258-0030","1113","","11748 V C JOHNSON RD JACKSONVILLE 32218-",,"32218-",,"2028.8","False","0",,"False"
"034199-0000","6982","","145 E 54TH ST JACKSONVILLE 32208-",,"32208-",,"2029.23","False","0",,"False"
"154547-0500","22817","","8623 SYNHOFF DR JACKSONVILLE 32216-",,"32216-",,"2029.24","False","0",,"False"
"040664-0000","8228","","4819 TENNESSEE ST JACKSONVILLE 32209-",,"32209-",,"2029.9","False","0",,"False"
"059747-0000","12032","","5142 ASTRAL ST JACKSONVILLE 32205-",,"32205-",,"2030.24","False","0",,"False"
"053452-0000","10918","","1176 N DURKEE DR JACKSONVILLE 32209-",,"32209-",,"2030.44","False","0",,"False"
"023866-0000","5055","","7805 E CONCORD BLVD JACKSONVILLE 32208-",,"32208-",,"2031.16","False","0",,"False"
"023793-0000","5048","","8023 LEXINGTON DR JACKSONVILLE 32208-",,"32208-",,"2031.53","False","0",,"False"
"047687-0005","9681","","4037 MARLO ST JACKSONVILLE 32209-",,"32209-",,"2031.84","False","0",,"False"
"056990-0000","11562","","3232 DIGNAN ST JACKSONVILLE 32254-",,"32254-",,"2032.53","False","0",,"False"
"000851-0010","121","","374 S US 301 HWY BALDWIN 32234-",,"32234-",,"2032.94","False","0",,"False"
"038080-0000","7645","","9213 DEVONSHIRE BLVD JACKSONVILLE 32208-",,"32208-",,"2033.54","False","0",,"False"
"030405-0000","27012","","4816 BOOKER ST JACKSONVILLE 32209-",,"32209-",,"2033.62","False","0",,"False"
"068969-0000","12752","","4654 WHEELER AVE JACKSONVILLE 32210-",,"32210-",,"2034.3","False","0",,"False"
"143700-0000","21194","","8423 HARE AVE JACKSONVILLE 32211-",,"32211-",,"2034.47","False","0",,"False"
"120540-0000","18922","","7405 S BURLINGAME DR JACKSONVILLE 32211-",,"32211-",,"2034.8","False","0",,"False"
"031808-0000","6621","","738 LYNTON ST JACKSONVILLE 32208-",,"32208-",,"2035.35","False","0",,"False"
"030962-0000","6467","","5503 EARTHA DR JACKSONVILLE 32209-",,"32209-",,"2037.26","False","0",,"False"
"023393-0000","4989","","1129 BRANDYWINE ST JACKSONVILLE 32208-",,"32208-",,"2038.06","False","0",,"False"
"109646-0010","17737","","11803 CREEK BLVD JACKSONVILLE 32218-",,"32218-",,"2039.24","False","0",,"False"
"028596-0000","5916","","2735 BEGONIA RD JACKSONVILLE 32209-",,"32209-",,"2039.46","False","0",,"False"
"000650-0014","99","","793 RAINER RD BALDWIN 32234-",,"32234-",,"2042.54","False","0",,"False"
"160671-5415","23887","","12067 SAVERIO LN JACKSONVILLE 32225-",,"32225-",,"2042.94","False","0",,"False"
"019432-0000","3980","","13804 LEM TURNER RD JACKSONVILLE 32218-",,"32218-",,"2043.47","False","0",,"False"
"122842-0050","19188","","435 JESSIE ST JACKSONVILLE 32206-",,"32206-",,"2044.34","False","0",,"False"
"164799-0000","24561","","1955 SUNRISE DR JACKSONVILLE 32246-",,"32246-",,"2045.54","False","0",,"False"
"071064-0000","12942","","33 W 4TH ST JACKSONVILLE 32206-",,"32206-",,"2045.55","False","0",,"False"
"029700-0600","6182","","2039 JAYSON AVE JACKSONVILLE 32208-",,"32208-",,"2047.57","False","0",,"False"
"132519-0000","20215","","1521 E 27TH ST JACKSONVILLE 32206-",,"32206-",,"2047.86","False","0",,"False"
"060520-0000","12081","","4054 DELLWOOD AVE JACKSONVILLE 32205-",,"32205-",,"2048.71","False","0",,"False"
"003697-0000","934","","7625 OWL RD JACKSONVILLE 32219-",,"32219-",,"2049.95","False","0",,"False"
"016104-0020","3504","","8549 WALDEN RD JACKSONVILLE 32244-",,"32244-",,"2050.09","False","0",,"False"
"103134-0000","16520","","5219 EULACE RD JACKSONVILLE 32210-",,"32210-",,"2050.12","False","0",,"False"
"031969-0000","6646","","4511 E MARLBORO CIR JACKSONVILLE 32206-",,"32206-",,"2050.52","False","0",,"False"
"145074-0000","21341","","51 JOHNSTON AVE JACKSONVILLE 32211-",,"32211-",,"2051.42","False","0",,"False"
"053405-0000","10908","","2115 MYRTLE AVE JACKSONVILLE 32209-",,"32209-",,"2052.32","False","0",,"False"
"031237-0000","6522","","4200 CARROLL DR JACKSONVILLE 32209-",,"32209-",,"2053.29","False","0",,"False"
"041324-0000","8343","","4305 S TRENTON DR JACKSONVILLE 32209-",,"32209-",,"2053.38","False","0",,"False"
"004308-0200","1152","","11135 BRIDGES RD JACKSONVILLE 32218-",,"32218-",,"2053.47","False","0",,"False"
"032060-0000","6665","","4737 NELMAR PL JACKSONVILLE 32206-",,"32206-",,"2053.7","False","0",,"False"
"157154-0000","23304","","12869 WARRINGTON OAKS RD JACKSONVILLE 32258-",,"32258-",,"2053.84","False","0",,"False"
"164149-0000","24492","","10391 BRADLEY RD JACKSONVILLE 32246-",,"32246-",,"2054.01","False","0",,"False"
"020223-0000","4319","","10575 N BESSENT RD JACKSONVILLE 32218-",,"32218-",,"2054.29","False","0",,"False"
"156920-0000","23262","","11544 W ANCONA DR JACKSONVILLE 32258-",,"32258-",,"2055.64","False","0",,"False"
"001267-0170","270","","9133 MONETTE RD JACKSONVILLE 32234-",,"32234-",,"2055.68","False","0",,"False"
"055870-0000","11364","","2316 BROADWAY AVE JACKSONVILLE 32209-",,"32209-",,"2056.23","False","0",,"False"
"053360-0000","10902","","1156 W 8TH ST JACKSONVILLE 32209-",,"32209-",,"2056.46","False","0",,"False"
"088042-0000","15285","","401 WOODBINE ST JACKSONVILLE 32206-",,"32206-",,"2057.01","False","0",,"False"
"094914-0000","15811","","5222 SUNDERLAND RD JACKSONVILLE 32210-",,"32210-",,"2057.36","False","0",,"False"
"106237-0000","16944","","555 BIRD RD JACKSONVILLE 32218-",,"32218-",,"2057.51","False","0",,"False"
"051108-0000","10385","","1542 STEELE ST JACKSONVILLE 32209-",,"32209-",,"2058.15","False","0",,"False"
"043638-0000","8725","","2510 WILMONT AVE JACKSONVILLE 32218-",,"32218-",,"2058.19","False","0",,"False"
"049586-0000","10090","","2941 W 1ST ST JACKSONVILLE 32254-",,"32254-",,"2060.29","False","0",,"False"
"116915-0000","18705","","6714 BARKWOOD DR JACKSONVILLE 32277-",,"32277-",,"2061.53","False","0",,"False"
"077603-0000","13740","","986 BAKER AVE JACKSONVILLE 32209-",,"32209-",,"2062.73","False","0",,"False"
"041910-0000","8480","","6729 W GASPAR CIR JACKSONVILLE 32219-",,"32219-",,"2062.89","False","0",,"False"
"044724-0000","8961","","230 E 18TH ST JACKSONVILLE 32206-",,"32206-",,"2063.25","False","0",,"False"
"002835-0200","690","","8155 PAXTON RD JACKSONVILLE 32219-",,"32219-",,"2063.26","False","0",,"False"
"038091-0000","7650","","4948 TALLYHO AVE JACKSONVILLE 32208-",,"32208-",,"2063.77","False","0",,"False"
"013830-1022","2931","","5101 PLAYPEN DR 6-12 JACKSONVILLE 32210-",,"32210-",,"2064.66","False","0",,"False"
"031433-0000","6557","","130 E 43RD ST JACKSONVILLE 32208-",,"32208-",,"2065.19","False","0",,"False"
"087248-0000","15084","","1319 W 26TH ST JACKSONVILLE 32209-",,"32209-",,"2065.25","False","0",,"False"
"033207-0000","6825","","8007 WAKEFIELD AVE JACKSONVILLE 32208-",,"32208-",,"2066.1","False","0",,"False"
"103529-6310","16612","","5664 BRYNER DR JACKSONVILLE 32244-",,"32244-",,"2066.66","False","0",,"False"
"040710-0000","8237","","4937 WEST VIRGINIA AVE JACKSONVILLE 32209-",,"32209-",,"2067.02","False","0",,"False"
"169385-1080","25985","","791 ASSISI LN 606 JACKSONVILLE 32233-",,"32233-",,"2067.14","False","0",,"False"
"010221-0000","2164","","8068 BANVILLE DR JACKSONVILLE 32210-",,"32210-",,"2067.75","False","0",,"False"
"107591-0000","17280","","205 KATHERINE RD JACKSONVILLE 32218-",,"32218-",,"2068.78","False","0",,"False"
"039626-0000","7895","","4609 N LINCREST DR JACKSONVILLE 32208-",,"32208-",,"2068.85","False","0",,"False"
"048585-0020","9907","","2953 W 8TH ST JACKSONVILLE 32254-",,"32254-",,"2069.02","False","0",,"False"
"088244-0000","15330","","3838 NOTTER AVE JACKSONVILLE 32206-",,"32206-",,"2069.2","False","0",,"False"
"063809-0000","12326","","729 JAMES ST JACKSONVILLE 32205-",,"32205-",,"2070.04","False","0",,"False"
"171670-0000","26182","","387 SKATE RD ATLANTIC BEACH 32233-",,"32233-",,"2070.7","False","0",,"False"
"130776-0000","19959","","910 OAKLEY ST JACKSONVILLE 32202-",,"32202-",,"2071.63","False","0",,"False"
"101778-0000","16435","","2830 APACHE AVE JACKSONVILLE 32210-",,"32210-",,"2073.64","False","0",,"False"
"069933-0000","12823","","1628 PARKWOOD ST JACKSONVILLE 32207-",,"32207-",,"2075.2","False","0",,"False"
"167453-5400","25269","","13703 N RICHMOND PARK DR 2201 JACKSONVILLE 32224-",,"32224-",,"2076.62","False","0",,"False"
"044280-6245","8848","","1752 DAYTONA LN JACKSONVILLE 32218-",,"32218-",,"2076.75","False","0",,"False"
"047569-0010","9643","","3551 MECCA ST JACKSONVILLE 32209-",,"32209-",,"2078.01","False","0",,"False"
"044571-0000","8930","","221 E 20TH ST JACKSONVILLE 32206-",,"32206-",,"2080.45","False","0",,"False"
"049522-0000","10079","","1090 HURON ST JACKSONVILLE 32254-",,"32254-",,"2080.69","False","0",,"False"
"025730-0000","5322","","6370 RESTLAWN DR JACKSONVILLE 32208-",,"32208-",,"2080.79","False","0",,"False"
"037460-0000","7517","","8648 MADISON AVE JACKSONVILLE 32208-",,"32208-",,"2082.54","False","0",,"False"
"037922-0000","7611","","4644 ROANOKE BLVD JACKSONVILLE 32208-",,"32208-",,"2082.76","False","0",,"False"
"004264-0590","1117","","11743 SIMMONS RD JACKSONVILLE 32218-",,"32218-",,"2082.92","False","0",,"False"
"112955-0100","18078","","FT CAROLINE RD JACKSONVILLE 32225-",,"32225-",,"2083.08","False","0",,"False"
"023557-0000","5014","","1177 BUNKER HILL BLVD JACKSONVILLE 32208-",,"32208-",,"2083.73","False","0",,"False"
"056964-0000","11559","","3047 EDISON AVE JACKSONVILLE 32254-",,"32254-",,"2084.3","False","0",,"False"
"008024-0000","1871","","7918 LENOX AVE JACKSONVILLE 32221-",,"32221-",,"2085.47","False","0",,"False"
"050011-0000","10160","","1712 DETROIT ST JACKSONVILLE 32254-",,"32254-",,"2086.4","False","0",,"False"
"067976-0000","12643","","1154 DENAUD ST JACKSONVILLE 32205-",,"32205-",,"2087.72","False","0",,"False"
"106781-0010","17110","","1052 FIELDS RD JACKSONVILLE 32218-",,"32218-",,"2088.64","False","0",,"False"
"026391-0000","26979","","5757 SW CARVER CIR JACKSONVILLE 32208-",,"32208-",,"2091.28","False","0",,"False"
"116032-0000","18647","","1555 ELIZABETH ST JACKSONVILLE 32206-",,"32206-",,"2091.84","False","0",,"False"
"031497-0000","6567","","118 E 45TH ST JACKSONVILLE 32208-",,"32208-",,"2094.64","False","0",,"False"
"023789-0000","5047","","8018 PAUL JONES DR JACKSONVILLE 32208-",,"32208-",,"2095.9","False","0",,"False"
"003924-0000","996","","6945 HUNNICUTT LN JACKSONVILLE 32219-",,"32219-",,"2097.69","False","0",,"False"
"048850-0000","9957","","2332 N EDGEWOOD AVE JACKSONVILLE 32254-",,"32254-",,"2097.78","False","0",,"False"
"077537-0000","13726","","850 BAKER AVE JACKSONVILLE 32209-",,"32209-",,"2097.89","False","0",,"False"
"068626-0000","12723","","5347 SAN JUAN AVE JACKSONVILLE 32210-",,"32210-",,"2099.22","False","0",,"False"
"129957-5026","19853","","5201 ATLANTIC BLVD 14 JACKSONVILLE 32207-",,"32207-",,"2100.69","False","0",,"False"
"036838-0000","7401","","8703 7TH AVE JACKSONVILLE 32208-",,"32208-",,"2100.87","False","0",,"False"
"032547-0000","6736","","1154 GLENCARIN ST JACKSONVILLE 32208-",,"32208-",,"2101.5","False","0",,"False"
"035608-0000","7155","","524 W 60TH ST JACKSONVILLE 32208-",,"32208-",,"2102.74","False","0",,"False"
"037998-0000","7629","","8924 DEVONSHIRE BLVD JACKSONVILLE 32208-",,"32208-",,"2102.91","False","0",,"False"
"165266-0545","24643","","2067 E FOREST GATE DR JACKSONVILLE 32246-",,"32246-",,"2103.37","False","0",,"False"
"034916-0000","7067","","39 ANDRESS ST JACKSONVILLE 32208-",,"32208-",,"2103.46","False","0",,"False"
"026766-0000","5516","","1359 AGNES ST JACKSONVILLE 32208-",,"32208-",,"2103.59","False","0",,"False"
"141784-0000","21074","","1459 GRIFLET RD JACKSONVILLE 32211-",,"32211-",,"2103.64","False","0",,"False"
"104441-0000","16706","","5736 W SALERNO RD JACKSONVILLE 32244-",,"32244-",,"2104.87","False","0",,"False"
"033672-0000","6891","","532 E 58TH ST JACKSONVILLE 32208-",,"32208-",,"2105.57","False","0",,"False"
"045410-0000","9085","","1230 W 20TH ST JACKSONVILLE 32209-",,"32209-",,"2106.63","False","0",,"False"
"130472-0000","19920","","2935 REDMOND AVE JACKSONVILLE 32207-",,"32207-",,"2107.02","False","0",,"False"
"037654-0000","7563","","9631 RONNIE ST JACKSONVILLE 32208-",,"32208-",,"2108.44","False","0",,"False"
"042177-0086","8577","","6978 ROBERT F KENNEDY CIR JACKSONVILLE 32209-",,"32209-",,"2108.75","False","0",,"False"
"041272-0000","8336","","",,"32209-",,"2109.22","False","0",,"False"
"016261-0020","3562","","7329 ROE CT JACKSONVILLE 32222-",,"32222-",,"2109.42","False","0",,"False"
"029349-0000","6096","","9143 RIDGE BLVD JACKSONVILLE 32208-",,"32208-",,"2110.81","False","0",,"False"
"014327-3162","3062","","6957 MAGDELENA DR JACKSONVILLE 32210-",,"32210-",,"2111.58","False","0",,"False"
"035056-0000","7090","","321 W 60TH ST JACKSONVILLE 32208-",,"32208-",,"2112.09","False","0",,"False"
"159817-0040","23769","","13395 BONEY RD JACKSONVILLE 32226-",,"32226-",,"2112.87","False","0",,"False"
"012510-0156","2478","","3670 KIRKPATRICK CIR 5-13 JACKSONVILLE 32210-",,"32210-",,"2112.96","False","0",,"False"
"042525-0000","8608","","1657 N LOYOLA DR JACKSONVILLE 32218-",,"32218-",,"2112.97","False","0",,"False"
"134475-0000","20508","","6004 S WATEREDGE DR JACKSONVILLE 32211-",,"32211-",,"2113.81","False","0",,"False"
"020592-1400","4402","","10963 ACORN PARK CT JACKSONVILLE 32218-",,"32218-",,"2114.01","False","0",,"False"
"129957-5594","19874","","5201 ATLANTIC BLVD 298 JACKSONVILLE 32207-",,"32207-",,"2116.36","False","0",,"False"
"035848-0000","7219","","2019 BELVEDERE ST JACKSONVILLE 32208-",,"32208-",,"2116.64","False","0",,"False"
"039660-0000","7900","","4627 CASTLETON DR JACKSONVILLE 32208-",,"32208-",,"2118.13","False","0",,"False"
"095036-0000","15821","","2104 CASSAT AVE JACKSONVILLE 32210-",,"32210-",,"2118.64","False","0",,"False"
"037310-0000","7481","","8958 MADISON AVE JACKSONVILLE 32208-",,"32208-",,"2118.68","False","0",,"False"
"023287-0000","4969","","9140 WESTLAKE CIR JACKSONVILLE 32208-",,"32208-",,"2119.4","False","0",,"False"
"000969-0080","153","","16419 N VILLAGE GREEN DR JACKSONVILLE 32234-",,"32234-",,"2119.7","False","0",,"False"
"148522-5022","21844","","7740 SOUTHSIDE BLVD 202 JACKSONVILLE 32256-",,"32256-",,"2120.34","False","0",,"False"
"049991-0000","10156","","1821 ALFEN ST JACKSONVILLE 32254-",,"32254-",,"2120.61","False","0",,"False"
"105474-0000","16810","","6355 SUNDOWN DR JACKSONVILLE 32244-",,"32244-",,"2121","False","0",,"False"
"110814-0000","17846","","1636 N DUNNS BRANCH DR JACKSONVILLE 32218-",,"32218-",,"2121.69","False","0",,"False"
"148152-1140","21731","","4318 S PLAZA GATE LN 202 JACKSONVILLE 32217-",,"32217-",,"2123.53","False","0",,"False"
"008990-0040","2036","","1593 BLAIR RD JACKSONVILLE 32221-",,"32221-",,"2123.81","False","0",,"False"
"002490-0010","543","","8541 ACREE RD 1 JACKSONVILLE 32219-",,"32219-",,"2126.05","False","0",,"False"
"025008-0000","5230","","6819 RESTLAWN DR JACKSONVILLE 32208-",,"32208-",,"2126.56","False","0",,"False"
"034132-0000","6969","","43 E 59TH ST JACKSONVILLE 32208-",,"32208-",,"2127.6","False","0",,"False"
"122399-0000","19119","","853 A PHILIP RANDOLPH BLVD JACKSONVILLE 32206-",,"32206-",,"2127.73","False","0",,"False"
"113033-6155","18135","","3484 CHARMONT DR JACKSONVILLE 32277-",,"32277-",,"2128.86","False","0",,"False"
"071237-0000","12964","","44 W 6TH ST JACKSONVILLE 32206-",,"32206-",,"2129.07","False","0",,"False"
"047063-0000","9489","","2183 W 15TH ST JACKSONVILLE 32209-",,"32209-",,"2129.34","False","0",,"False"
"147424-0000","21601","","2328 SOUTHERN AVE JACKSONVILLE 32207-",,"32207-",,"2129.43","False","0",,"False"
"041915-0975","8499","","5730 FINCH AVE JACKSONVILLE 32219-",,"32219-",,"2130.55","False","0",,"False"
"073903-0374","13305","","311 W ASHLEY ST 1506 JACKSONVILLE 32202-",,"32202-",,"2130.6","False","0",,"False"
"061894-0000","12187","","612 METEOR ST JACKSONVILLE 32205-",,"32205-",,"2131.39","False","0",,"False"
"013546-0000","2849","","5425 BRANNON AVE JACKSONVILLE 32244-",,"32244-",,"2131.6","False","0",,"False"
"032065-0000","6666","","4734 E MARLBORO CIR JACKSONVILLE 32206-",,"32206-",,"2132.02","False","0",,"False"
"029377-0000","6103","","9150 RIDGE BLVD JACKSONVILLE 32208-",,"32208-",,"2132.53","False","0",,"False"
"084368-0000","27169","","3729 N CANAL ST JACKSONVILLE 32209-",,"32209-",,"2132.6","False","0",,"False"
"019622-0095","4078","","3330 LANNIE RD JACKSONVILLE 32218-",,"32218-",,"2133.83","False","0",,"False"
"169385-2304","25994","","791 ASSISI LN 2303 JACKSONVILLE 32233-",,"32233-",,"2134.45","False","0",,"False"
"076415-0000","13512","","1814 W 2ND ST JACKSONVILLE 32209-",,"32209-",,"2135.36","False","0",,"False"
"048574-0000","9905","","2923 W 9TH ST JACKSONVILLE 32254-",,"32254-",,"2136.65","False","0",,"False"
"057320-0000","11631","","3049 NOLAN ST JACKSONVILLE 32254-",,"32254-",,"2137.19","False","0",,"False"
"108964-0608","17650","","6158 TUSCONY CIR JACKSONVILLE 32277-",,"32277-",,"2138.31","False","0",,"False"
"163652-0000","27296","","S ST JOHNS BLUFF RD JACKSONVILLE 32246-",,"32246-",,"2138.94","False","0",,"False"
"048184-0000","9810","","2390 BEAUMONT ST JACKSONVILLE 32209-",,"32209-",,"2140.15","False","0",,"False"
"005737-0000","1475","","7862 HASTINGS ST JACKSONVILLE 32220-",,"32220-",,"2142.36","False","0",,"False"
"030135-0150","6291","","4215 RIBAULT RIVER LN JACKSONVILLE 32208-",,"32208-",,"2142.57","False","0",,"False"
"027881-0000","5752","","2378 W EDGEWOOD AVE JACKSONVILLE 32209-",,"32209-",,"2142.61","False","0",,"False"
"048186-0010","9813","","2104 DIVISION ST JACKSONVILLE 32209-",,"32209-",,"2144.83","False","0",,"False"
"094080-0000","15759","","4232 APPLETON AVE JACKSONVILLE 32210-",,"32210-",,"2145.62","False","0",,"False"
"107429-0000","17262","","137 NEW BERLIN RD JACKSONVILLE 32218-",,"32218-",,"2146.06","False","0",,"False"
"036214-0000","7290","","8768 6TH AVE JACKSONVILLE 32208-",,"32208-",,"2148.7","False","0",,"False"
"037867-0000","7599","","9267 NORFOLK BLVD JACKSONVILLE 32208-",,"32208-",,"2151.26","False","0",,"False"
"088354-0000","15348","","4129 MONCRIEF RD JACKSONVILLE 32209-",,"32209-",,"2151.63","False","0",,"False"
"058464-0000","11826","","3124 COMMONWEALTH AVE JACKSONVILLE 32254-",,"32254-",,"2152.03","False","0",,"False"
"022962-0000","4926","","943 ASHTON ST JACKSONVILLE 32208-",,"32208-",,"2153.45","False","0",,"False"
"031208-0000","6518","","4230 CARROLL DR JACKSONVILLE 32209-",,"32209-",,"2153.57","False","0",,"False"
"038398-0000","7701","","5217 ARCHERY AVE JACKSONVILLE 32208-",,"32208-",,"2154.39","False","0",,"False"
"085189-0000","14567","","1578 W 31ST ST JACKSONVILLE 32209-",,"32209-",,"2154.55","False","0",,"False"
"019703-0900","4157","","11759 MALLARD LN JACKSONVILLE 32218-",,"32218-",,"2155.87","False","0",,"False"
"037230-0000","7454","","9005 ADAMS AVE JACKSONVILLE 32208-",,"32208-",,"2155.9","False","0",,"False"
"024977-0000","5225","","7924 HELSTON DR JACKSONVILLE 32208-",,"32208-",,"2156.93","False","0",,"False"
"052363-0000","10699","","1610 W 12TH ST JACKSONVILLE 32209-",,"32209-",,"2157.71","False","0",,"False"
"108360-0000","27214","","143 JOEL LEE RD JACKSONVILLE 32218-",,"32218-",,"2157.91","False","0",,"False"
"009133-0000","2069","","8258 HERLONG RD JACKSONVILLE 32210-",,"32210-",,"2158.03","False","0",,"False"
"057625-0000","11694","","2918 BROADWAY AVE JACKSONVILLE 32254-",,"32254-",,"2159.04","False","0",,"False"
"037412-0000","7506","","ADAMS AVE JACKSONVILLE 32208-",,"32208-",,"2159.61","False","0",,"False"
"144816-0000","21314","","ALTON AVE JACKSONVILLE 32211-",,"32211-",,"2160.91","False","0",,"False"
"024232-0000","5101","","1280 ROWE AVE JACKSONVILLE 32208-",,"32208-",,"2161.3","False","0",,"False"
"034228-0000","6989","","45 W 55TH ST JACKSONVILLE 32208-",,"32208-",,"2161.46","False","0",,"False"
"167741-3204","25483","","10961 BURNT MILL RD 1618 JACKSONVILLE 32256-",,"32256-",,"2161.75","False","0",,"False"
"038753-0000","7748","","9526 DEVONSHIRE BLVD JACKSONVILLE 32208-",,"32208-",,"2162.83","True","4472.32","","True"
"031983-0000","6648","","4715 E CASTLEWOOD DR JACKSONVILLE 32206-",,"32206-",,"2163.21","False","0",,"False"
"054252-0000","11132","","1465 GROTHE ST JACKSONVILLE 32209-",,"32209-",,"2164.62","False","0",,"False"
"047945-0160","9750","","3317 23RD ST JACKSONVILLE 32209-",,"32209-",,"2165.38","False","0",,"False"
"106935-0510","17153","","STARRATT RD JACKSONVILLE 32218-",,"32218-",,"2167.71","False","0",,"False"
"155527-0100","22892","","10335 E MCLAURIN RD JACKSONVILLE 32256-",,"32256-",,"2168.25","False","0",,"False"
"045778-0000","9174","","1317 W 20TH ST JACKSONVILLE 32209-",,"32209-",,"2168.26","False","0",,"False"
"121604-0000","19035","","",,"32211-",,"2168.68","False","0",,"False"
"025345-0000","5269","","6926 CORDAY RD JACKSONVILLE 32208-",,"32208-",,"2168.81","False","0",,"False"
"026498-0000","5471","","5787 TEELER AVE JACKSONVILLE 32208-",,"32208-",,"2169.11","False","0",,"False"
"032558-0000","6737","","1244 NORTH SHORE DR JACKSONVILLE 32208-",,"32208-",,"2170.23","False","0",,"False"
"022904-0000","4917","","835 CARROLLTON RD JACKSONVILLE 32208-",,"32208-",,"2171.89","False","0",,"False"
"019621-0040","4068","","17142 BOBCAT HIDEAWAY TRL JACKSONVILLE 32218-",,"32218-",,"2174.79","False","0",,"False"
"044260-0040","8815","","11249 IRMA RD JACKSONVILLE 32218-",,"32218-",,"2175","False","0",,"False"
"036152-0000","7281","","9062 7TH AVE JACKSONVILLE 32208-",,"32208-",,"2176.7","False","0",,"False"
"150313-0000","22258","","7015 CATALONIA AVE JACKSONVILLE 32217-",,"32217-",,"2176.82","False","0",,"False"
"038574-0000","7721","","9276 GREENLEAF RD JACKSONVILLE 32208-",,"32208-",,"2177.68","False","0",,"False"
"037023-0020","7423","","9141 ADAMS AVE JACKSONVILLE 32208-",,"32208-",,"2178.06","False","0",,"False"
"149206-0370","22160","","7701 TIMBERLIN PARK BLVD 934 JACKSONVILLE 32256-",,"32256-",,"2178.6","False","0",,"False"
"044280-9685","8852","","11524 CITRUS COVE CT JACKSONVILLE 32218-",,"32218-",,"2179.24","False","0",,"False"
"125081-0000","19411","","2229 E HOME PARK CIR JACKSONVILLE 32207-",,"32207-",,"2179.4","False","0",,"False"
"040973-0000","8274","","5067 S LINCOLN CIR JACKSONVILLE 32209-",,"32209-",,"2180.6","False","0",,"False"
"036305-0000","7310","","8670 3RD AVE JACKSONVILLE 32208-",,"32208-",,"2181.06","False","0",,"False"
"149016-7070","22045","","3801 CROWN POINT RD 1103 JACKSONVILLE 32257-",,"32257-",,"2181.86","False","0",,"False"
"033191-0000","6819","","8070 WAKEFIELD AVE JACKSONVILLE 32208-",,"32208-",,"2182.5","False","0",,"False"
"162157-1072","24184","","1427 W BLACKHAWK TRL JACKSONVILLE 32225-",,"32225-",,"2183.25","False","0",,"False"
"044831-0450","8970","","2525 N MAIN ST JACKSONVILLE 32206-",,"32206-",,"2183.47","False","0",,"False"
"028042-0000","27004","","5831 BEGONIA RD JACKSONVILLE 32209-",,"32209-",,"2183.55","False","0",,"False"
"163488-0000","24419","","3200 ANNISTON RD JACKSONVILLE 32246-",,"32246-",,"2184","False","0",,"False"
"038089-0000","7649","","5016 TALLYHO AVE JACKSONVILLE 32208-",,"32208-",,"2184.78","False","0",,"False"
"143372-0000","21167","","1439 ALETHA DR JACKSONVILLE 32211-",,"32211-",,"2184.81","False","0",,"False"
"041916-0705","8519","","5349 N TUBMAN DR JACKSONVILLE 32219-",,"32219-",,"2185.06","False","0",,"False"
"111152-0000","17907","","5630 ALTA ST JACKSONVILLE 32208-",,"32208-",,"2185.98","False","0",,"False"
"084368-0000","27170","","3729 N CANAL ST JACKSONVILLE 32209-",,"32209-",,"2186.51","False","0",,"False"
"037829-0000","7597","","4681 FREDERICKSBURG AVE JACKSONVILLE 32208-",,"32208-",,"2188.03","False","0",,"False"
"104822-0000","16755","","4036 BLANDING BLVD JACKSONVILLE 32210-",,"32210-",,"2190.06","False","0",,"False"
"130473-0000","19921","","2927 REDMOND AVE JACKSONVILLE 32207-",,"32207-",,"2190.09","False","0",,"False"
"004018-0600","1031","","7412 SYCAMORE ST JACKSONVILLE 32219-",,"32219-",,"2191.05","False","0",,"False"
"019622-0065","4076","","3324 LANNIE RD JACKSONVILLE 32218-",,"32218-",,"2191.11","False","0",,"False"
"076877-0000","13593","","2025 YULEE ST JACKSONVILLE 32209-",,"32209-",,"2191.72","False","0",,"False"
"083816-0000","14190","","5238 CHENANGO BLVD JACKSONVILLE 32254-",,"32254-",,"2192.37","False","0",,"False"
"032241-0000","6693","","1730 BASSETT RD JACKSONVILLE 32208-",,"32208-",,"2193.73","False","0",,"False"
"163652-0000","24432","","S ST JOHNS BLUFF RD JACKSONVILLE 32246-",,"32246-",,"2195.37","False","0",,"False"
"028042-0000","27003","","5831 BEGONIA RD JACKSONVILLE 32209-",,"32209-",,"2195.59","False","0",,"False"
"033549-0000","6877","","717 E 56TH ST JACKSONVILLE 32208-",,"32208-",,"2196.38","False","0",,"False"
"070939-0010","12929","","115 E 3RD ST JACKSONVILLE 32206-",,"32206-",,"2196.4","False","0",,"False"
"093834-0000","15747","","4315 PALMER AVE JACKSONVILLE 32210-",,"32210-",,"2196.68","False","0",,"False"
"034903-0000","7062","","39 W 58TH ST JACKSONVILLE 32208-",,"32208-",,"2196.76","False","0",,"False"
"130814-0000","19965","","754 SPEARING ST JACKSONVILLE 32202-",,"32202-",,"2197.48","False","0",,"False"
"042076-0000","8559","","5208 W MONCRIEF RD JACKSONVILLE 32209-",,"32209-",,"2198.03","False","0",,"False"
"039612-0000","7891","","8563 DARLINGTON DR JACKSONVILLE 32208-",,"32208-",,"2199","False","0",,"False"
"040697-0000","8235","","7127 W RHODE ISLAND DR JACKSONVILLE 32209-",,"32209-",,"2199.16","False","0",,"False"
"013165-0010","2695","","4530 LAMBING RD JACKSONVILLE 32210-",,"32210-",,"2199.24","False","0",,"False"
"024230-0000","5100","","7506 LUEDERS AVE JACKSONVILLE 32208-",,"32208-",,"2200.36","False","0",,"False"
"051833-0000","10566","","1999 W 4TH ST JACKSONVILLE 32209-",,"32209-",,"2200.73","False","0",,"False"
"032045-0000","6660","","4652 NELMAR PL JACKSONVILLE 32206-",,"32206-",,"2200.79","False","0",,"False"
"019690-0155","4123","","13139 COLE CT JACKSONVILLE 32218-",,"32218-",,"2201.24","False","0",,"False"
"015994-0020","3447","","7569 PARK CITY DR JACKSONVILLE 32244-",,"32244-",,"2201.32","False","0",,"False"
"027557-0000","5666","","140 W 42ND ST JACKSONVILLE 32208-",,"32208-",,"2202.68","False","0",,"False"
"026319-0000","5420","","1800 ROWE AVE JACKSONVILLE 32208-",,"32208-",,"2203.1","False","0",,"False"
"015371-0030","3237","","6220 CONNIE JEAN RD JACKSONVILLE 32222-",,"32222-",,"2203.64","False","0",,"False"
"103529-6580","16622","","5864 LISKA DR JACKSONVILLE 32244-",,"32244-",,"2205.57","False","0",,"False"
"104274-0000","16698","","6341 W PENNANT DR JACKSONVILLE 32244-",,"32244-",,"2206.73","False","0",,"False"
"084053-0010","14254","","3636 OLD KINGS RD JACKSONVILLE 32254-",,"32254-",,"2207.1","False","0",,"False"
"020282-0230","4340","","10710 MEADOWLEA DR JACKSONVILLE 32218-",,"32218-",,"2207.15","False","0",,"False"
"010105-0000","2158","","2002 FOURAKER RD JACKSONVILLE 32210-",,"32210-",,"2209.25","False","0",,"False"
"063504-0000","12290","","3158 ROSSELLE ST JACKSONVILLE 32205-",,"32205-",,"2209.25","False","0",,"False"
"158136-2012","23389","","MARBON RD JACKSONVILLE 32223-",,"32223-",,"2209.59","False","0",,"False"
"026444-0010","5452","","1987 ROWE AVE JACKSONVILLE 32208-",,"32208-",,"2210.02","False","0",,"False"
"028624-0000","5928","","5724 LIPPIA CT JACKSONVILLE 32209-",,"32209-",,"2211.37","False","0",,"False"
"000971-4095","176","","16584 WARING BLVD JACKSONVILLE 32234-",,"32234-",,"2212.52","False","0",,"False"
"038902-0000","7774","","9613 EVESHAM RD JACKSONVILLE 32208-",,"32208-",,"2212.59","False","0",,"False"
"161385-0000","24094","","1569 E HOLLY OAKS LAKE RD JACKSONVILLE 32225-",,"32225-",,"2214.14","False","0",,"False"
"036223-0000","7294","","8776 5TH AVE JACKSONVILLE 32208-",,"32208-",,"2215.53","False","0",,"False"
"071025-0000","12935","","MAIN ST JACKSONVILLE 32206-",,"32206-",,"2215.7","False","0",,"False"
"071612-0000","13009","","1734 LAURA ST JACKSONVILLE 32206-",,"32206-",,"2215.98","False","0",,"False"
"038426-0000","7706","","9022 CASTLE BLVD JACKSONVILLE 32208-",,"32208-",,"2216.17","False","0",,"False"
"162883-0153","24316","","367 GREENCASTLE RD 76 JACKSONVILLE 32225-",,"32225-",,"2217.01","False","0",,"False"
"044281-0374","8861","","11531 CRICKET CT JACKSONVILLE 32218-",,"32218-",,"2217.51","False","0",,"False"
"036064-0000","7268","","9048 LEM TURNER RD JACKSONVILLE 32208-",,"32208-",,"2217.75","False","0",,"False"
"036011-0000","7259","","9166 3RD AVE JACKSONVILLE 32208-",,"32208-",,"2218.42","False","0",,"False"
"059434-0000","11996","","970 DOUGLAS CIR JACKSONVILLE 32254-",,"32254-",,"2218.95","False","0",,"False"
"060096-0000","12059","","5420 LOIS AVE JACKSONVILLE 32205-",,"32205-",,"2222.25","False","0",,"False"
"021035-0000","4478","","2791 BROWARD RD JACKSONVILLE 32218-",,"32218-",,"2222.51","False","0",,"False"
"094871-0000","15805","","5218 COLONIAL AVE JACKSONVILLE 32210-",,"32210-",,"2222.55","False","0",,"False"
"143844-0000","21213","","329 CENTURY ST JACKSONVILLE 32211-",,"32211-",,"2222.89","False","0",,"False"
"020688-0010","4415","","24 CLARK RD JACKSONVILLE 32218-",,"32218-",,"2223","False","0",,"False"
"141583-0000","21058","","6848 S BRANDEMERE RD JACKSONVILLE 32211-",,"32211-",,"2223.87","False","0",,"False"
"041225-0000","8330","","6808 E HOMER RD JACKSONVILLE 32209-",,"32209-",,"2224.91","False","0",,"False"
"037033-0000","7425","","1807 CLYDE ST JACKSONVILLE 32208-",,"32208-",,"2225.01","False","0",,"False"
"086541-0000","14892","","3811 PERRY ST JACKSONVILLE 32206-",,"32206-",,"2225.81","False","0",,"False"
"016258-0000","3559","","TAYLOR FIELD RD JACKSONVILLE 32222-",,"32222-",,"2225.94","False","0",,"False"
"027028-0000","5578","","7634 ORIOLE ST JACKSONVILLE 32208-",,"32208-",,"2225.99","False","0",,"False"
"070307-0000","12865","","3821 ROBSON ST JACKSONVILLE 32207-",,"32207-",,"2226.21","False","0",,"False"
"157968-0000","23362","","12832 OLD ST AUGUSTINE RD JACKSONVILLE 32258-2237",,"32258-2237",,"2228.67","False","0",,"False"
"112979-0000","18082","","FT CAROLINE RD JACKSONVILLE 32225-",,"32225-",,"2229.87","False","0",,"False"
"086216-0000","14811","","2199 BENEDICT RD JACKSONVILLE 32209-",,"32209-",,"2230.87","False","0",,"False"
"148106-0775","21718","","4915 BAYMEADOWS RD 8B JACKSONVILLE 32217-",,"32217-",,"2231.08","False","0",,"False"
"036725-0000","7386","","2319 BROOM ST JACKSONVILLE 32208-",,"32208-",,"2231.4","False","0",,"False"
"039698-0000","7916","","8522 OAK LEAF RD JACKSONVILLE 32208-",,"32208-",,"2231.83","False","0",,"False"
"025010-0000","5232","","6831 RESTLAWN DR JACKSONVILLE 32208-",,"32208-",,"2232.41","False","0",,"False"
"001142-0400","228","","S US 301 HWY JACKSONVILLE 32234-",,"32234-",,"2232.57","False","0",,"False"
"020688-0000","4414","","8 CLARK RD JACKSONVILLE 32218-",,"32218-",,"2232.61","False","0",,"False"
"031508-0000","6569","","258 E 45TH ST JACKSONVILLE 32208-",,"32208-",,"2233.73","False","0",,"False"
"120609-2476","18939","","7920 MERRILL RD 1014 JACKSONVILLE 32277-",,"32277-",,"2235.92","False","0",,"False"
"059082-0000","11936","","3536 ROCKWOOD DR JACKSONVILLE 32254-",,"32254-",,"2237.12","False","0",,"False"
"050026-0000","10161","","3058 W 9TH ST JACKSONVILLE 32254-",,"32254-",,"2238.02","False","0",,"False"
"024586-0000","5182","","1637 CHATHAM RD JACKSONVILLE 32208-",,"32208-",,"2238.35","True","6909.28","","True"
"008897-8320","1981","","1219 W SUMMIT OAKS DR JACKSONVILLE 32221-",,"32221-",,"2238.83","False","0",,"False"
"045480-0000","9098","","2811 N DAVIS ST JACKSONVILLE 32209-",,"32209-",,"2239.58","False","0",,"False"
"128551-0000","19772","","5532 WINDERMERE DR JACKSONVILLE 32211-",,"32211-",,"2240.7","False","0",,"False"
"160819-0120","23937","","HIDDEN MARSH CT JACKSONVILLE 32226-",,"32226-",,"2243.13","False","0",,"False"
"038019-0000","7636","","5078 FREDERICKSBURG AVE JACKSONVILLE 32208-",,"32208-",,"2243.16","False","0",,"False"
"041109-0000","8304","","4149 LOCKHART DR JACKSONVILLE 32209-",,"32209-",,"2243.38","False","0",,"False"
"095391-0000","15840","","3115 LAKE SHORE BLVD JACKSONVILLE 32210-",,"32210-",,"2244.26","False","0",,"False"
"039741-0000","7926","","4313 HARBOR VIEW DR JACKSONVILLE 32208-",,"32208-",,"2244.54","False","0",,"False"
"046448-0000","9355","","1517 W 14TH ST JACKSONVILLE 32209-",,"32209-",,"2244.57","False","0",,"False"
"026593-0000","5487","","1208 IDA ST JACKSONVILLE 32208-",,"32208-",,"2244.65","False","0",,"False"
"066623-0000","12520","","5015 ALPHA AVE JACKSONVILLE 32205-",,"32205-",,"2245.04","False","0",,"False"
"023082-0000","4942","","3344 SOUTEL DR JACKSONVILLE 32208-",,"32208-",,"2246.25","False","0",,"False"
"158927-1066","23571","","3737 LORETTO RD 402 JACKSONVILLE 32223-",,"32223-",,"2246.38","False","0",,"False"
"148152-1266","21736","","4335 S PLAZA GATE LN 201 JACKSONVILLE 32217-",,"32217-",,"2246.94","False","0",,"False"
"168465-0000","25909","","1114 NANTUCKET AVE JACKSONVILLE 32233-",,"32233-",,"2247.67","False","0",,"False"
"039724-0000","7922","","8540 HOWELL DR JACKSONVILLE 32208-",,"32208-",,"2247.82","False","0",,"False"
"086140-0000","14787","","2158 WILBERFORCE RD JACKSONVILLE 32209-",,"32209-",,"2248.2","False","0",,"False"
"011328-0000","2273","","6725 ARQUES RD JACKSONVILLE 32205-",,"32205-",,"2248.83","False","0",,"False"
"120609-2476","27252","","7920 MERRILL RD 1014 JACKSONVILLE 32277-",,"32277-",,"2249.18","False","0",,"False"
"137922-0000","20823","","2547 STEIN ST JACKSONVILLE 32216-",,"32216-",,"2250.87","False","0",,"False"
"065402-0000","12432","","4603 TUNIS ST JACKSONVILLE 32205-",,"32205-",,"2251.71","False","0",,"False"
"030290-0006","6309","","5911 N JOHN F KENNEDY DR JACKSONVILLE 32219-",,"32219-",,"2252.52","False","0",,"False"
"160265-0000","23831","","HARBOUR NORTH CT JACKSONVILLE 32225-",,"32225-",,"2252.62","False","0",,"False"
"072053-0000","13072","","1929 PERRY ST JACKSONVILLE 32206-",,"32206-",,"2253.69","False","0",,"False"
"037404-0010","7504","","8790 JEFFERSON AVE JACKSONVILLE 32208-",,"32208-",,"2254.77","False","0",,"False"
"028042-0000","27005","","5831 BEGONIA RD JACKSONVILLE 32209-",,"32209-",,"2254.81","False","0",,"False"
"087823-0000","15222","","4544 PEARL ST JACKSONVILLE 32206-",,"32206-",,"2254.88","False","0",,"False"
"061023-0000","12130","","3259 DELLWOOD AVE JACKSONVILLE 32205-",,"32205-",,"2255.8","False","0",,"False"
"005333-0000","1398","","347 BEVERLY LN JACKSONVILLE 32254-",,"32254-",,"2256.23","False","0",,"False"
"042177-0084","8576","","6974 ROBERT F KENNEDY CIR JACKSONVILLE 32209-",,"32209-",,"2256.34","False","0",,"False"
"091940-0010","15659","","DANCY ST JACKSONVILLE 32205-",,"32205-",,"2257.81","False","0",,"False"
"038359-0000","7691","","9427 SPOTTSWOOD RD JACKSONVILLE 32208-",,"32208-",,"2258.95","False","0",,"False"
"013351-0015","2816","","8338 SUSIE ST B JACKSONVILLE 32210-",,"32210-",,"2259.33","False","0",,"False"
"167316-4310","25201","","13146 N ANNANDALE DR JACKSONVILLE 32225-",,"32225-",,"2259.8","False","0",,"False"
"024949-0000","5220","","2260 FOREST HILLS RD JACKSONVILLE 32208-",,"32208-",,"2260.61","False","0",,"False"
"128733-0000","19783","","1814 N UNIVERSITY BLVD JACKSONVILLE 32211-",,"32211-",,"2261.73","False","0",,"False"
"088364-0000","15354","","4019 MONCRIEF RD JACKSONVILLE 32209-",,"32209-",,"2263.19","False","0",,"False"
"030290-0050","6316","","5933 CHARLES D EVERS DR JACKSONVILLE 32219-",,"32219-",,"2263.83","False","0",,"False"
"033163-0000","6817","","262 W 66TH ST JACKSONVILLE 32208-",,"32208-",,"2263.92","False","0",,"False"
"009724-0000","2129","","7921 LORIENT DR JACKSONVILLE 32210-",,"32210-",,"2264.32","False","0",,"False"
"053426-0000","10911","","2036 W DURKEE DR JACKSONVILLE 32209-",,"32209-",,"2264.78","False","0",,"False"
"165288-5020","27301","","11506 DELEGATE CT JACKSONVILLE 32246-",,"32246-",,"2265.86","False","0",,"False"
"087211-0000","15073","","1843 W 24TH ST JACKSONVILLE 32209-",,"32209-",,"2265.9","False","0",,"False"
"098338-0050","16125","","5726 HURDIA RD JACKSONVILLE 32244-",,"32244-",,"2267.66","False","0",,"False"
"063027-0000","12253","","2856 GILMORE ST JACKSONVILLE 32205-",,"32205-",,"2268.12","False","0",,"False"
"020507-0000","4387","","2839 MYRTIS RD JACKSONVILLE 32218-",,"32218-",,"2268.49","False","0",,"False"
"025776-0000","5337","","2811 AUBREY AVE JACKSONVILLE 32208-",,"32208-",,"2269.38","False","0",,"False"
"003475-0000","887","","6859 OLD KINGS RD JACKSONVILLE 32219-",,"32219-",,"2272.35","False","0",,"False"
"059389-0100","11989","","475 S ELLIS RD JACKSONVILLE 32254-",,"32254-",,"2273.79","False","0",,"False"
"045967-0000","9225","","1597 W 19TH ST JACKSONVILLE 32209-",,"32209-",,"2274.53","False","0",,"False"
"002893-1000","731","","7563 JONES RD JACKSONVILLE 32219-",,"32219-",,"2275.44","False","0",,"False"
"168936-0000","25953","","2983 MAYPORT RD JACKSONVILLE 32233-",,"32233-",,"2275.78","False","0",,"False"
"018470-0000","3893","","2402 S LANE AVE JACKSONVILLE 32210-",,"32210-",,"2276.49","False","0",,"False"
"004264-0900","1122","","11630 SIMMONS RD JACKSONVILLE 32218-",,"32218-",,"2276.51","False","0",,"False"
"042006-0000","8541","","6223 WOODLAWN CT JACKSONVILLE 32209-",,"32209-",,"2277.52","False","0",,"False"
"154039-8650","22595","","3857 MISSION DR 7 JACKSONVILLE 32217-",,"32217-",,"2279.6","False","0",,"False"
"004398-0000","1177","","3159 N LANE AVE JACKSONVILLE 32254-",,"32254-",,"2280.98","False","0",,"False"
"095562-0000","15866","","5007 E DIAN WOOD DR JACKSONVILLE 32210-",,"32210-",,"2280.99","False","0",,"False"
"038115-0000","7652","","5033 PRINCELY AVE JACKSONVILLE 32208-",,"32208-",,"2281.38","False","0",,"False"
"043535-0000","8717","","2417 QUAIL AVE JACKSONVILLE 32218-",,"32218-",,"2281.4","False","0",,"False"
"109463-0000","17702","","11269 N MAIN ST JACKSONVILLE 32218-",,"32218-",,"2281.44","False","0",,"False"
"022279-0000","4776","","NEW KINGS RD JACKSONVILLE 32219-",,"32219-",,"2283.52","False","0",,"False"
"120609-2476","27251","","7920 MERRILL RD 1014 JACKSONVILLE 32277-",,"32277-",,"2283.58","False","0",,"False"
"055852-0000","11359","","2305 W BEAVER ST JACKSONVILLE 32209-",,"32209-",,"2283.85","False","0",,"False"
"038009-0000","7633","","8959 CASTLE BLVD JACKSONVILLE 32208-",,"32208-",,"2284.52","False","0",,"False"
"114416-0000","18335","","1312 FRANKLIN ST JACKSONVILLE 32206-",,"32206-",,"2284.64","False","0",,"False"
"030290-0010","6310","","5929 N JOHN F KENNEDY DR JACKSONVILLE 32219-",,"32219-",,"2285.87","False","0",,"False"
"020282-2995","4349","","10585 MAIDSTONE COVE DR JACKSONVILLE 32218-",,"32218-",,"2286.24","False","0",,"False"
"010773-0000","2234","","957 GRANVILLE RD JACKSONVILLE 32205-",,"32205-",,"2287.14","False","0",,"False"
"072406-0000","13114","","1533 N LIBERTY ST JACKSONVILLE 32206-",,"32206-",,"2287.51","False","0",,"False"
"031001-0000","6483","","5714 POITIER DR JACKSONVILLE 32209-",,"32209-",,"2287.84","False","0",,"False"
"059409-0000","11993","","5525 HARROLD AVE JACKSONVILLE 32254-",,"32254-",,"2288.49","False","0",,"False"
"004640-0010","1235","","9675 COMMONWEALTH AVE JACKSONVILLE 32220-",,"32220-",,"2288.8","False","0",,"False"
"106700-0000","17086","","12595 PULASKI RD JACKSONVILLE 32218-",,"32218-",,"2288.81","False","0",,"False"
"160575-0000","23869","","4408 BLUFF AVE JACKSONVILLE 32225-",,"32225-",,"2288.9","False","0",,"False"
"029676-0000","6179","","9545 LEM TURNER RD JACKSONVILLE 32208-",,"32208-",,"2289.4","False","0",,"False"
"035029-0000","7088","","275 W 62ND ST JACKSONVILLE 32208-",,"32208-",,"2289.89","False","0",,"False"
"114853-0000","18438","","1512 EVERGREEN AVE JACKSONVILLE 32206-",,"32206-",,"2290.04","False","0",,"False"
"103740-0000","16643","","5230 ORTEGA FARMS BLVD JACKSONVILLE 32210-",,"32210-",,"2290.12","False","0",,"False"
"024672-0000","5193","","8117 MERIVALE RD JACKSONVILLE 32208-",,"32208-",,"2290.45","False","0",,"False"
"167749-0230","25557","","9831 DEL WEBB PKWY 4208 JACKSONVILLE 32256-",,"32256-",,"2291.43","False","0",,"False"
"025524-0000","5289","","6726 CAVALIER RD JACKSONVILLE 32208-",,"32208-",,"2292.93","False","0",,"False"
"066732-0000","12536","","6011 MARSHA DR JACKSONVILLE 32205-",,"32205-",,"2293.01","False","0",,"False"
"084207-0000","14281","","1985 W 30TH ST JACKSONVILLE 32209-",,"32209-",,"2293.69","False","0",,"False"
"136812-0010","20729","","2009 ART MUSEUM DR JACKSONVILLE 32207-",,"32207-",,"2294.39","False","0",,"False"
"038709-0000","7740","","5404 ROANOKE BLVD JACKSONVILLE 32208-",,"32208-",,"2294.46","False","0",,"False"
"039457-0000","7872","","4811 EVANSTON RD JACKSONVILLE 32208-",,"32208-",,"2294.46","False","0",,"False"
"154039-8084","22567","","6655 BELL TOWER CT 4 JACKSONVILLE 32217-",,"32217-",,"2296.37","False","0",,"False"
"070490-0000","12897","","816 N BROAD ST JACKSONVILLE 32202-",,"32202-",,"2298.53","False","0",,"False"
"131555-0000","20011","","1803 E 25TH ST JACKSONVILLE 32206-",,"32206-",,"2299.75","False","0",,"False"
"059640-0065","12025","","5673 NORMANDY BLVD JACKSONVILLE 32205-",,"32205-",,"2300.1","False","0",,"False"
"028042-0000","27006","","5831 BEGONIA RD JACKSONVILLE 32209-",,"32209-",,"2303.6","False","0",,"False"
"022356-0000","4799","","6050 W MONCRIEF RD JACKSONVILLE 32219-",,"32219-",,"2303.7","False","0",,"False"
"072922-0100","13189","","1051 WALNUT ST JACKSONVILLE 32206-",,"32206-",,"2303.99","False","0",,"False"
"136163-1562","20657","","8601 BEACH BLVD 112 JACKSONVILLE 32216-",,"32216-",,"2304.51","False","0",,"False"
"041535-0000","8406","","7462 RICHARDSON RD JACKSONVILLE 32209-",,"32209-",,"2304.93","False","0",,"False"
"145267-0000","21415","","7216 SILVER LAKE TER JACKSONVILLE 32216-",,"32216-",,"2305.4","False","0",,"False"
"024465-0000","5160","","8139 WHITE PLAINS RD JACKSONVILLE 32208-",,"32208-",,"2306.2","False","0",,"False"
"058277-0000","11787","","3330 COLUMBUS AVE JACKSONVILLE 32254-",,"32254-",,"2307.21","False","0",,"False"
"126654-0000","19551","","2048 CALJON RD JACKSONVILLE 32207-",,"32207-",,"2309.66","False","0",,"False"
"031164-0000","6513","","6186 BASSANOVA CT JACKSONVILLE 32209-",,"32209-",,"2310.57","False","0",,"False"
"019186-0000","3957","","2319 EUDINE DR JACKSONVILLE 32210-",,"32210-",,"2311.42","False","0",,"False"
"099134-1016","16260","","8337 PINEVERDE LN JACKSONVILLE 32244-",,"32244-",,"2311.56","False","0",,"False"
"083882-0000","14208","","5136 OLD KINGS RD JACKSONVILLE 32254-",,"32254-",,"2312.3","False","0",,"False"
"039563-0000","7884","","8619 DARLINGTON DR JACKSONVILLE 32208-",,"32208-",,"2312.7","False","0",,"False"
"037688-0000","7571","","9534 RIDGE BLVD JACKSONVILLE 32208-",,"32208-",,"2316.2","False","0",,"False"
"004806-0000","1289","","1709 BULLS BAY HWY JACKSONVILLE 32220-",,"32220-",,"2318.96","False","0",,"False"
"086024-0000","14768","","5518 SPELMAN RD JACKSONVILLE 32209-",,"32209-",,"2319.4","False","0",,"False"
"127874-0000","19709","","4541 FULTON AVE JACKSONVILLE 32207-",,"32207-",,"2320.72","False","0",,"False"
"129276-0000","19806","","1114 LAS ROBIDA DR JACKSONVILLE 32211-",,"32211-",,"2321.16","False","0",,"False"
"164497-0000","24538","","1725 CORTEZ RD JACKSONVILLE 32246-",,"32246-",,"2322.05","False","0",,"False"
"035056-0000","27033","","321 W 60TH ST JACKSONVILLE 32208-",,"32208-",,"2322.45","False","0",,"False"
"158093-7550","23377","","12334 S STOCKBRIDGE CT JACKSONVILLE 32258-",,"32258-",,"2323","False","0",,"False"
"098338-0000","16124","","5704 HURDIA RD JACKSONVILLE 32244-",,"32244-",,"2326.69","False","0",,"False"
"163652-0000","27297","","S ST JOHNS BLUFF RD JACKSONVILLE 32246-",,"32246-",,"2327.49","False","0",,"False"
"167453-5210","25266","","13700 N RICHMOND PARK DR 1201 JACKSONVILLE 32224-",,"32224-",,"2327.79","False","0",,"False"
"010733-0000","2228","","858 GRANVILLE RD JACKSONVILLE 32205-",,"32205-",,"2328.13","False","0",,"False"
"073641-0010","13274","","416 E CHURCH ST JACKSONVILLE 32202-",,"32202-",,"2329.14","False","0",,"False"
"028493-0000","5897","","2426 LANTANA AVE JACKSONVILLE 32209-",,"32209-",,"2329.3","False","0",,"False"
"045194-0000","9023","","524 W 17TH ST JACKSONVILLE 32206-",,"32206-",,"2329.52","False","0",,"False"
"104227-0000","16693","","6247 COMMODORE DR JACKSONVILLE 32244-",,"32244-",,"2329.54","False","0",,"False"
"106150-0990","16913","","1660 JAKE RD JACKSONVILLE 32226-",,"32226-",,"2329.74","False","0",,"False"
"133597-0000","20416","","107 W 27TH ST JACKSONVILLE 32206-",,"32206-",,"2330.46","False","0",,"False"
"000771-0000","108","","280 W U S 90 BALDWIN 32234-",,"32234-",,"2330.8","False","0",,"False"
"144493-0000","21274","","8204 DANDY AVE JACKSONVILLE 32211-",,"32211-",,"2332.06","False","0",,"False"
"068570-0000","12719","","5335 LEXINGTON AVE JACKSONVILLE 32210-",,"32210-",,"2332.16","False","0",,"False"
"164000-0000","24470","","2435 CORTEZ RD JACKSONVILLE 32246-",,"32246-",,"2332.76","False","0",,"False"
"037157-0000","7439","","9034 HARRISON AVE JACKSONVILLE 32208-",,"32208-",,"2333.63","False","0",,"False"
"160449-0000","23865","","4504 CHARLES BENNETT DR JACKSONVILLE 32225-",,"32225-",,"2333.94","False","0",,"False"
"037594-0000","7552","","4715 TROUT RIVER BLVD JACKSONVILLE 32208-",,"32208-",,"2335.18","False","0",,"False"
"087246-0000","15082","","3604 MONCRIEF RD JACKSONVILLE 32209-",,"32209-",,"2336.27","False","0",,"False"
"030290-0056","6318","","5955 CHARLES D EVERS DR JACKSONVILLE 32219-",,"32219-",,"2336.63","False","0",,"False"
"003663-0000","925","","6218 BLUEBIRD RD JACKSONVILLE 32219-",,"32219-",,"2336.93","False","0",,"False"
"028387-0000","5868","","6403 LOBELIA ST JACKSONVILLE 32209-",,"32209-",,"2337.34","False","0",,"False"
"060771-0000","12102","","4838 ROSSELLE ST JACKSONVILLE 32254-",,"32254-",,"2337.95","False","0",,"False"
"004808-0005","1292","","1038 BULLS BAY HWY JACKSONVILLE 32220-",,"32220-",,"2339.01","False","0",,"False"
"039173-0000","7807","","4905 ARROWSMITH RD JACKSONVILLE 32208-",,"32208-",,"2339.16","False","0",,"False"
"103501-0040","16584","","6525 DOR MIL CT JACKSONVILLE 32244-",,"32244-",,"2339.4","False","0",,"False"
"067947-0000","12636","","1169 LAKE SHORE BLVD JACKSONVILLE 32205-",,"32205-",,"2340.13","False","0",,"False"
"086314-0000","14833","","2252 W 45TH ST JACKSONVILLE 32209-",,"32209-",,"2340.22","False","0",,"False"
"110314-0000","17777","","11475 EMUNESS RD JACKSONVILLE 32218-",,"32218-",,"2340.27","False","0",,"False"
"025646-0000","5309","","2653 SANDRA LN JACKSONVILLE 32208-",,"32208-",,"2340.36","False","0",,"False"
"136240-0545","20671","","442 CRANES LANDING CT JACKSONVILLE 32216-",,"32216-",,"2340.71","False","0",,"False"
"053353-0000","10898","","1801 MYRTLE AVE JACKSONVILLE 32209-",,"32209-",,"2341.53","False","0",,"False"
"005827-0010","1494","","7824 PASCHAL ST JACKSONVILLE 32220-",,"32220-",,"2342.15","False","0",,"False"
"014233-0000","3027","","7249 KIVLER DR JACKSONVILLE 32210-",,"32210-",,"2342.65","False","0",,"False"
"149206-0220","22156","","7701 TIMBERLIN PARK BLVD 625 JACKSONVILLE 32256-",,"32256-",,"2342.72","False","0",,"False"
"018577-0000","3908","","6965 GOLDILOCKS LN JACKSONVILLE 32210-",,"32210-",,"2342.86","False","0",,"False"
"037161-0000","7440","","9021 VAN BUREN AVE JACKSONVILLE 32208-",,"32208-",,"2342.94","False","0",,"False"
"043560-0000","8720","","2475 DRAKE AVE JACKSONVILLE 32218-",,"32218-",,"2343.4","False","0",,"False"
"038219-0000","7665","","5041 FREDERICKSBURG AVE JACKSONVILLE 32208-",,"32208-",,"2343.93","False","0",,"False"
"023498-0000","5010","","1141 BRANDYWINE ST JACKSONVILLE 32208-",,"32208-",,"2344.04","False","0",,"False"
"099134-3600","16293","","8758 PINEVALLEY LN JACKSONVILLE 32244-",,"32244-",,"2345.09","False","0",,"False"
"133426-0000","20387","","15 E 25TH ST JACKSONVILLE 32206-",,"32206-",,"2346.03","False","0",,"False"
"038613-0000","7725","","5045 DONCASTER AVE JACKSONVILLE 32208-",,"32208-",,"2347.52","False","0",,"False"
"039376-0000","7833","","4632 N ABERDARE AVE JACKSONVILLE 32208-",,"32208-",,"2348.37","False","0",,"False"
"071525-0000","12992","","1610 PERRY ST JACKSONVILLE 32206-",,"32206-",,"2348.53","False","0",,"False"
"007442-0010","1827","","HENDERSON RD JACKSONVILLE 32254-",,"32254-",,"2349.31","False","0",,"False"
"154260-0100","22685","","7697 BRIDGES ST JACKSONVILLE 32216-",,"32216-",,"2349.8","False","0",,"False"
"059566-0000","12009","","5108 ABEL LN JACKSONVILLE 32254-",,"32254-",,"2350.96","False","0",,"False"
"038512-0000","7714","","5237 FREDERICKSBURG AVE JACKSONVILLE 32208-",,"32208-",,"2351.06","False","0",,"False"
"023411-0000","4993","","1161 BUNKER HILL BLVD JACKSONVILLE 32208-",,"32208-",,"2353.44","False","0",,"False"
"001702-0120","378","","13413 SELLERS LN JACKSONVILLE 32220-",,"32220-",,"2354.01","False","0",,"False"
"027411-0000","5646","","135 W 45TH ST JACKSONVILLE 32208-",,"32208-",,"2355","False","0",,"False"
"031015-0000","6486","","3257 BREVE DR JACKSONVILLE 32209-",,"32209-",,"2355.08","False","0",,"False"
"106781-0010","27210","","1052 FIELDS RD JACKSONVILLE 32218-",,"32218-",,"2355.97","False","0",,"False"
"127101-0000","19630","","3547 RING LN JACKSONVILLE 32207-",,"32207-",,"2357.66","False","0",,"False"
"128616-0000","19777","","5429 NORTH RIVER RD JACKSONVILLE 32211-",,"32211-",,"2359.65","False","0",,"False"
"058652-0000","11860","","481 RYAN AVE JACKSONVILLE 32254-",,"32254-",,"2359.76","False","0",,"False"
"127107-0020","19632","","3667 SPRING PARK RD JACKSONVILLE 32207-",,"32207-",,"2361.34","False","0",,"False"
"039377-0000","7834","","4640 N ABERDARE AVE JACKSONVILLE 32208-",,"32208-",,"2362.67","False","0",,"False"
"020282-0318","4342","","10736 W MEADOWLEA CIR JACKSONVILLE 32218-",,"32218-",,"2364.2","False","0",,"False"
"033172-0000","6818","","7540 PEARL ST JACKSONVILLE 32208-",,"32208-",,"2365.14","False","0",,"False"
"038945-0000","7781","","9504 LITTLE JOHN RD JACKSONVILLE 32208-",,"32208-",,"2366.55","False","0",,"False"
"120609-2062","18927","","7920 MERRILL RD 207 JACKSONVILLE 32277-",,"32277-",,"2366.61","False","0",,"False"
"036063-0000","7267","","9070 LEM TURNER RD JACKSONVILLE 32208-",,"32208-",,"2367.29","False","0",,"False"
"076805-0000","13570","","2034 YULEE ST JACKSONVILLE 32209-",,"32209-",,"2367.4","False","0",,"False"
"014382-0000","3073","","6938 COMO RD JACKSONVILLE 32210-",,"32210-",,"2367.48","False","0",,"False"
"118339-0000","18797","","2618 N ECTOR RD JACKSONVILLE 32211-",,"32211-",,"2367.77","False","0",,"False"
"076255-0000","13481","","1550 W 2ND ST JACKSONVILLE 32209-",,"32209-",,"2368.05","False","0",,"False"
"030290-0332","6338","","7478 W JOHN F KENNEDY DR JACKSONVILLE 32219-",,"32219-",,"2370.07","False","0",,"False"
"010359-0000","2172","","7932 N GUERAD DR JACKSONVILLE 32210-",,"32210-",,"2371.18","False","0",,"False"
"060937-0000","12123","","700 DAY AVE JACKSONVILLE 32205-",,"32205-",,"2371.85","False","0",,"False"
"076580-0010","13549","","1268 W CHURCH ST JACKSONVILLE 32204-",,"32204-",,"2372","False","0",,"False"
"043876-0000","8743","","10725 LEORA DR JACKSONVILLE 32218-",,"32218-",,"2372.39","False","0",,"False"
"110903-0050","17862","","2180 DAVIS RD JACKSONVILLE 32218-",,"32218-",,"2374.99","False","0",,"False"
"176559-0000","26541","","883 S 7TH AVE JACKSONVILLE BEACH 32250-",,"32250-",,"2375.19","False","0",,"False"
"025491-0000","5284","","6916 LAFLAM CIR JACKSONVILLE 32208-",,"32208-",,"2376.05","False","0",,"False"
"028243-0000","5832","","2655 W EDGEWOOD AVE JACKSONVILLE 32209-",,"32209-",,"2376.32","False","0",,"False"
"125517-0000","19437","","2411 HOLMES ST JACKSONVILLE 32207-",,"32207-",,"2377.11","False","0",,"False"
"041916-0715","8520","","9524 GILCHRIST CT JACKSONVILLE 32219-",,"32219-",,"2378.29","False","0",,"False"
"129957-5016","19852","","5201 ATLANTIC BLVD 9 JACKSONVILLE 32207-",,"32207-",,"2379.91","False","0",,"False"
"004162-0000","1079","","7380 HARRELL ST JACKSONVILLE 32219-",,"32219-",,"2380.59","False","0",,"False"
"098000-0000","27195","","5865 110TH ST JACKSONVILLE 32244-",,"32244-",,"2380.59","False","0",,"False"
"040184-0000","8037","","7003 E KEN KNIGHT DR JACKSONVILLE 32209-",,"32209-",,"2380.84","False","0",,"False"
"041579-0000","8412","","7395 IRVING SCOTT DR JACKSONVILLE 32209-",,"32209-",,"2382.54","False","0",,"False"
"058626-0000","11855","","4853 NOLAN ST JACKSONVILLE 32254-",,"32254-",,"2382.64","False","0",,"False"
"020039-0000","4261","","6107 VINE ST JACKSONVILLE 32219-",,"32219-",,"2382.71","False","0",,"False"
"144198-0000","21250","","265 PECAN ST JACKSONVILLE 32211-",,"32211-",,"2382.97","False","0",,"False"
"039408-0314","7850","","4363 FLINTSHIRE RD JACKSONVILLE 32208-",,"32208-",,"2383.86","False","0",,"False"
"036695-0000","7376","","8925 9TH AVE JACKSONVILLE 32208-",,"32208-",,"2386.47","False","0",,"False"
"039580-0000","7886","","4830 S SAMONA DR JACKSONVILLE 32208-",,"32208-",,"2386.62","False","0",,"False"
"044175-0020","8790","","1478 BERTHA ST JACKSONVILLE 32218-",,"32218-",,"2388.09","False","0",,"False"
"035917-0050","7236","","9260 9TH AVE JACKSONVILLE 32208-",,"32208-",,"2388.32","False","0",,"False"
"039691-0000","7905","","8523 ADDISON RD JACKSONVILLE 32208-",,"32208-",,"2388.93","False","0",,"False"
"004771-0000","1283","","8959 COMMONWEALTH AVE JACKSONVILLE 32220-",,"32220-",,"2390.5","False","0",,"False"
"136163-1637","20659","","8601 BEACH BLVD 303 JACKSONVILLE 32216-",,"32216-",,"2390.63","False","0",,"False"
"036809-1000","7397","","8829 4TH AVE JACKSONVILLE 32208-",,"32208-",,"2391.32","False","0",,"False"
"029430-1220","6127","","3921 S VICTORIA LANDING DR JACKSONVILLE 32208-",,"32208-",,"2391.47","False","0",,"False"
"039928-0084","7963","","9158 SIBBALD RD JACKSONVILLE 32208-",,"32208-",,"2392.7","False","0",,"False"
"033938-0000","6934","","7362 WILDER AVE JACKSONVILLE 32208-",,"32208-",,"2392.93","False","0",,"False"
"015716-0390","3344","","8136 W COLONNADE CT JACKSONVILLE 32244-",,"32244-",,"2393.1","False","0",,"False"
"030290-0092","6321","","5974 CHARLES D EVERS DR JACKSONVILLE 32219-",,"32219-",,"2393.57","False","0",,"False"
"016163-0000","3531","","7398 WORTHINGTON RD JACKSONVILLE 32244-",,"32244-",,"2394.48","False","0",,"False"
"045517-0000","9109","","2804 SATURN AVE JACKSONVILLE 32206-",,"32206-",,"2395.23","False","0",,"False"
"037379-0000","7496","","8829 LEM TURNER RD JACKSONVILLE 32208-",,"32208-",,"2395.45","False","0",,"False"
"165270-1254","24670","","2108 DEER RUN TRL JACKSONVILLE 32246-",,"32246-",,"2395.97","False","0",,"False"
"028675-0000","5939","","6104 STRAWFLOWER PL JACKSONVILLE 32209-",,"32209-",,"2398.93","False","0",,"False"
"007125-0286","1774","","8201 STYERS CT JACKSONVILLE 32221-",,"32221-",,"2399.32","False","0",,"False"
"055977-0000","11384","","2298 ORCHARD ST JACKSONVILLE 32209-",,"32209-",,"2399.46","False","0",,"False"
"158762-0848","23464","","12854 CREST RIDGE DR JACKSONVILLE 32258-",,"32258-",,"2400.03","False","0",,"False"
"093503-0000","15730","","4337 LEXINGTON AVE JACKSONVILLE 32210-",,"32210-",,"2402.07","False","0",,"False"
"027591-0000","5669","","5120 PEARL ST JACKSONVILLE 32208-",,"32208-",,"2402.54","False","0",,"False"
"024864-0000","5212","","7834 W DENHAM RD JACKSONVILLE 32208-",,"32208-",,"2402.68","True","2341.22","","True"
"019186-0000","26936","","2319 EUDINE DR JACKSONVILLE 32210-",,"32210-",,"2406.59","False","0",,"False"
"004752-0020","1278","","1518 JONES RD JACKSONVILLE 32220-",,"32220-",,"2406.99","False","0",,"False"
"038530-0000","7717","","9126 GREENLEAF RD JACKSONVILLE 32208-",,"32208-",,"2408.18","False","0",,"False"
"032072-0000","6667","","4707 E MARLBORO CIR JACKSONVILLE 32206-",,"32206-",,"2408.54","False","0",,"False"
"153701-0000","22552","","5528 BOEING DR JACKSONVILLE 32207-",,"32207-",,"2409.61","False","0",,"False"
"049161-0000","10007","","3511 WESTWOOD ST JACKSONVILLE 32254-",,"32254-",,"2409.74","False","0",,"False"
"042548-0000","8614","","1804 N LOYOLA DR JACKSONVILLE 32218-",,"32218-",,"2410.01","False","0",,"False"
"061814-0000","12181","","4204 KERLE ST JACKSONVILLE 32205-",,"32205-",,"2410.18","False","0",,"False"
"166355-0000","24905","","11959 DOWLING LN JACKSONVILLE 32246-",,"32246-",,"2410.38","False","0",,"False"
"001820-0035","395","","11348 KITTRELL LN JACKSONVILLE 32220-",,"32220-",,"2410.49","False","0",,"False"
"036708-0000","7381","","8932 7TH AVE JACKSONVILLE 32208-",,"32208-",,"2410.84","False","0",,"False"
"021333-0000","4549","","7805 SISKIN AVE JACKSONVILLE 32219-",,"32219-",,"2411.41","False","0",,"False"
"069064-0000","12763","","4568 MERRIMAC AVE JACKSONVILLE 32210-",,"32210-",,"2411.52","False","0",,"False"
"028386-0000","5867","","2514 SPIREA ST JACKSONVILLE 32209-",,"32209-",,"2412.68","False","0",,"False"
"023517-0000","5011","","921 BRANDYWINE ST JACKSONVILLE 32208-",,"32208-",,"2415.06","False","0",,"False"
"038722-0000","7742","","5114 ROANOKE BLVD JACKSONVILLE 32208-",,"32208-",,"2415.25","False","0",,"False"
"125484-0000","19435","","3540 ST NICHOLAS AVE JACKSONVILLE 32207-",,"32207-",,"2415.46","False","0",,"False"
"002151-0000","475","","POW MIA MEMORIAL PKWY JACKSONVILLE 32221-",,"32221-",,"2417.21","False","0",,"False"
"110756-0000","17840","","11832 W DUNNS BRANCH DR JACKSONVILLE 32218-",,"32218-",,"2418.17","False","0",,"False"
"039467-0000","7873","","4826 ROCHDALE RD JACKSONVILLE 32208-",,"32208-",,"2419.01","False","0",,"False"
"001296-0000","283","","8771 S US 301 HWY JACKSONVILLE 32234-",,"32234-",,"2419.99","False","0",,"False"
"019446-1770","3986","","V C JOHNSON RD JACKSONVILLE 32218-",,"32218-",,"2420.81","False","0",,"False"
"066622-0000","12519","","1148 CASSAT AVE JACKSONVILLE 32205-",,"32205-",,"2421.93","False","0",,"False"
"012510-0478","2486","","3671 KIRKPATRICK CIR 15-14 JACKSONVILLE 32210-",,"32210-",,"2422.08","False","0",,"False"
"148704-1520","21982","","4652 TREVI DR JACKSONVILLE 32257-",,"32257-",,"2425.03","False","0",,"False"
"002899-0010","736","","9941 CISCO DR JACKSONVILLE 32219-",,"32219-",,"2425.32","False","0",,"False"
"107212-0000","17230","","13550 GILLESPIE AVE JACKSONVILLE 32218-",,"32218-",,"2425.86","False","0",,"False"
"108455-0140","17553","","2684 WATER BLUFF DR JACKSONVILLE 32218-",,"32218-",,"2429.15","False","0",,"False"
"038268-0000","7675","","4504 WILLIAMSBURG AVE JACKSONVILLE 32208-",,"32208-",,"2431.18","False","0",,"False"
"148320-0516","21748","","4801 WINDRUSH LN A2A JACKSONVILLE 32217-",,"32217-",,"2431.46","False","0",,"False"
"038132-0000","7655","","5020 PRINCELY AVE JACKSONVILLE 32208-",,"32208-",,"2431.8","False","0",,"False"
"107288-0000","17235","","257 BEALL AVE JACKSONVILLE 32218-2819",,"32218-2819",,"2431.94","False","0",,"False"
"044791-0000","8963","","220 E 17TH ST JACKSONVILLE 32206-",,"32206-",,"2433.24","False","0",,"False"
"039759-0000","7935","","8524 BRAZIL RD JACKSONVILLE 32208-",,"32208-",,"2434.01","False","0",,"False"
"120609-2476","27250","","7920 MERRILL RD 1014 JACKSONVILLE 32277-",,"32277-",,"2434.79","False","0",,"False"
"084389-0000","14335","","3120 STUART ST JACKSONVILLE 32209-",,"32209-",,"2435.73","False","0",,"False"
"144828-0000","21317","","7649 ALTON AVE JACKSONVILLE 32211-",,"32211-",,"2437.96","False","0",,"False"
"118765-0000","18822","","2743 LANSDOWNE DR JACKSONVILLE 32211-",,"32211-",,"2439.18","False","0",,"False"
"099972-0000","16359","","1569 N PEACHTREE CIR JACKSONVILLE 32207-",,"32207-",,"2439.79","False","0",,"False"
"073440-0050","13253","","E ADAMS ST JACKSONVILLE 32202-",,"32202-",,"2440.44","False","0",,"False"
"022506-0000","4819","","7894 TORY CIR JACKSONVILLE 32208-",,"32208-",,"2443.82","False","0",,"False"
"038179-0000","7660","","5040 DONNYBROOK AVE JACKSONVILLE 32208-",,"32208-",,"2443.94","False","0",,"False"
"088498-0000","15385","","1331 W 30TH ST JACKSONVILLE 32209-",,"32209-",,"2445.72","False","0",,"False"
"071570-0000","12999","","243 W 7TH ST JACKSONVILLE 32206-",,"32206-",,"2446.12","False","0",,"False"
"036700-0000","7378","","8965 9TH AVE JACKSONVILLE 32208-",,"32208-",,"2447.18","False","0",,"False"
"025262-0000","5263","","6659 VAN GUNDY RD JACKSONVILLE 32208-",,"32208-",,"2448.58","False","0",,"False"
"147588-0000","21624","","4740 GUY ST JACKSONVILLE 32207-",,"32207-",,"2450.89","False","0",,"False"
"030066-0000","6272","","1914 W 44TH ST JACKSONVILLE 32209-",,"32209-",,"2453.23","False","0",,"False"
"031032-0000","6493","","5834 POITIER DR JACKSONVILLE 32209-",,"32209-",,"2453.91","False","0",,"False"
"031498-0000","6568","","126 E 45TH ST JACKSONVILLE 32208-",,"32208-",,"2455.41","False","0",,"False"
"107170-0000","17229","","13431 GILLESPIE AVE JACKSONVILLE 32218-",,"32218-",,"2455.61","False","0",,"False"
"108964-0556","17644","","6114 TUSCONY CIR JACKSONVILLE 32277-",,"32277-",,"2455.93","False","0",,"False"
"169385-1138","25986","","791 ASSISI LN 1007 JACKSONVILLE 32233-",,"32233-",,"2456.84","False","0",,"False"
"149265-0010","22172","","8934 SAN RAE RD JACKSONVILLE 32257-",,"32257-",,"2459.73","False","0",,"False"
"028328-0000","5853","","3524 N ARDISIA RD JACKSONVILLE 32209-",,"32209-",,"2460.1","False","0",,"False"
"032120-0000","6675","","9826 W CARBONDALE DR JACKSONVILLE 32208-",,"32208-",,"2461.25","False","0",,"False"
"044864-0000","8980","","220 E 16TH ST JACKSONVILLE 32206-",,"32206-",,"2462.55","False","0",,"False"
"067852-0000","12625","","1109 LAKE SHORE BLVD JACKSONVILLE 32205-",,"32205-",,"2465.26","False","0",,"False"
"045056-0000","8995","","543 W 19TH ST JACKSONVILLE 32206-",,"32206-",,"2465.33","False","0",,"False"
"060012-0000","12049","","775 MAMIE RD JACKSONVILLE 32205-",,"32205-",,"2466.4","False","0",,"False"
"029851-0000","6217","","5136 TROUT RIVER BLVD JACKSONVILLE 32208-",,"32208-",,"2467.92","False","0",,"False"
"079084-0000","13826","","1028 ANTISDALE ST JACKSONVILLE 32205-",,"32205-",,"2468.06","False","0",,"False"
"006366-0140","1634","","1117 MAPLE AVE JACKSONVILLE 32220-",,"32220-",,"2468.55","False","0",,"False"
"101800-0000","16439","","4355 BALTIC ST JACKSONVILLE 32210-",,"32210-",,"2468.66","False","0",,"False"
"025858-0000","5350","","1757 PALMDALE ST JACKSONVILLE 32208-",,"32208-",,"2469.64","False","0",,"False"
"041916-0400","8511","","8375 GULLEGE DR JACKSONVILLE 32219-",,"32219-",,"2470.03","False","0",,"False"
"013830-1128","2933","","5151 PLAYPEN DR 7-15 JACKSONVILLE 32210-",,"32210-",,"2470.38","False","0",,"False"
"025273-0000","5264","","3203 RHONE DR JACKSONVILLE 32208-",,"32208-",,"2470.67","False","0",,"False"
"132597-0000","20235","","3207 BRIDIER ST JACKSONVILLE 32206-",,"32206-",,"2471.4","False","0",,"False"
"156130-0338","23048","","11442 SQUIRE WAY LN JACKSONVILLE 32223-",,"32223-",,"2472.18","False","0",,"False"
"027020-0000","5577","","7932 DALE CT JACKSONVILLE 32208-",,"32208-",,"2472.37","False","0",,"False"
"039575-0000","7885","","8618 W SAMONA DR JACKSONVILLE 32208-",,"32208-",,"2472.48","False","0",,"False"
"118187-0000","18788","","2738 ROGERO RD JACKSONVILLE 32211-",,"32211-",,"2474.47","False","0",,"False"
"000279-0000","59","","66 COLEMAN BLVD BALDWIN 32234-",,"32234-",,"2475.48","False","0",,"False"
"038517-0000","7715","","8920 GREENLEAF RD JACKSONVILLE 32208-",,"32208-",,"2475.88","False","0",,"False"
"047336-0000","9582","","2134 KINGS RD JACKSONVILLE 32209-",,"32209-",,"2476.17","False","0",,"False"
"025515-0000","5286","","6718 CORDAY CT JACKSONVILLE 32208-",,"32208-",,"2476.94","False","0",,"False"
"038447-0000","7709","","9240 CASTLE BLVD JACKSONVILLE 32208-",,"32208-",,"2479.5","False","0",,"False"
"039849-0000","7948","","4305 CLYDE DR JACKSONVILLE 32208-",,"32208-",,"2480.89","False","0",,"False"
"088022-0000","15278","","541 WOODBINE ST JACKSONVILLE 32206-",,"32206-",,"2481.76","False","0",,"False"
"035485-0000","7136","","7126 ELWOOD AVE JACKSONVILLE 32208-",,"32208-",,"2482.49","False","0",,"False"
"059051-0000","11928","","3414 BROOKHAVEN DR JACKSONVILLE 32254-",,"32254-",,"2486.36","False","0",,"False"
"154362-0000","22702","","7406 S BOWDEN CIR JACKSONVILLE 32216-",,"32216-",,"2486.42","False","0",,"False"
"029378-0100","6105","","9148 RIDGE BLVD JACKSONVILLE 32208-",,"32208-",,"2488.09","False","0",,"False"
"037976-0000","7621","","9232 NORFOLK BLVD JACKSONVILLE 32208-",,"32208-",,"2488.62","False","0",,"False"
"153135-0000","22516","","5727 HAVEN RD JACKSONVILLE 32216-",,"32216-",,"2488.67","False","0",,"False"
"038907-0000","7776","","9519 EVESHAM RD JACKSONVILLE 32208-",,"32208-",,"2488.77","False","0",,"False"
"039408-0472","7864","","4340 WILL SCARLET RD JACKSONVILLE 32208-",,"32208-",,"2489.23","False","0",,"False"
"057566-0000","11688","","3204 S SUNNYBROOK AVE JACKSONVILLE 32254-",,"32254-",,"2493.98","False","0",,"False"
"037766-0000","7583","","9247 WAYNESBORO AVE JACKSONVILLE 32208-",,"32208-",,"2494.07","False","0",,"False"
"162106-6030","24146","","11541 N WILLET CT JACKSONVILLE 32225-",,"32225-",,"2497.43","False","0",,"False"
"147984-0260","21689","","7446 CARRIAGE SIDE CT JACKSONVILLE 32256-",,"32256-",,"2498.37","False","0",,"False"
"040067-5010","7992","","8317 TUBMAN CT JACKSONVILLE 32219-",,"32219-",,"2498.42","False","0",,"False"
"063382-0100","12278","","2971 PHYLLIS ST JACKSONVILLE 32205-",,"32205-",,"2500.51","False","0",,"False"
"016158-0000","3529","","7319 SHINDLER DR L-7 JACKSONVILLE 32222-",,"32222-",,"2501.35","False","0",,"False"
"036333-0100","7315","","CLYDE DR JACKSONVILLE 32208-",,"32208-",,"2501.73","False","0",,"False"
"004914-0010","1332","","5956 S LANE CIR JACKSONVILLE 32254-",,"32254-",,"2502.13","False","0",,"False"
"099134-1942","16275","","5659 PINEHILL LN JACKSONVILLE 32244-",,"32244-",,"2502.16","False","0",,"False"
"041841-0000","8464","","6740 KINLOCK DR JACKSONVILLE 32219-",,"32219-",,"2502.48","False","0",,"False"
"072706-0000","13159","","444 E 2ND ST JACKSONVILLE 32206-",,"32206-",,"2503.36","False","0",,"False"
"035685-0000","7173","","7271 ELWOOD AVE JACKSONVILLE 32208-",,"32208-",,"2504.69","False","0",,"False"
"159681-0325","23706","","15750 CHEROKEE HAMMOCK LN JACKSONVILLE 32226-",,"32226-",,"2506.23","False","0",,"False"
"030290-0180","6323","","5930 MARTIN LUTHER KING DR JACKSONVILLE 32219-",,"32219-",,"2506.79","False","0",,"False"
"021183-0500","4508","","10110 ALLENE RD JACKSONVILLE 32219-",,"32219-",,"2508.74","False","0",,"False"
"028121-0000","5802","","2561 PHLOX ST JACKSONVILLE 32209-",,"32209-",,"2512.49","False","0",,"False"
"164470-0000","24532","","10332 LAWSON RD JACKSONVILLE 32246-",,"32246-",,"2512.53","False","0",,"False"
"031509-0020","6570","","270 E 45TH ST JACKSONVILLE 32208-",,"32208-",,"2513.65","False","0",,"False"
"041916-0530","8513","","9346 SIBBALD RD JACKSONVILLE 32208-",,"32208-",,"2515.4","False","0",,"False"
"016030-0020","3461","","7234 RICKER RD JACKSONVILLE 32244-",,"32244-",,"2515.49","False","0",,"False"
"031226-0000","6521","","4235 CARROLL RD JACKSONVILLE 32209-",,"32209-",,"2516.8","False","0",,"False"
"021068-0010","4480","","10318 LEM TURNER RD JACKSONVILLE 32218-",,"32218-",,"2516.94","False","0",,"False"
"108092-0150","17398","","3884 STARRATT RD JACKSONVILLE 32226-",,"32226-",,"2517.86","False","0",,"False"
"052492-0000","10723","","2135 KINGS RD JACKSONVILLE 32209-",,"32209-",,"2518.2","False","0",,"False"
"118564-0000","18808","","7124 S GAILLARDIA RD JACKSONVILLE 32211-",,"32211-",,"2518.49","False","0",,"False"
"006546-0000","1659","","477 N CELERY AVE JACKSONVILLE 32220-",,"32220-",,"2519.3","False","0",,"False"
"039086-0000","7796","","5328 ARROWSMITH RD JACKSONVILLE 32208-",,"32208-",,"2520.23","False","0",,"False"
"076051-0000","13433","","848 RUSHING ST JACKSONVILLE 32209-",,"32209-",,"2520.4","False","0",,"False"
"010065-0000","2153","","8106 S PATOU DR JACKSONVILLE 32210-",,"32210-",,"2525.54","False","0",,"False"
"018922-0000","3937","","S LANE AVE JACKSONVILLE 32210-",,"32210-",,"2528.54","False","0",,"False"
"069789-0000","12798","","4006 OLD ST AUGUSTINE RD JACKSONVILLE 32207-",,"32207-",,"2530.17","False","0",,"False"
"056723-0000","11519","","825 SUPERIOR ST JACKSONVILLE 32254-",,"32254-",,"2531.42","False","0",,"False"
"027035-0000","5582","","7639 GAINESVILLE AVE JACKSONVILLE 32208-",,"32208-",,"2532.46","False","0",,"False"
"087950-0000","15252","","451 BASSWOOD ST JACKSONVILLE 32206-",,"32206-",,"2532.72","False","0",,"False"
"065788-0000","12462","","4646 ALPHA AVE JACKSONVILLE 32205-",,"32205-",,"2532.97","False","0",,"False"
"038809-0000","7756","","9524 FLECHETTE AVE JACKSONVILLE 32208-",,"32208-",,"2534.64","False","0",,"False"
"032711-4605","6769","","1543 BROOK FOREST DR JACKSONVILLE 32208-",,"32208-",,"2536.45","False","0",,"False"
"030338-0000","6356","","4824 AMOS ST JACKSONVILLE 32209-",,"32209-",,"2537.16","False","0",,"False"
"154166-5274","22667","","8550 TOUCHTON RD 716 JACKSONVILLE 32216-",,"32216-",,"2537.96","False","0",,"False"
"058939-0115","11910","","W BEAVER ST JACKSONVILLE 32254-",,"32254-",,"2540.53","False","0",,"False"
"105506-0000","16817","","6365 WOODMAN DR JACKSONVILLE 32244-",,"32244-",,"2542.38","False","0",,"False"
"158926-0682","23561","","11595 EAST RIDE DR JACKSONVILLE 32223-",,"32223-",,"2543.16","False","0",,"False"
"042205-0000","8581","","5218 OLD KINGS RD JACKSONVILLE 32254-",,"32254-",,"2543.95","False","0",,"False"
"154513-0000","22812","","2837 W SYNHOFF DR JACKSONVILLE 32216-",,"32216-",,"2544.93","False","0",,"False"
"109059-0035","17678","","3462 BETZ LANDING DR JACKSONVILLE 32226-",,"32226-",,"2546.89","False","0",,"False"
"010136-0000","2161","","8096 DELAROCHE DR JACKSONVILLE 32210-",,"32210-",,"2548.91","False","0",,"False"
"039196-0000","7808","","9821 PRIORY AVE JACKSONVILLE 32208-",,"32208-",,"2549.63","False","0",,"False"
"056117-0000","11416","","617 N MCDUFF AVE JACKSONVILLE 32254-",,"32254-",,"2549.64","False","0",,"False"
"018135-0000","3868","","2129 HUGH EDWARDS DR JACKSONVILLE 32210-",,"32210-",,"2551.08","False","0",,"False"
"102998-0000","16497","","4033 BLANDING BLVD JACKSONVILLE 32210-",,"32210-",,"2552.57","False","0",,"False"
"049667-0005","10104","","2927 W 1ST ST JACKSONVILLE 32254-",,"32254-",,"2554.27","False","0",,"False"
"047908-0080","9736","","3522 NANCY ST JACKSONVILLE 32209-",,"32209-",,"2554.43","False","0",,"False"
"098000-0000","27194","","5865 110TH ST JACKSONVILLE 32244-",,"32244-",,"2554.77","False","0",,"False"
"006223-0270","1592","","8454 S LAKE MARIETTA DR JACKSONVILLE 32220-",,"32220-",,"2559.5","False","0",,"False"
"165289-3090","24772","","2478 WHISPERING WOODS BLVD 2 JACKSONVILLE 32246-",,"32246-",,"2560.31","False","0",,"False"
"164709-0000","24558","","1775 DEBUTANTE DR JACKSONVILLE 32246-",,"32246-",,"2560.75","False","0",,"False"
"041176-0000","8323","","4416 DETAILLE DR JACKSONVILLE 32209-",,"32209-",,"2561.42","False","0",,"False"
"056818-0000","11537","","869 SUPERIOR ST JACKSONVILLE 32254-",,"32254-",,"2562.47","False","0",,"False"
"019186-0000","26935","","2319 EUDINE DR JACKSONVILLE 32210-",,"32210-",,"2564.13","False","0",,"False"
"068429-0000","12684","","1868 VISTA AVE JACKSONVILLE 32210-",,"32210-",,"2564.74","False","0",,"False"
"053675-0000","10970","","1102 W 13TH ST JACKSONVILLE 32209-",,"32209-",,"2564.93","False","0",,"False"
"141118-0020","21001","","1334 E HOLLYHOCK CIR B JACKSONVILLE 32211-",,"32211-",,"2565.09","False","0",,"False"
"098926-1066","16192","","7515 MCCOWAN DR JACKSONVILLE 32244-",,"32244-",,"2567.33","False","0",,"False"
"063431-0000","12285","","2980 PHYLLIS ST JACKSONVILLE 32205-",,"32205-",,"2570.43","False","0",,"False"
"013220-0020","2764","","8236 NUSSBAUM DR JACKSONVILLE 32210-",,"32210-",,"2571.62","False","0",,"False"
"045985-0000","9229","","1456 W 20TH ST JACKSONVILLE 32209-",,"32209-",,"2573.42","False","0",,"False"
"160663-1210","23872","","OAK LANDINGS DR JACKSONVILLE 32225-",,"32225-",,"2573.48","False","0",,"False"
"026291-0000","5409","","1589 RUTLEDGE AVE JACKSONVILLE 32208-",,"32208-",,"2573.7","False","0",,"False"
"141558-0000","21052","","1227 ROGERO RD JACKSONVILLE 32211-",,"32211-",,"2574.24","False","0",,"False"
"059760-0000","12033","","5026 ASTRAL ST JACKSONVILLE 32205-",,"32205-",,"2574.36","False","0",,"False"
"018713-0000","3919","","7062 CHESHIRE CAT CT JACKSONVILLE 32210-",,"32210-",,"2574.91","False","0",,"False"
"035948-0000","7243","","2554 SOUTEL DR JACKSONVILLE 32208-",,"32208-",,"2574.97","False","0",,"False"
"016605-0000","3765","","4104 ANVERS BLVD JACKSONVILLE 32210-",,"32210-",,"2575.47","False","0",,"False"
"041583-0000","8413","","7426 RICHARDSON HEIGHTS PL JACKSONVILLE 32209-",,"32209-",,"2576.7","False","0",,"False"
"083869-0000","14204","","3115 N EDGEWOOD AVE 1 JACKSONVILLE 32254-",,"32254-",,"2578.95","False","0",,"False"
"120609-2364","18933","","7920 MERRILL RD 808 JACKSONVILLE 32277-",,"32277-",,"2579.54","False","0",,"False"
"041007-0000","8286","","6539 KINLOCK DR JACKSONVILLE 32219-",,"32219-",,"2581.15","False","0",,"False"
"016558-0000","3764","","6416 MITFORD RD JACKSONVILLE 32210-",,"32210-",,"2584.12","False","0",,"False"
"060856-0000","12113","","3329 WALLER ST JACKSONVILLE 32254-",,"32254-",,"2584.13","False","0",,"False"
"038312-0000","7681","","9104 SPOTTSWOOD RD JACKSONVILLE 32208-",,"32208-",,"2584.37","False","0",,"False"
"057187-0000","11608","","3318 FITZGERALD ST JACKSONVILLE 32254-",,"32254-",,"2585.47","False","0",,"False"
"001926-0010","435","","832 S HALSEMA RD JACKSONVILLE 32221-",,"32221-",,"2585.93","False","0",,"False"
"042177-0044","8573","","6923 WELLAND RD JACKSONVILLE 32209-",,"32209-",,"2585.97","False","0",,"False"
"021334-0010","4550","","7812 SISKIN AVE JACKSONVILLE 32219-",,"32219-",,"2586.46","False","0",,"False"
"039107-0000","7799","","4920 ARROWSMITH RD JACKSONVILLE 32208-",,"32208-",,"2588.69","False","0",,"False"
"015496-1100","3276","","6561 ALVIN RD JACKSONVILLE 32222-",,"32222-",,"2590.98","False","0",,"False"
"007283-0000","1815","","7652 CONTOUR DR JACKSONVILLE 32221-",,"32221-",,"2591.1","False","0",,"False"
"025788-0000","5339","","6518 CHAMPLAIN RD JACKSONVILLE 32208-",,"32208-",,"2593.12","False","0",,"False"
"013385-1000","2835","","5203 CALIFORNIA AVE JACKSONVILLE 32210-",,"32210-",,"2595.36","False","0",,"False"
"108356-0020","17500","","14945 N MAIN ST JACKSONVILLE 32218-",,"32218-",,"2595.64","False","0",,"False"
"060471-0000","12078","","3619 ERNEST ST JACKSONVILLE 32205-",,"32205-",,"2595.88","False","0",,"False"
"086216-0000","27178","","2199 BENEDICT RD JACKSONVILLE 32209-",,"32209-",,"2596.68","False","0",,"False"
"071913-0000","13056","","1923 HUBBARD ST JACKSONVILLE 32206-",,"32206-",,"2596.72","False","0",,"False"
"072043-0000","13070","","1932 PEARL PL JACKSONVILLE 32206-",,"32206-",,"2596.8","False","0",,"False"
"016020-0000","3453","","7561 SONIA DR JACKSONVILLE 32244-",,"32244-",,"2597.56","False","0",,"False"
"066751-0000","12538","","6018 EDGEFIELD DR JACKSONVILLE 32205-",,"32205-",,"2601.16","False","0",,"False"
"029305-0020","6085","","3804 TROUT RIVER BLVD JACKSONVILLE 32208-",,"32208-",,"2601.98","False","0",,"False"
"154937-0000","22848","","3306 GREENFIELD BLVD JACKSONVILLE 32216-",,"32216-",,"2602.35","False","0",,"False"
"162223-1820","24223","","12289 AMANDA COVE TRL JACKSONVILLE 32225-",,"32225-",,"2604.22","False","0",,"False"
"007442-0010","26903","","HENDERSON RD JACKSONVILLE 32254-",,"32254-",,"2607.39","False","0",,"False"
"092797-0000","15699","","3850 HERSCHEL ST JACKSONVILLE 32205-",,"32205-",,"2608.9","False","0",,"False"
"041663-0000","8432","","4304 HOMER RD JACKSONVILLE 32209-",,"32209-",,"2609.71","False","0",,"False"
"038381-0000","7696","","5230 FREDERICKSBURG AVE JACKSONVILLE 32208-",,"32208-",,"2610.61","False","0",,"False"
"141584-0000","21059","","1415 BRANDEMERE CT JACKSONVILLE 32211-",,"32211-",,"2611.74","False","0",,"False"
"132581-0000","20229","","1431 E 28TH ST JACKSONVILLE 32206-",,"32206-",,"2612.7","False","0",,"False"
"041916-0545","8515","","9364 SIBBALD RD JACKSONVILLE 32208-",,"32208-",,"2615.29","False","0",,"False"
"155674-5244","22958","","10421 W OSPREY NEST DR JACKSONVILLE 32257-",,"32257-",,"2615.55","False","0",,"False"
"099011-5113","16236","","7100 CYPRESS COVE RD 56 JACKSONVILLE 32244-",,"32244-",,"2616.22","False","0",,"False"
"149016-7914","22058","","3801 CROWN POINT RD 1333 JACKSONVILLE 32257-",,"32257-",,"2617.92","False","0",,"False"
"052934-0000","10804","","1452 MYRTLE AVE JACKSONVILLE 32209-",,"32209-",,"2617.93","False","0",,"False"
"132719-0000","20262","","1312 E 26TH ST JACKSONVILLE 32206-",,"32206-",,"2618.28","False","0",,"False"
"058245-0000","11775","","3235 BROADWAY AVE JACKSONVILLE 32254-",,"32254-",,"2619.53","False","0",,"False"
"072372-0000","13109","","1534 CLARK ST JACKSONVILLE 32206-",,"32206-",,"2620.16","False","0",,"False"
"097061-0000","15951","","7932 FALCON ST JACKSONVILLE 32244-",,"32244-",,"2620.77","False","0",,"False"
"070232-0000","12856","","3722 ROSEMARY ST JACKSONVILLE 32207-",,"32207-",,"2620.86","False","0",,"False"
"060842-0000","12111","","3304 LENOX AVE JACKSONVILLE 32254-",,"32254-",,"2621.52","False","0",,"False"
"097343-0000","15972","","5923 W JAGUAR DR JACKSONVILLE 32244-",,"32244-",,"2621.63","False","0",,"False"
"042017-0000","8544","","5316 S DOSTIE DR JACKSONVILLE 32209-",,"32209-",,"2622.15","False","0",,"False"
"136163-1652","20660","","8601 BEACH BLVD 306 JACKSONVILLE 32216-",,"32216-",,"2623.39","False","0",,"False"
"122842-0010","19187","","412 PHELPS ST JACKSONVILLE 32206-",,"32206-",,"2625.59","False","0",,"False"
"042568-0000","8616","","1622 WOFFORD AVE JACKSONVILLE 32218-",,"32218-",,"2625.84","False","0",,"False"
"041916-0595","8517","","9504 SIBBALD RD JACKSONVILLE 32208-",,"32208-",,"2626.1","False","0",,"False"
"148657-1686","21949","","8880 S OLD KINGS RD 92 JACKSONVILLE 32257-",,"32257-",,"2629.2","False","0",,"False"
"156762-0000","23252","","6023 GREENLAND RD JACKSONVILLE 32258-",,"32258-",,"2629.26","False","0",,"False"
"063507-0000","12291","","3149 GILMORE ST JACKSONVILLE 32205-",,"32205-",,"2629.77","False","0",,"False"
"148521-0206","21807","","7671 LAS PALMAS WAY 206 JACKSONVILLE 32256-",,"32256-",,"2630.54","False","0",,"False"
"038395-0000","7699","","5239 ARCHERY AVE JACKSONVILLE 32208-",,"32208-",,"2631.13","False","0",,"False"
"106432-0010","17012","","13204 PEACEFUL RD JACKSONVILLE 32226-",,"32226-",,"2632.65","False","0",,"False"
"071182-0000","12955","","1545 N PEARL ST JACKSONVILLE 32206-",,"32206-",,"2634.24","False","0",,"False"
"025364-0000","5273","","6925 CARTIER CIR JACKSONVILLE 32208-",,"32208-",,"2634.88","False","0",,"False"
"030290-0085","6320","","5944 CHARLES D EVERS DR JACKSONVILLE 32219-",,"32219-",,"2635.07","False","0",,"False"
"063884-0000","12335","","725 LOCUST ST JACKSONVILLE 32205-",,"32205-",,"2635.26","False","0",,"False"
"036501-0000","7339","","9248 2ND AVE JACKSONVILLE 32208-",,"32208-",,"2636.6","False","0",,"False"
"041916-0110","8503","","8415 E SOPHIST CIR JACKSONVILLE 32219-",,"32219-",,"2638.04","False","0",,"False"
"097039-0000","15948","","7847 RENAULT DR JACKSONVILLE 32244-",,"32244-",,"2638.49","False","0",,"False"
"025988-0000","5367","","2115 BURGOYNE DR JACKSONVILLE 32208-",,"32208-",,"2640.21","False","0",,"False"
"026641-0010","5497","","7765 PICKETT ST JACKSONVILLE 32208-",,"32208-",,"2640.26","False","0",,"False"
"049974-0000","10151","","1615 MELSON AVE JACKSONVILLE 32254-",,"32254-",,"2641.83","False","0",,"False"
"016272-0060","3569","","7563 BRETT FOREST DR JACKSONVILLE 32222-",,"32222-",,"2642.07","False","0",,"False"
"077675-0000","13746","","2344 HARPER ST JACKSONVILLE 32204-",,"32204-",,"2643.76","False","0",,"False"
"009676-0000","2122","","7936 DELAROCHE DR JACKSONVILLE 32210-",,"32210-",,"2644.13","False","0",,"False"
"044861-0000","8977","","210 E 16TH ST JACKSONVILLE 32206-",,"32206-",,"2645.55","False","0",,"False"
"103756-0000","16646","","5548 SEABOARD AVE JACKSONVILLE 32244-",,"32244-",,"2646.03","False","0",,"False"
"069796-0010","12802","","1823 CALJON RD JACKSONVILLE 32207-",,"32207-",,"2647.54","False","0",,"False"
"108235-0200","17461","","15738 E NORTHSIDE DR JACKSONVILLE 32218-",,"32218-",,"2650.67","False","0",,"False"
"162883-0152","24315","","369 GREENCASTLE RD 75 JACKSONVILLE 32225-",,"32225-",,"2651.2","False","0",,"False"
"104631-2150","16738","","3434 BLANDING BLVD 213 JACKSONVILLE 32210-",,"32210-",,"2653.93","True","0","","False"
"030290-0234","6328","","7542 E JOHN F KENNEDY DR JACKSONVILLE 32219-",,"32219-",,"2654.36","False","0",,"False"
"094676-0000","15787","","2211 BAYVIEW RD JACKSONVILLE 32210-",,"32210-",,"2655.18","False","0",,"False"
"041245-0000","8331","","4307 N TRENTON DR JACKSONVILLE 32209-",,"32209-",,"2656.16","False","0",,"False"
"041860-0000","8468","","6795 KINLOCK DR JACKSONVILLE 32219-",,"32219-",,"2657.3","False","0",,"False"
"158763-0748","23490","","12700 BARTRAM PARK BLVD 2432 JACKSONVILLE 32258-",,"32258-",,"2659.28","False","0",,"False"
"166367-0000","24907","","12043 DERRIS CT JACKSONVILLE 32246-",,"32246-",,"2659.75","False","0",,"False"
"086002-0000","14765","","2020 TALLADEGA RD JACKSONVILLE 32209-",,"32209-",,"2662.27","False","0",,"False"
"016075-0090","3498","","8401 HILMA RD JACKSONVILLE 32244-",,"32244-",,"2663.87","False","0",,"False"
"040067-5036","7994","","8339 S TUBMAN DR JACKSONVILLE 32219-",,"32219-",,"2670.51","False","0",,"False"
"055435-0000","11269","","2415 EDISON AVE JACKSONVILLE 32204-",,"32204-",,"2671.13","False","0",,"False"
"148733-0570","21998","","3820 WILLIAMSBURG PARK BLVD 3820-2 JACKSONVILLE 32257-",,"32257-",,"2672.13","False","0",,"False"
"103603-0000","16633","","5135 ACOMA AVE JACKSONVILLE 32210-",,"32210-",,"2672.16","False","0",,"False"
"020282-0318","26944","","10736 W MEADOWLEA CIR JACKSONVILLE 32218-",,"32218-",,"2675.99","False","0",,"False"
"041916-0325","8509","","8301 GULLEGE DR JACKSONVILLE 32219-",,"32219-",,"2677.82","False","0",,"False"
"083864-0020","14202","","2710 WACISSA AVE JACKSONVILLE 32254-",,"32254-",,"2677.96","False","0",,"False"
"013861-1030","2975","","4418 W MELISSA CT JACKSONVILLE 32210-",,"32210-",,"2678.23","False","0",,"False"
"012292-0000","2433","","7154 MATTHEW ST JACKSONVILLE 32210-",,"32210-",,"2679.42","False","0",,"False"
"016464-5684","3685","","9069 PROSPERITY LAKE DR JACKSONVILLE 32244-",,"32244-",,"2680.34","False","0",,"False"
"148516-0006","21792","","8300 PLAZA GATE LN 1023 JACKSONVILLE 32217-",,"32217-",,"2682.43","False","0",,"False"
"108245-0000","17475","","15306 NORMAN AVE JACKSONVILLE 32218-",,"32218-",,"2682.71","False","0",,"False"
"032454-0000","6724","","6804 NORWOOD AVE JACKSONVILLE 32208-",,"32208-",,"2683.47","False","0",,"False"
"111157-0130","17909","","5635 TELFAIR ST JACKSONVILLE 32208-",,"32208-",,"2684.82","False","0",,"False"
"017040-0000","3794","","6733 CINDERELLA RD JACKSONVILLE 32210-",,"32210-",,"2685.88","True","5495.62","","True"
"167067-2180","25033","","13364 BEACH BLVD 801 JACKSONVILLE 32224-",,"32224-",,"2685.91","False","0",,"False"
"039013-0000","7789","","4915 CHIVALRY DR JACKSONVILLE 32208-",,"32208-",,"2688.21","False","0",,"False"
"006029-0000","1520","","535 N JACKSON AVE JACKSONVILLE 32220-",,"32220-",,"2689.02","False","0",,"False"
"071420-0000","12980","","1610 N MAIN ST JACKSONVILLE 32206-",,"32206-",,"2691.65","False","0",,"False"
"036700-0000","27041","","8965 9TH AVE JACKSONVILLE 32208-",,"32208-",,"2692.09","False","0",,"False"
"032299-0000","6701","","9735 EVANS RD JACKSONVILLE 32208-",,"32208-",,"2693.22","False","0",,"False"
"035917-0050","27036","","9260 9TH AVE JACKSONVILLE 32208-",,"32208-",,"2694.51","False","0",,"False"
"043704-0000","8728","","10638 DODD RD JACKSONVILLE 32218-",,"32218-",,"2695.15","False","0",,"False"
"036062-0000","7266","","9072 LEM TURNER RD JACKSONVILLE 32208-",,"32208-",,"2696.01","False","0",,"False"
"163652-0000","27298","","S ST JOHNS BLUFF RD JACKSONVILLE 32246-",,"32246-",,"2696.23","False","0",,"False"
"124227-0000","19343","","9749 PATTON RD JACKSONVILLE 32246-",,"32246-",,"2696.58","False","0",,"False"
"042003-0000","8540","","3065 WOODLAWN RD JACKSONVILLE 32209-",,"32209-",,"2697.42","False","0",,"False"
"100283-0000","16364","","4407 COLLINS RD JACKSONVILLE 32244-",,"32244-",,"2701.1","False","0",,"False"
"043630-0000","8723","","2422 WILMONT AVE JACKSONVILLE 32218-",,"32218-",,"2701.19","False","0",,"False"
"165262-5790","24617","","2010 E WILLESDON DR JACKSONVILLE 32246-",,"32246-",,"2701.72","False","0",,"False"
"144988-0000","21331","","7165 WENDY CIR JACKSONVILLE 32211-",,"32211-",,"2703.92","False","0",,"False"
"002331-0000","508","","DAWSONS CREEK DR JACKSONVILLE 32222-",,"32222-",,"2704.52","False","0",,"False"
"012442-5165","2465","","2570 E EIFFEL CIR JACKSONVILLE 32210-",,"32210-",,"2705.39","False","0",,"False"
"016940-0000","3789","","6805 PETER PAN PL JACKSONVILLE 32210-",,"32210-",,"2706.1","False","0",,"False"
"073030-0000","13199","","50 E 2ND ST JACKSONVILLE 32206-",,"32206-",,"2706.89","False","0",,"False"
"120015-0000","18896","","7727 LAZEAU DR JACKSONVILLE 32211-",,"32211-",,"2706.96","False","0",,"False"
"167067-1742","25027","","13391 STONE POND DR JACKSONVILLE 32224-",,"32224-",,"2709.19","False","0",,"False"
"142312-0000","21105","","1111 CRESTDALE ST JACKSONVILLE 32211-",,"32211-",,"2709.41","False","0",,"False"
"007230-0000","1812","","965 WESTGATE DR JACKSONVILLE 32221-",,"32221-",,"2710.47","False","0",,"False"
"124875-0000","19393","","4023 PEACH DR JACKSONVILLE 32246-",,"32246-",,"2711.98","False","0",,"False"
"127507-0010","19672","","3927 ABBY LN JACKSONVILLE 32207-",,"32207-",,"2714.63","False","0",,"False"
"125533-0000","19440","","2330 HOLMES ST JACKSONVILLE 32207-",,"32207-",,"2714.7","False","0",,"False"
"018033-0000","3861","","2217 BILLS DR JACKSONVILLE 32210-",,"32210-",,"2717.31","False","0",,"False"
"148514-0594","21773","","9023 MORNINGTON DR JACKSONVILLE 32257-",,"32257-",,"2718.38","False","0",,"False"
"037519-0000","7535","","8945 TYLER AVE JACKSONVILLE 32208-",,"32208-",,"2720","False","0",,"False"
"096523-0000","15924","","4835 SPRITE RD JACKSONVILLE 32210-",,"32210-",,"2720.77","False","0",,"False"
"021305-0000","4541","","7811 PIPIT AVE JACKSONVILLE 32219-",,"32219-",,"2721.21","False","0",,"False"
"167453-5506","25271","","13703 N RICHMOND PARK DR 2803 JACKSONVILLE 32224-",,"32224-",,"2722.69","False","0",,"False"
"040806-0000","8253","","7008 E RHODE ISLAND DR JACKSONVILLE 32209-",,"32209-",,"2722.91","False","0",,"False"
"107005-0030","17197","","352 PONCE BLVD JACKSONVILLE 32218-",,"32218-",,"2724.06","False","0",,"False"
"164675-0000","24554","","1736 DEBUTANTE DR JACKSONVILLE 32246-",,"32246-",,"2724.53","False","0",,"False"
"043481-0000","8713","","2362 DOLPHIN AVE JACKSONVILLE 32218-",,"32218-",,"2724.57","False","0",,"False"
"106431-0000","17011","","13171 PEACEFUL RD JACKSONVILLE 32226-",,"32226-",,"2725.41","False","0",,"False"
"025018-0000","5235","","6907 RESTLAWN DR JACKSONVILLE 32208-",,"32208-",,"2726.04","False","0",,"False"
"020253-0920","4336","","3890 W DUNN AVE 902 JACKSONVILLE 32218-",,"32218-",,"2727.08","False","0",,"False"
"007462-0000","1835","","6546 MERCEL LN JACKSONVILLE 32205-",,"32205-",,"2729.93","False","0",,"False"
"081906-0000","13946","","2319 BETHUNE AVE JACKSONVILLE 32207-",,"32207-",,"2733.39","False","0",,"False"
"076679-0070","13562","","1640 W 2ND ST JACKSONVILLE 32209-",,"32209-",,"2734.57","False","0",,"False"
"062579-0000","12228","","4719 ATTLEBORO ST JACKSONVILLE 32205-",,"32205-",,"2736.75","False","0",,"False"
"106650-0225","17074","","12570 DARYL HILL RD JACKSONVILLE 32218-",,"32218-",,"2737.3","False","0",,"False"
"027195-0000","5613","","5905 MONCRIEF RD JACKSONVILLE 32209-",,"32209-",,"2737.51","False","0",,"False"
"002797-0000","677","","6518 TROUT RIVER BLVD JACKSONVILLE 32219-",,"32219-",,"2739.73","False","0",,"False"
"155675-1024","22959","","10668 COLEMAN RD JACKSONVILLE 32257-",,"32257-",,"2740.99","False","0",,"False"
"025998-0000","5369","","2044 BURGOYNE DR JACKSONVILLE 32208-",,"32208-",,"2741.69","False","0",,"False"
"014053-0000","3014","","7525 S SHARBETH DR JACKSONVILLE 32210-",,"32210-",,"2741.82","False","0",,"False"
"084351-0000","14322","","4030 CANAL ST JACKSONVILLE 32209-",,"32209-",,"2743.68","False","0",,"False"
"038404-0000","7703","","5151 ARCHERY AVE JACKSONVILLE 32208-",,"32208-",,"2744.87","False","0",,"False"
"108964-0602","17649","","6102 TUSCONY CIR JACKSONVILLE 32277-",,"32277-",,"2745.38","False","0",,"False"
"096317-0000","15919","","7361 PROXIMA RD JACKSONVILLE 32210-",,"32210-",,"2745.53","False","0",,"False"
"010935-0000","2244","","961 LE BRUN DR JACKSONVILLE 32205-",,"32205-",,"2746.05","False","0",,"False"
"148704-0178","21979","","9360 CRAVEN RD 605 JACKSONVILLE 32257-",,"32257-",,"2747.3","False","0",,"False"
"019902-0000","4216","","3054 PINE AVE JACKSONVILLE 32218-",,"32218-",,"2748.07","False","0",,"False"
"044052-0000","8755","","10907 TARIN DR JACKSONVILLE 32218-",,"32218-",,"2748.23","False","0",,"False"
"086216-0000","27179","","2199 BENEDICT RD JACKSONVILLE 32209-",,"32209-",,"2750.41","False","0",,"False"
"103338-0000","16552","","5050 WEIGELA TER JACKSONVILLE 32244-",,"32244-",,"2750.82","False","0",,"False"
"039421-0000","7868","","8815 NORFOLK BLVD JACKSONVILLE 32208-",,"32208-",,"2750.87","False","0",,"False"
"043727-0000","8730","","10651 VILLANOVA RD JACKSONVILLE 32218-",,"32218-",,"2751.11","False","0",,"False"
"015192-2276","3199","","6266 DICKENS DR JACKSONVILLE 32244-",,"32244-",,"2751.41","False","0",,"False"
"172328-0500","26256","","MAIN ST ATLANTIC BEACH 32233-",,"32233-",,"2752.73","False","0",,"False"
"083956-0000","14241","","3709 OLD KINGS RD JACKSONVILLE 32254-",,"32254-",,"2753.09","False","0",,"False"
"037761-0000","7582","","9343 WAYNESBORO AVE JACKSONVILLE 32208-",,"32208-",,"2754.81","False","0",,"False"
"000971-1010","162","","16564 S VILLAGE GREEN DR JACKSONVILLE 32234-",,"32234-",,"2756.56","False","0",,"False"
"002899-0010","26889","","9941 CISCO DR JACKSONVILLE 32219-",,"32219-",,"2757.39","False","0",,"False"
"141199-0000","21018","","1418 EASTER ST JACKSONVILLE 32211-",,"32211-",,"2759.33","False","0",,"False"
"104121-0000","16683","","5142 BANSHEE AVE JACKSONVILLE 32244-",,"32244-",,"2759.7","False","0",,"False"
"172075-0200","26219","","1830 MAYPORT RD ATLANTIC BEACH 32233-",,"32233-",,"2763.36","False","0",,"False"
"108747-0000","17592","","E NEW BERLIN RD JACKSONVILLE 32226-",,"32226-",,"2763.41","False","0",,"False"
"158320-1520","23449","","12288 W AUTUMNBROOK TRL JACKSONVILLE 32258-",,"32258-",,"2763.82","False","0",,"False"
"067172-0000","12577","","1490 CASSAT AVE JACKSONVILLE 32205-",,"32205-",,"2764.1","False","0",,"False"
"113190-0000","18147","","7405 WHITE BIRCH DR JACKSONVILLE 32277-",,"32277-",,"2764.8","False","0",,"False"
"154503-5600","22805","","2879 DICKIE CT JACKSONVILLE 32216-",,"32216-",,"2767.16","False","0",,"False"
"099135-3710","16308","","7682 ORTEGA BLUFF PKWY JACKSONVILLE 32244-",,"32244-",,"2767.17","False","0",,"False"
"038048-0000","7642","","5007 PORTSMOUTH AVE JACKSONVILLE 32208-",,"32208-",,"2768.36","False","0",,"False"
"002309-0000","501","","5258 NATHAN HALE RD JACKSONVILLE 32221-",,"32221-",,"2770.61","False","0",,"False"
"079105-0000","13830","","1142 BRIERFIELD DR JACKSONVILLE 32205-",,"32205-",,"2770.72","False","0",,"False"
"105286-0000","16797","","6362 BADNUR DR JACKSONVILLE 32210-",,"32210-",,"2772.07","False","0",,"False"
"118023-0000","18780","","2603 ROGERO RD JACKSONVILLE 32211-",,"32211-",,"2772.47","False","0",,"False"
"039734-0000","7925","","8603 HOWELL DR JACKSONVILLE 32208-",,"32208-",,"2780.76","False","0",,"False"
"016187-0000","3543","","7168 BUNION DR JACKSONVILLE 32222-",,"32222-",,"2780.94","False","0",,"False"
"012955-0010","2625","","NOROAD JACKSONVILLE 32210-",,"32210-",,"2781.23","False","0",,"False"
"134396-0000","20504","","6056 S ROBBINS CIR JACKSONVILLE 32211-",,"32211-",,"2781.34","False","0",,"False"
"104829-0000","16759","","5924 CEDAR HILLS BLVD JACKSONVILLE 32210-",,"32210-",,"2782.32","False","0",,"False"
"167132-8155","25122","","2189 EL LAGO WAY JACKSONVILLE 32224-",,"32224-",,"2783.77","False","0",,"False"
"068008-0000","12647","","5146 PARK ST JACKSONVILLE 32205-",,"32205-",,"2784.96","False","0",,"False"
"053418-0000","10910","","1912 W DURKEE DR JACKSONVILLE 32209-",,"32209-",,"2785.41","False","0",,"False"
"030290-0230","6327","","7546 E JOHN F KENNEDY DR JACKSONVILLE 32219-",,"32219-",,"2786.1","False","0",,"False"
"053841-0000","11010","","1271 HART ST JACKSONVILLE 32209-",,"32209-",,"2786.84","False","0",,"False"
"094901-0000","15809","","5243 SUNDERLAND RD JACKSONVILLE 32210-",,"32210-",,"2787.9","False","0",,"False"
"070152-0000","12849","","3311 ST AUGUSTINE RD JACKSONVILLE 32207-",,"32207-",,"2788.33","False","0",,"False"
"046688-0000","9417","","1920 PULLMAN CT JACKSONVILLE 32209-",,"32209-",,"2789.73","False","0",,"False"
"022003-0000","4717","","8052 MONCRIEF-DINSMORE RD JACKSONVILLE 32219-",,"32219-",,"2789.84","False","0",,"False"
"154166-2460","22649","","8539 W GATE PKWY 9409 JACKSONVILLE 32216-",,"32216-",,"2791.09","False","0",,"False"
"140252-0000","20953","","1311 GROVE PARK BLVD JACKSONVILLE 32216-",,"32216-",,"2793.01","False","0",,"False"
"013216-0050","2747","","8047 NUSSBAUM DR JACKSONVILLE 32210-",,"32210-",,"2796.31","False","0",,"False"
"094194-0000","15767","","5030 BIRKENHEAD RD JACKSONVILLE 32210-",,"32210-",,"2796.4","False","0",,"False"
"121520-0000","19032","","8254 MATHONIA AVE JACKSONVILLE 32211-",,"32211-",,"2797.4","False","0",,"False"
"030099-0010","6282","","3632 CLYDE DR JACKSONVILLE 32208-",,"32208-",,"2799.07","False","0",,"False"
"022742-0010","4883","","5612 DOEBOY ST JACKSONVILLE 32208-",,"32208-",,"2801.07","False","0",,"False"
"002215-0010","480","","3801 ALCOY RD JACKSONVILLE 32221-",,"32221-",,"2802.97","False","0",,"False"
"042642-0000","8630","","2031 BROWARD RD JACKSONVILLE 32218-",,"32218-",,"2803.71","False","0",,"False"
"165291-1018","24786","","2415 GLEN GARDNER DR JACKSONVILLE 32246-",,"32246-",,"2803.79","False","0",,"False"
"038765-0000","7751","","9716 DEVONSHIRE BLVD JACKSONVILLE 32208-",,"32208-",,"2805.21","False","0",,"False"
"167813-0000","25671","","MCLAURIN RD JACKSONVILLE 32256-",,"32256-",,"2806","False","0",,"False"
"123741-0000","19291","","9729 LILY RD JACKSONVILLE 32246-",,"32246-",,"2806.23","False","0",,"False"
"102157-0000","16449","","4550 BLOUNT AVE JACKSONVILLE 32210-",,"32210-",,"2806.39","False","0",,"False"
"004746-0170","1271","","1335 QUAIL ROOST LN JACKSONVILLE 32220-",,"32220-",,"2806.44","False","0",,"False"
"117254-0000","18725","","7085 GREENHOLLY DR JACKSONVILLE 32277-",,"32277-",,"2807.11","False","0",,"False"
"037989-0000","7625","","8972 CASTLE BLVD JACKSONVILLE 32208-",,"32208-",,"2810.23","False","0",,"False"
"157747-0000","23350","","5010 CERISE ST JACKSONVILLE 32258-",,"32258-",,"2810.94","False","0",,"False"
"025828-0000","5346","","2839 PALMDALE ST JACKSONVILLE 32208-",,"32208-",,"2811.14","False","0",,"False"
"016628-0000","3767","","3725 RODBY DR JACKSONVILLE 32210-",,"32210-",,"2813.14","False","0",,"False"
"056151-0005","11432","","2362 EDWARDS AVE JACKSONVILLE 32254-",,"32254-",,"2814","False","0",,"False"
"119513-0000","18861","","3257 W SHETLAND RD JACKSONVILLE 32277-",,"32277-",,"2817.79","False","0",,"False"
"017636-0000","3832","","6851 BIDDY LN JACKSONVILLE 32210-",,"32210-",,"2818.03","False","0",,"False"
"043632-0000","8724","","2438 WILMONT AVE JACKSONVILLE 32218-",,"32218-",,"2818.78","False","0",,"False"
"021112-0000","4489","","10221 BEAM ST JACKSONVILLE 32218-",,"32218-",,"2818.89","False","0",,"False"
"108407-0155","17514","","14596 BRADLEY MAX CT JACKSONVILLE 32218-",,"32218-",,"2818.95","False","0",,"False"
"046423-0002","9345","","1438 W 15TH ST JACKSONVILLE 32209-",,"32209-",,"2821.97","False","0",,"False"
"039021-0000","7790","","4926 LOCKSLEY AVE JACKSONVILLE 32208-",,"32208-",,"2823.65","False","0",,"False"
"165291-1020","24787","","2421 GLEN GARDNER DR JACKSONVILLE 32246-",,"32246-",,"2823.67","False","0",,"False"
"148702-0632","21968","","4251 MIGRATION DR 5-9 JACKSONVILLE 32257-",,"32257-",,"2824.06","False","0",,"False"
"052636-0000","10752","","1615 TYLER ST JACKSONVILLE 32209-",,"32209-",,"2824.49","False","0",,"False"
"164759-0000","24560","","1848 SUNRISE DR JACKSONVILLE 32246-",,"32246-",,"2824.5","False","0",,"False"
"098000-0000","27197","","5865 110TH ST JACKSONVILLE 32244-",,"32244-",,"2824.82","False","0",,"False"
"148152-1170","21732","","4322 S PLAZA GATE LN 202 JACKSONVILLE 32217-",,"32217-",,"2828.78","False","0",,"False"
"008034-0000","1872","","7462 S SKYE DR JACKSONVILLE 32221-",,"32221-",,"2829.92","False","0",,"False"
"014633-0000","3135","","6304 E TINTERN CIR JACKSONVILLE 32244-",,"32244-",,"2831.3","False","0",,"False"
"098000-0000","16065","","5865 110TH ST JACKSONVILLE 32244-",,"32244-",,"2833.79","False","0",,"False"
"164478-0000","24533","","10388 LAWSON RD JACKSONVILLE 32246-",,"32246-",,"2835.96","False","0",,"False"
"010189-0000","2163","","2350 W LOURDES DR JACKSONVILLE 32210-",,"32210-",,"2837.39","False","0",,"False"
"136163-1667","20661","","8601 BEACH BLVD 309 JACKSONVILLE 32216-",,"32216-",,"2838.55","False","0",,"False"
"016904-0000","3781","","6813 TOM THUMB DR JACKSONVILLE 32210-",,"32210-",,"2838.75","True","5802.56","","True"
"102213-0000","16452","","4647 BLOUNT AVE JACKSONVILLE 32210-",,"32210-",,"2839.65","False","0",,"False"
"154184-0020","22676","","8866 HOGAN RD JACKSONVILLE 32216-",,"32216-",,"2839.78","False","0",,"False"
"051271-0000","10431","","1902 KINGS RD JACKSONVILLE 32209-",,"32209-",,"2840.86","False","0",,"False"
"108321-0010","17490","","324 KIRK RD JACKSONVILLE 32218-",,"32218-",,"2842.8","False","0",,"False"
"017088-0000","3795","","3947 MACGREGOR DR JACKSONVILLE 32210-",,"32210-",,"2843.82","False","0",,"False"
"021896-0000","4692","","8098 PIPIT AVE JACKSONVILLE 32219-",,"32219-",,"2844.71","False","0",,"False"
"165287-9914","27299","","11727 SAINTS RD JACKSONVILLE 32246-",,"32246-",,"2844.77","False","0",,"False"
"013025-0500","2654","","4511 ZAMBITO AVE JACKSONVILLE 32210-",,"32210-",,"2846.79","False","0",,"False"
"141704-0000","21071","","6743 ECTOR RD JACKSONVILLE 32211-",,"32211-",,"2846.91","False","0",,"False"
"034956-0000","7073","","156 ANDRESS ST JACKSONVILLE 32208-",,"32208-",,"2851.5","False","0",,"False"
"001155-0000","233","","8436 TANGERINE ST JACKSONVILLE 32234-",,"32234-",,"2854.44","False","0",,"False"
"152594-9954","22421","","7032 DEER LODGE CIR 108 JACKSONVILLE 32256-",,"32256-",,"2856.56","False","0",,"False"
"167253-0000","25188","","1628 RIVERVIEW DR JACKSONVILLE 32224-",,"32224-",,"2857.36","False","0",,"False"
"128051-0000","19731","","3502 WINDY HILL PL JACKSONVILLE 32246-",,"32246-",,"2857.71","False","0",,"False"
"120799-0184","18973","","1495 FIELDVIEW DR JACKSONVILLE 32225-",,"32225-",,"2860.34","False","0",,"False"
"102958-0002","16491","","BLANDING BLVD JACKSONVILLE 32210-",,"32210-",,"2861.97","False","0",,"False"
"029850-0000","6216","","5144 TROUT RIVER BLVD JACKSONVILLE 32208-",,"32208-",,"2862.83","False","0",,"False"
"164655-0000","24551","","10351 ATLANTIC CIR JACKSONVILLE 32246-",,"32246-",,"2863.61","False","0",,"False"
"122621-0020","19166","","1249 GRANT ST JACKSONVILLE 32202-",,"32202-",,"2864.16","False","0",,"False"
"147410-0000","21596","","4150 GRANT RD JACKSONVILLE 32207-",,"32207-",,"2864.22","False","0",,"False"
"164928-0000","24571","","1943 RAYBEN DR JACKSONVILLE 32246-",,"32246-",,"2864.41","False","0",,"False"
"161323-0000","24089","","10610 PRIM DR JACKSONVILLE 32225-",,"32225-",,"2867.85","False","0",,"False"
"044113-0030","8770","","10720 RUTGERS RD JACKSONVILLE 32218-",,"32218-",,"2868.06","False","0",,"False"
"029922-0020","6239","","5113 TROUT RIVER BLVD JACKSONVILLE 32208-",,"32208-",,"2870.23","False","0",,"False"
"119353-0000","18851","","3205 SEARCHWOOD DR JACKSONVILLE 32277-",,"32277-",,"2871.77","False","0",,"False"
"147602-0000","21629","","2814 RUTH DR JACKSONVILLE 32207-",,"32207-",,"2873.31","False","0",,"False"
"164806-0000","24562","","1903 SUNRISE DR JACKSONVILLE 32246-",,"32246-",,"2873.33","False","0",,"False"
"069501-0000","12785","","4737 SHELBY AVE JACKSONVILLE 32210-",,"32210-",,"2873.57","False","0",,"False"
"142385-0000","21109","","6565 N BRANDEMERE RD JACKSONVILLE 32211-",,"32211-",,"2875.46","False","0",,"False"
"087067-0000","15035","","1603 W 25TH ST JACKSONVILLE 32209-",,"32209-",,"2876.84","False","0",,"False"
"019974-2100","4231","","11468 JERRY ADAM DR JACKSONVILLE 32218-",,"32218-",,"2876.94","False","0",,"False"
"048661-0020","9917","","2873 W 6TH ST JACKSONVILLE 32254-",,"32254-",,"2877.23","False","0",,"False"
"039591-0000","7889","","8615 W SAMONA DR JACKSONVILLE 32208-",,"32208-",,"2877.44","False","0",,"False"
"039783-0000","7938","","8529 BRAZIL RD JACKSONVILLE 32208-",,"32208-",,"2878.38","False","0",,"False"
"137402-0000","20801","","7154 SANS SOUCI RD JACKSONVILLE 32216-",,"32216-",,"2879.57","False","0",,"False"
"108433-0200","17538","","NEW BERLIN RD JACKSONVILLE 32226-",,"32226-",,"2882.36","False","0",,"False"
"008891-1305","1963","","10352 HEARTHSIDE DR JACKSONVILLE 32221-",,"32221-",,"2882.51","False","0",,"False"
"036511-0000","7346","","9210 3RD AVE JACKSONVILLE 32208-",,"32208-",,"2882.56","False","0",,"False"
"008130-2610","1883","","7842 SUMMER STAR CT JACKSONVILLE 32221-",,"32221-",,"2882.81","False","0",,"False"
"013900-0000","2998","","7250 ZAPATA DR JACKSONVILLE 32210-",,"32210-",,"2883.26","False","0",,"False"
"144687-0000","21298","","8839 DANDY AVE JACKSONVILLE 32211-",,"32211-",,"2884.42","False","0",,"False"
"016272-0010","3566","","9010 TAYLOR FIELD RD JACKSONVILLE 32222-",,"32222-",,"2885.64","False","0",,"False"
"023352-0000","4980","","956 WAYNE ST JACKSONVILLE 32208-",,"32208-",,"2885.89","False","0",,"False"
"026983-0000","5569","","1551 W EDGEWOOD AVE JACKSONVILLE 32208-",,"32208-",,"2886.31","False","0",,"False"
"067779-0000","12619","","5216 QUAN DR JACKSONVILLE 32205-",,"32205-",,"2887.53","False","0",,"False"
"011672-0000","2374","","7118 LENOX AVE JACKSONVILLE 32205-",,"32205-",,"2889.87","False","0",,"False"
"016409-0425","3615","","9220 REDTAIL DR JACKSONVILLE 32222-",,"32222-",,"2890.4","False","0",,"False"
"049287-0000","10030","","3531 KINGSTON ST JACKSONVILLE 32254-",,"32254-",,"2890.47","False","0",,"False"
"009297-0000","2082","","1638 DERITO DR JACKSONVILLE 32221-",,"32221-",,"2890.53","False","0",,"False"
"103200-0000","16535","","5209 DELPHIN LN JACKSONVILLE 32244-",,"32244-",,"2890.66","False","0",,"False"
"051738-0000","10538","","1929 W 10TH ST JACKSONVILLE 32209-",,"32209-",,"2892.15","False","0",,"False"
"172241-0010","26243","","65 EDGAR ST ATLANTIC BEACH 32233-",,"32233-",,"2892.65","False","0",,"False"
"038868-0000","7767","","9623 FLECHETTE AVE JACKSONVILLE 32208-",,"32208-",,"2892.76","False","0",,"False"
"154713-0000","22831","","8360 S BRACKRIDGE BLVD JACKSONVILLE 32216-",,"32216-",,"2895.71","False","0",,"False"
"175333-0000","26422","","1304 N 15TH AVE JACKSONVILLE BEACH 32250-",,"32250-",,"2896.31","False","0",,"False"
"017279-0000","3809","","6724 WILSON BLVD JACKSONVILLE 32210-",,"32210-",,"2898.79","False","0",,"False"
"007385-0000","1823","","7641 SADDLE RD JACKSONVILLE 32221-",,"32221-",,"2899.54","False","0",,"False"
"025654-0000","5311","","6669 RESTLAWN DR JACKSONVILLE 32208-",,"32208-",,"2901.82","False","0",,"False"
"022812-0000","4904","","906 CARROLLTON RD JACKSONVILLE 32208-",,"32208-",,"2902.82","False","0",,"False"
"118994-0000","18833","","7625 MAYAPPLE RD JACKSONVILLE 32211-",,"32211-",,"2903.37","False","0",,"False"
"039408-0388","7854","","4360 BEDIVERE RD JACKSONVILLE 32208-",,"32208-",,"2904.89","False","0",,"False"
"032980-0000","6800","","318 W 70TH ST JACKSONVILLE 32208-",,"32208-",,"2906.31","False","0",,"False"
"044110-0420","8762","","1133 MARBLEHEAD RD JACKSONVILLE 32218-",,"32218-",,"2906.31","False","0",,"False"
"003297-0000","816","","7900 W MONCRIEF RD JACKSONVILLE 32219-",,"32219-",,"2907.03","False","0",,"False"
"034169-0000","6975","","100 E 56TH ST JACKSONVILLE 32208-",,"32208-",,"2907.07","False","0",,"False"
"107248-0000","17233","","249 S SHAMROCK AVE JACKSONVILLE 32218-",,"32218-",,"2909.07","False","0",,"False"
"058135-0000","11758","","3024 COLUMBUS AVE JACKSONVILLE 32254-",,"32254-",,"2909.3","False","0",,"False"
"024049-0000","5076","","8434 E CONCORD BLVD JACKSONVILLE 32208-",,"32208-",,"2910.04","False","0",,"False"
"104582-0000","16715","","5720 CEDAR PARK LN JACKSONVILLE 32210-",,"32210-",,"2912.69","False","0",,"False"
"162830-0000","24273","","10708 MAJURO DR JACKSONVILLE 32246-",,"32246-",,"2912.75","False","0",,"False"
"128804-0000","19787","","5769 FLORAL AVE JACKSONVILLE 32211-",,"32211-",,"2912.9","False","0",,"False"
"135649-0000","20601","","5546 SHARON TER JACKSONVILLE 32207-",,"32207-",,"2914.31","False","0",,"False"
"030704-0000","6429","","2501 N MINOSA CIR JACKSONVILLE 32209-",,"32209-",,"2914.85","False","0",,"False"
"071402-0000","12976","","1619 N LAURA ST JACKSONVILLE 32206-",,"32206-",,"2915.76","False","0",,"False"
"002890-0060","717","","7920 SHANE RD JACKSONVILLE 32219-",,"32219-",,"2920.86","False","0",,"False"
"162883-0146","24314","","375 GREENCASTLE RD 72 JACKSONVILLE 32225-",,"32225-",,"2924.3","False","0",,"False"
"021409-0000","4578","","5925 FLICKER AVE JACKSONVILLE 32219-",,"32219-",,"2924.77","False","0",,"False"
"011449-0050","2308","","1470 OTTAWA AVE JACKSONVILLE 32210-",,"32210-",,"2927.04","False","0",,"False"
"135957-0040","20635","","3592 ATHERTON ST JACKSONVILLE 32207-",,"32207-",,"2928.68","False","0",,"False"
"078713-0000","13798","","825 CASSAT AVE JACKSONVILLE 32205-",,"32205-",,"2928.74","False","0",,"False"
"124588-0000","19377","","3633 W EVE DR JACKSONVILLE 32246-",,"32246-",,"2929.76","False","0",,"False"
"103462-0060","16569","","5774 PENNY LN JACKSONVILLE 32244-",,"32244-",,"2931.66","False","0",,"False"
"050783-0000","10320","","STAFFORD ST JACKSONVILLE 32209-",,"32209-",,"2935.08","False","0",,"False"
"015210-0000","3206","","8876 BELLROSE AVE JACKSONVILLE 32222-",,"32222-",,"2935.58","False","0",,"False"
"009291-0000","2081","","8772 PATRICIA CT JACKSONVILLE 32221-",,"32221-",,"2936.64","False","0",,"False"
"149017-4102","22076","","4010 LAURELWOOD DR JACKSONVILLE 32257-",,"32257-",,"2937.15","False","0",,"False"
"069927-0000","12821","","1663 DAVIDSON ST JACKSONVILLE 32207-",,"32207-",,"2937.35","False","0",,"False"
"015530-1060","3291","","9217 N WHISPER GLEN DR JACKSONVILLE 32222-",,"32222-",,"2938.48","False","0",,"False"
"165287-9914","24745","","11727 SAINTS RD JACKSONVILLE 32246-",,"32246-",,"2938.98","False","0",,"False"
"016802-0000","3776","","6421 HARLOW BLVD JACKSONVILLE 32210-",,"32210-",,"2947.65","False","0",,"False"
"016681-0000","3770","","4015 E COBALT AVE JACKSONVILLE 32210-",,"32210-",,"2948.16","False","0",,"False"
"139467-0000","20917","","6724 S NIGHTINGALE RD JACKSONVILLE 32216-",,"32216-",,"2948.47","False","0",,"False"
"119244-0000","18846","","3147 CATHEDRAL LN JACKSONVILLE 32277-",,"32277-",,"2952.74","False","0",,"False"
"022656-0060","4856","","1520 ENGLISH ST JACKSONVILLE 32208-",,"32208-",,"2952.83","False","0",,"False"
"029782-0000","6198","","2257 HILLY RD JACKSONVILLE 32208-",,"32208-",,"2953.01","False","0",,"False"
"069859-0000","12813","","1750 ASHLAND ST JACKSONVILLE 32207-",,"32207-",,"2956.39","False","0",,"False"
"066676-0000","12532","","1123 DENAUD ST JACKSONVILLE 32205-",,"32205-",,"2957.21","False","0",,"False"
"019701-3645","4143","","1749 BISCAYNE BAY CIR JACKSONVILLE 32218-",,"32218-",,"2957.24","False","0",,"False"
"119028-0000","18836","","2524 E MAYAPPLE RD JACKSONVILLE 32211-",,"32211-",,"2957.62","False","0",,"False"
"106381-0590","16979","","13365 GROVER RD JACKSONVILLE 32226-",,"32226-",,"2961.68","False","0",,"False"
"105084-0000","16782","","3903 CAMBAY PL JACKSONVILLE 32210-",,"32210-",,"2963.79","False","0",,"False"
"025879-0000","5354","","2405 PALMDALE ST JACKSONVILLE 32208-",,"32208-",,"2972.06","False","0",,"False"
"046389-0000","9339","","1366 W 16TH ST JACKSONVILLE 32209-",,"32209-",,"2974.11","False","0",,"False"
"027731-0000","5714","","3807 ERNJO RD JACKSONVILLE 32209-",,"32209-",,"2976.17","False","0",,"False"
"038046-0000","7641","","5077 FREDERICKSBURG AVE JACKSONVILLE 32208-",,"32208-",,"2979.64","False","0",,"False"
"041890-0000","8475","","6704 W GASPAR CIR JACKSONVILLE 32219-",,"32219-",,"2984.25","False","0",,"False"
"113874-0210","18220","","1820 EVERGREEN AVE JACKSONVILLE 32206-",,"32206-",,"2984.77","False","0",,"False"
"154166-2854","22662","","8539 W GATE PKWY 1732 JACKSONVILLE 32216-",,"32216-",,"2987.82","False","0",,"False"
"042152-0000","8568","","5217 BOILARD DR JACKSONVILLE 32209-",,"32209-",,"2988.42","False","0",,"False"
"149620-0162","22206","","3065 BEAUCLERC OAKS CT JACKSONVILLE 32257-",,"32257-",,"2988.65","False","0",,"False"
"125192-0000","19416","","2109 CAMDEN AVE JACKSONVILLE 32207-",,"32207-",,"2989.76","False","0",,"False"
"160683-5485","23912","","11356 S SWEET CHERRY LN JACKSONVILLE 32225-",,"32225-",,"2990.41","False","0",,"False"
"041915-0949","8496","","8376 W EARL CIR JACKSONVILLE 32219-",,"32219-",,"2991.51","False","0",,"False"
"022812-0000","26958","","906 CARROLLTON RD JACKSONVILLE 32208-",,"32208-",,"2995.07","False","0",,"False"
"113108-0000","18143","","7230 SANDY BLUFF DR JACKSONVILLE 32277-",,"32277-",,"2997.66","False","0",,"False"
"029430-2025","6130","","8872 W SCOTT WOODS DR JACKSONVILLE 32208-",,"32208-",,"2997.97","False","0",,"False"
"066860-0000","12544","","1222 MULL ST JACKSONVILLE 32205-",,"32205-",,"2998.08","False","0",,"False"
"038222-0000","7667","","5065 FREDERICKSBURG AVE JACKSONVILLE 32208-",,"32208-",,"2999.06","False","0",,"False"
"118697-0000","18816","","7043 HIELO DR JACKSONVILLE 32211-",,"32211-",,"3000.33","False","0",,"False"
"164865-0000","24568","","1829 W AGAVE CIR JACKSONVILLE 32246-",,"32246-",,"3000.8","False","0",,"False"
"104207-0000","16690","","5153 PENNANT DR JACKSONVILLE 32244-",,"32244-",,"3001.63","False","0",,"False"
"015088-0000","3168","","5416 ENCHANTED DR JACKSONVILLE 32244-",,"32244-",,"3001.99","False","0",,"False"
"068087-0000","12664","","4730 N SEFA CIR JACKSONVILLE 32210-",,"32210-",,"3004.08","False","0",,"False"
"157903-0010","23356","","HIDE-A-WAY DR JACKSONVILLE 32258-",,"32258-",,"3008.45","False","0",,"False"
"119840-0000","18884","","7514 S DALEHURST DR JACKSONVILLE 32277-",,"32277-",,"3012","False","0",,"False"
"167444-0134","25216","","1818 THE WOODS DR JACKSONVILLE 32246-",,"32246-",,"3015.06","False","0",,"False"
"154503-1046","22800","","3131 BRIDGEVIEW DR JACKSONVILLE 32216-",,"32216-",,"3015.57","False","0",,"False"
"167734-2145","25432","","13810 N SUTTON PARK DR 927 JACKSONVILLE 32224-",,"32224-",,"3016.96","False","0",,"False"
"014861-0000","3150","","7425 N GOLDEN GROVE RD JACKSONVILLE 32244-",,"32244-",,"3017.69","False","0",,"False"
"146185-0000","21484","","3740 FOREST BLVD JACKSONVILLE 32246-",,"32246-",,"3017.84","False","0",,"False"
"072514-0000","13138","","515 E 3RD ST JACKSONVILLE 32206-",,"32206-",,"3017.9","False","0",,"False"
"072638-0000","13153","","406 E 3RD ST JACKSONVILLE 32206-",,"32206-",,"3019.62","False","0",,"False"
"039825-0000","7946","","4035 HARBOR VIEW DR JACKSONVILLE 32208-",,"32208-",,"3020.21","False","0",,"False"
"066651-0020","12526","","5106 ALPHA AVE JACKSONVILLE 32205-",,"32205-",,"3021.52","False","0",,"False"
"118919-0000","18829","","7425 MAYAPPLE RD JACKSONVILLE 32211-",,"32211-",,"3021.73","False","0",,"False"
"029430-1255","6129","","3952 N VICTORIA LANDING DR JACKSONVILLE 32208-",,"32208-",,"3022.27","False","0",,"False"
"005767-0000","1485","","8227 PASCHAL ST JACKSONVILLE 32220-",,"32220-",,"3023","False","0",,"False"
"056728-0000","11523","","2600 ORCHARD ST JACKSONVILLE 32254-",,"32254-",,"3024.05","False","0",,"False"
"094403-0000","15772","","2321 HAMILTON ST JACKSONVILLE 32210-",,"32210-",,"3025.49","False","0",,"False"
"059141-0020","11951","","DOOLITTLE RD JACKSONVILLE 32254-",,"32254-",,"3026.1","False","0",,"False"
"072638-0000","27154","","406 E 3RD ST JACKSONVILLE 32206-",,"32206-",,"3027.06","False","0",,"False"
"147819-0040","21654","","2642 JOHN LN JACKSONVILLE 32207-",,"32207-",,"3029.39","False","0",,"False"
"042641-0000","8629","","2041 BROWARD RD JACKSONVILLE 32218-",,"32218-",,"3029.87","False","0",,"False"
"020382-0100","4366","","11127 LEM TURNER RD JACKSONVILLE 32218-",,"32218-",,"3030.38","False","0",,"False"
"041894-0000","8477","","5870 S GASPAR CIR JACKSONVILLE 32219-",,"32219-",,"3031.37","False","0",,"False"
"002673-0100","653","","10430 CIVIC CLUB DR JACKSONVILLE 32219-",,"32219-",,"3031.81","False","0",,"False"
"063450-0000","12288","","2913 ROSSELLE ST JACKSONVILLE 32205-",,"32205-",,"3032.61","False","0",,"False"
"168084-2630","25762","","5925 TAVERNIER ST JACKSONVILLE 32258-",,"32258-",,"3032.81","False","0",,"False"
"147979-1012","21669","","5524 COMMUNITY OAKS CT JACKSONVILLE 32207-",,"32207-",,"3033.82","False","0",,"False"
"065486-0000","12439","","1181 HAMILTON ST JACKSONVILLE 32205-",,"32205-",,"3038.68","False","0",,"False"
"004360-0000","1168","","6544 PICKETTVILLE RD JACKSONVILLE 32254-",,"32254-",,"3039.99","False","0",,"False"
"142166-0000","21096","","6214 PINELOCK DR JACKSONVILLE 32211-",,"32211-",,"3042.22","False","0",,"False"
"107038-0000","17205","","366 SAGO AVE JACKSONVILLE 32218-",,"32218-",,"3042.57","False","0",,"False"
"029759-0000","6194","","9917 BAYVIEW AVE JACKSONVILLE 32208-",,"32208-",,"3043.28","False","0",,"False"
"172175-0000","26230","","60 SIMMONS RD ATLANTIC BEACH 32233-",,"32233-",,"3043.64","False","0",,"False"
"044112-0190","8767","","1211 N BLUEHILL DR JACKSONVILLE 32218-",,"32218-",,"3044.14","False","0",,"False"
"159665-0332","23692","","16190 SAWPIT RD JACKSONVILLE 32226-",,"32226-",,"3045.18","False","0",,"False"
"056568-0000","11486","","219 S MCDUFF AVE JACKSONVILLE 32254-",,"32254-",,"3046.53","False","0",,"False"
"055802-0000","11349","","2403 EDISON AVE JACKSONVILLE 32204-",,"32204-",,"3049.3","False","0",,"False"
"023027-0000","4935","","3519 HICKORYNUT ST JACKSONVILLE 32208-",,"32208-",,"3050.05","False","0",,"False"
"104990-0000","16775","","6148 SUDBURY AVE JACKSONVILLE 32210-",,"32210-",,"3051.94","False","0",,"False"
"149234-0000","22166","","8945 REGINA RD JACKSONVILLE 32257-",,"32257-",,"3052.63","False","0",,"False"
"021352-0010","4559","","7819 MATTOX AVE JACKSONVILLE 32219-",,"32219-",,"3053.14","False","0",,"False"
"079053-0000","13823","","1050 CONGLETON TER JACKSONVILLE 32205-",,"32205-",,"3055.69","False","0",,"False"
"116314-0000","18680","","5956 REDBERRY LN JACKSONVILLE 32211-",,"32211-",,"3057.29","False","0",,"False"
"083347-0000","14003","","5636 OLD KINGS RD JACKSONVILLE 32254-",,"32254-",,"3057.47","False","0",,"False"
"047393-0010","9602","","2264 W 28TH ST JACKSONVILLE 32209-",,"32209-",,"3058.71","False","0",,"False"
"106227-0000","16942","","533 BIRD RD JACKSONVILLE 32218-",,"32218-",,"3059","False","0",,"False"
"012565-0000","2491","","2631 BETHEL RD JACKSONVILLE 32210-",,"32210-",,"3059.6","False","0",,"False"
"164698-0000","24555","","1714 LAWSON RD JACKSONVILLE 32246-",,"32246-",,"3060.07","False","0",,"False"
"111414-0260","17968","","3909 MUSKET TRL JACKSONVILLE 32277-",,"32277-",,"3060.87","False","0",,"False"
"066334-0000","12502","","1201 CASSAT AVE JACKSONVILLE 32205-",,"32205-",,"3062.78","False","0",,"False"
"019596-0000","4051","","4850 PARETE CIR JACKSONVILLE 32218-",,"32218-",,"3063.32","False","0",,"False"
"107854-0040","17337","","15 HYATT LN JACKSONVILLE 32218-",,"32218-",,"3065.6","False","0",,"False"
"103243-0000","16541","","5340 TIMUQUANA RD JACKSONVILLE 32210-",,"32210-",,"3068.1","False","0",,"False"
"168390-0000","25865","","942 WONDERWOOD DR JACKSONVILLE 32233-",,"32233-",,"3068.49","False","0",,"False"
"000472-1020","80","","183 E MAY ST BALDWIN 32234-",,"32234-",,"3068.85","True","9592.69","","True"
"166286-8035","24898","","2802 COACHMAN LAKES DR JACKSONVILLE 32246-",,"32246-",,"3069.51","False","0",,"False"
"047240-0000","9548","","2318 W 13TH ST JACKSONVILLE 32209-",,"32209-",,"3069.54","False","0",,"False"
"124040-0000","19319","","9926 LEAHY RD JACKSONVILLE 32246-",,"32246-",,"3069.55","False","0",,"False"
"001929-0100","437","","932 S HALSEMA RD JACKSONVILLE 32221-",,"32221-",,"3072.3","False","0",,"False"
"165287-9918","27300","","11731 SAINTS RD 1 JACKSONVILLE 32246-",,"32246-",,"3072.6","False","0",,"False"
"112853-0682","18062","","3920 HICKORY GROVE DR JACKSONVILLE 32277-",,"32277-",,"3073.98","False","0",,"False"
"038001-0000","7630","","8904 DEVONSHIRE BLVD JACKSONVILLE 32208-",,"32208-",,"3074.13","False","0",,"False"
"154590-0000","22822","","2725 CLARA RD JACKSONVILLE 32216-",,"32216-",,"3074.18","False","0",,"False"
"109044-4276","17676","","7944 FALLON OAKS LN JACKSONVILLE 32277-",,"32277-",,"3076.04","False","0",,"False"
"014273-2008","3035","","7686 STRATO RD JACKSONVILLE 32210-",,"32210-",,"3077.56","False","0",,"False"
"146842-0000","21534","","6226 E MERCER CIR JACKSONVILLE 32217-",,"32217-",,"3079.24","False","0",,"False"
"167747-1146","25553","","7990 E BAYMEADOWS RD 1012 JACKSONVILLE 32256-",,"32256-",,"3079.88","False","0",,"False"
"036053-0000","7265","","9156 LEM TURNER RD JACKSONVILLE 32208-",,"32208-",,"3082.92","False","0",,"False"
"098000-0000","27191","","5865 110TH ST JACKSONVILLE 32244-",,"32244-",,"3083.07","False","0",,"False"
"042016-0000","8543","","5328 S DOSTIE DR JACKSONVILLE 32209-",,"32209-",,"3083.34","False","0",,"False"
"136598-0020","20711","","5103 THORDEN RD JACKSONVILLE 32207-",,"32207-",,"3085.27","False","0",,"False"
"113313-1026","18157","","3517 PEELER RD 13 JACKSONVILLE 32277-",,"32277-",,"3086.17","False","0",,"False"
"048866-0000","9959","","2354 N EDGEWOOD AVE JACKSONVILLE 32254-",,"32254-",,"3089.43","False","0",,"False"
"064886-0000","12412","","729 WEST ST JACKSONVILLE 32204-",,"32204-",,"3089.84","False","0",,"False"
"167444-9245","25234","","2479 EGRETS GLADE DR JACKSONVILLE 32224-",,"32224-",,"3095.9","False","0",,"False"
"108325-0000","17492","","122 KIRK RD JACKSONVILLE 32218-",,"32218-",,"3097.97","False","0",,"False"
"149020-0000","22081","","4678 SUNBEAM RD JACKSONVILLE 32257-",,"32257-",,"3099.24","False","0",,"False"
"041915-0986","8501","","5652 FINCH AVE JACKSONVILLE 32219-",,"32219-",,"3102.81","False","0",,"False"
"050638-0000","10278","","1056 ALMEDA ST JACKSONVILLE 32209-",,"32209-",,"3103.64","False","0",,"False"
"110724-0000","17829","","1842 FAYE RD JACKSONVILLE 32218-",,"32218-",,"3104.15","False","0",,"False"
"083870-0010","14205","","3103 N EDGEWOOD AVE JACKSONVILLE 32254-",,"32254-",,"3110.36","False","0",,"False"
"178069-0000","26641","","315 N 15TH ST JACKSONVILLE BEACH 32250-",,"32250-",,"3114.04","False","0",,"False"
"123768-0000","19294","","2815 SOUTHSIDE BLVD JACKSONVILLE 32216-",,"32216-",,"3116.4","False","0",,"False"
"120872-0000","18987","","1405 TRACY RD JACKSONVILLE 32211-",,"32211-",,"3116.46","False","0",,"False"
"135353-0000","20581","","2040 TAUNTON RD JACKSONVILLE 32207-",,"32207-",,"3120.39","False","0",,"False"
"023335-0000","4978","","8100 W CONCORD BLVD JACKSONVILLE 32208-",,"32208-",,"3121.28","False","0",,"False"
"072879-0000","13182","","330 E 1ST ST JACKSONVILLE 32206-",,"32206-",,"3124.29","False","0",,"False"
"167453-5052","25261","","13700 N RICHMOND PARK DR 306 JACKSONVILLE 32224-",,"32224-",,"3124.84","False","0",,"False"
"069918-0000","12820","","1542 PARKWOOD ST JACKSONVILLE 32207-",,"32207-",,"3125.8","False","0",,"False"
"060693-0000","12092","","4808 HIGHWAY AVE JACKSONVILLE 32254-",,"32254-",,"3126.12","False","0",,"False"
"128141-0000","19738","","4147 SKYCREST DR JACKSONVILLE 32246-",,"32246-",,"3126.18","False","0",,"False"
"067482-0000","12593","","5309 HOLLYCREST DR JACKSONVILLE 32205-",,"32205-",,"3129.42","False","0",,"False"
"128914-0000","19790","","637 FERNWORTH DR JACKSONVILLE 32211-",,"32211-",,"3129.62","False","0",,"False"
"043495-0000","8715","","2304 LEONID RD JACKSONVILLE 32218-",,"32218-",,"3130.51","False","0",,"False"
"031774-0000","6619","","837 FERNWAY ST JACKSONVILLE 32208-",,"32208-",,"3134.41","False","0",,"False"
"154899-0000","22845","","3147 GREENFIELD BLVD JACKSONVILLE 32216-",,"32216-",,"3137.33","False","0",,"False"
"162885-0135","24329","","10150 LONE STAR RD JACKSONVILLE 32225-",,"32225-",,"3138.35","False","0",,"False"
"135366-0070","20583","","2054 WILSON AVE JACKSONVILLE 32207-",,"32207-",,"3142.1","False","0",,"False"
"016920-0000","3787","","6856 SNOW WHITE DR JACKSONVILLE 32210-",,"32210-",,"3143.19","False","0",,"False"
"071865-0000","13052","","1827 MARKET ST JACKSONVILLE 32206-",,"32206-",,"3148.53","False","0",,"False"
"026019-0000","5375","","6376 BARRY DR JACKSONVILLE 32208-",,"32208-",,"3148.59","False","0",,"False"
"125700-0000","19453","","2822 STANWOOD AVE JACKSONVILLE 32207-",,"32207-",,"3150.85","False","0",,"False"
"165287-9918","24747","","11731 SAINTS RD 1 JACKSONVILLE 32246-",,"32246-",,"3153.69","False","0",,"False"
"044382-0000","8901","","107 W 18TH ST JACKSONVILLE 32206-",,"32206-",,"3156.75","False","0",,"False"
"061520-0010","12163","","1132 EDGEWOOD AVE JACKSONVILLE 32205-",,"32205-",,"3158.17","False","0",,"False"
"035490-0000","7137","","365 DURAY CT JACKSONVILLE 32208-",,"32208-",,"3159.14","False","0",,"False"
"147707-0000","21644","","5536 BISHOP LN JACKSONVILLE 32207-",,"32207-",,"3159.54","False","0",,"False"
"033778-0000","6906","","503 E 63RD ST JACKSONVILLE 32208-",,"32208-",,"3159.83","False","0",,"False"
"051351-0000","10446","","1650 ACADEMY ST JACKSONVILLE 32209-",,"32209-",,"3161.83","False","0",,"False"
"013583-0420","2863","","8652 APRIL ST JACKSONVILLE 32244-",,"32244-",,"3163.11","False","0",,"False"
"080174-0000","13864","","2032 REED AVE JACKSONVILLE 32207-",,"32207-",,"3164.82","False","0",,"False"
"119041-0000","18838","","7627 ELVIA DR JACKSONVILLE 32211-",,"32211-",,"3165.34","False","0",,"False"
"044281-6870","8883","","850 TAMMY COVE LN JACKSONVILLE 32218-",,"32218-",,"3167.1","False","0",,"False"
"005601-0000","1453","","210 CAHOON RD JACKSONVILLE 32220-",,"32220-",,"3168.2","False","0",,"False"
"033983-0000","6943","","7523 N MAIN ST JACKSONVILLE 32208-",,"32208-",,"3168.6","False","0",,"False"
"113014-6355","18106","","3585 CAROLINE VALE BLVD JACKSONVILLE 32277-",,"32277-",,"3169.54","False","0",,"False"
"116865-0000","18703","","6621 SHADY OAK DR JACKSONVILLE 32277-",,"32277-",,"3170.19","False","0",,"False"
"039516-0000","7879","","4713 HATTERAS RD JACKSONVILLE 32208-",,"32208-",,"3172.44","False","0",,"False"
"068003-0000","12644","","5118 PARK ST JACKSONVILLE 32205-",,"32205-",,"3172.49","False","0",,"False"
"111493-1790","17981","","7266 VELVET OAKS CT JACKSONVILLE 32277-",,"32277-",,"3172.61","False","0",,"False"
"021293-0010","4536","","5620 REDPOLL AVE JACKSONVILLE 32219-",,"32219-",,"3175","False","0",,"False"
"032193-0050","6685","","1630 LAUDER AVE JACKSONVILLE 32208-",,"32208-",,"3177.91","False","0",,"False"
"108319-0010","17488","","410 KIRK RD JACKSONVILLE 32218-",,"32218-",,"3181.36","False","0",,"False"
"065030-0000","12416","","2547 DELLWOOD AVE JACKSONVILLE 32204-",,"32204-",,"3181.41","False","0",,"False"
"009007-0050","2041","","2005 BLAIR RD JACKSONVILLE 32221-",,"32221-",,"3183.84","False","0",,"False"
"013179-0000","2698","","4531 LAMBING RD JACKSONVILLE 32210-",,"32210-",,"3185.54","False","0",,"False"
"124771-0000","19388","","4125 W RUBY DR JACKSONVILLE 32246-",,"32246-",,"3186.78","False","0",,"False"
"092584-0000","15685","","1695 CANTERBURY ST JACKSONVILLE 32205-",,"32205-",,"3188.05","False","0",,"False"
"019586-1865","4023","","1449 CARPATHIAN DR JACKSONVILLE 32218-",,"32218-",,"3188.16","False","0",,"False"
"028510-0000","5901","","2318 N LANTANA AVE JACKSONVILLE 32209-",,"32209-",,"3189.64","False","0",,"False"
"128915-0000","19791","","707 FERNWORTH DR JACKSONVILLE 32211-",,"32211-",,"3189.74","False","0",,"False"
"018001-0000","3857","","2430 HUGH EDWARDS DR JACKSONVILLE 32210-",,"32210-",,"3190.25","False","0",,"False"
"145183-5064","21382","","781 LIBRA ST JACKSONVILLE 32216-",,"32216-",,"3191.44","False","0",,"False"
"027714-0000","5706","","4022 W GILLISLEE DR JACKSONVILLE 32209-",,"32209-",,"3192.63","False","0",,"False"
"073093-0000","13203","","115 W 10TH ST JACKSONVILLE 32206-",,"32206-",,"3194.11","False","0",,"False"
"120730-0000","18966","","9371 HOLLAND ST JACKSONVILLE 32211-",,"32211-",,"3194.6","False","0",,"False"
"154492-0010","22798","","7550 BOWDEN RD JACKSONVILLE 32216-",,"32216-",,"3197.33","False","0",,"False"
"064098-0000","12347","","3133 POST ST JACKSONVILLE 32205-",,"32205-",,"3197.41","False","0",,"False"
"148632-0652","21880","","6182 LAKE LUGANO DR 6182 JACKSONVILLE 32256-",,"32256-",,"3198.11","False","0",,"False"
"104750-0000","16750","","3639 RENDALE DR JACKSONVILLE 32210-",,"32210-",,"3199.07","False","0",,"False"
"065030-0100","12417","","2549 DELLWOOD AVE JACKSONVILLE 32204-",,"32204-",,"3202.01","False","0",,"False"
"000426-0005","72","","",,"32234-",,"3204.06","False","0",,"False"
"069770-0000","12795","","3922 ORLANDO TER JACKSONVILLE 32207-",,"32207-",,"3204.19","False","0",,"False"
"163181-0000","24375","","122 ST JOHNS BLUFF RD JACKSONVILLE 32225-",,"32225-",,"3208.29","False","0",,"False"
"163194-0000","24377","","FRANCES ST JACKSONVILLE 32225-",,"32225-",,"3209.96","False","0",,"False"
"072136-0000","13077","","1927 N LIBERTY ST JACKSONVILLE 32206-",,"32206-",,"3210","False","0",,"False"
"161132-7567","23993","","1736 W FOREST LAKE CIR 3 JACKSONVILLE 32225-",,"32225-",,"3211.02","False","0",,"False"
"044635-0000","8939","","239 E 18TH ST JACKSONVILLE 32206-",,"32206-",,"3211.53","False","0",,"False"
"162109-4550","24150","","1236 AMERICAN EAGLE LN JACKSONVILLE 32225-",,"32225-",,"3212.52","False","0",,"False"
"167067-6460","25051","","3591 S KERNAN BLVD 214 JACKSONVILLE 32224-",,"32224-",,"3213.79","False","0",,"False"
"168021-0000","25732","","7718 ALPHONS ST JACKSONVILLE 32256-",,"32256-",,"3215.06","False","0",,"False"
"169385-1220","25988","","791 ASSISI LN 1508 JACKSONVILLE 32233-",,"32233-",,"3215.39","False","0",,"False"
"128670-0000","19779","","1916 N UNIVERSITY BLVD JACKSONVILLE 32211-",,"32211-",,"3217.57","False","0",,"False"
"106808-0020","17119","","939 FIELDS RD 1 JACKSONVILLE 32218-",,"32218-",,"3219.16","False","0",,"False"
"086437-0000","14866","","2132 W 40TH ST JACKSONVILLE 32209-",,"32209-",,"3219.47","False","0",,"False"
"026147-0000","5383","","2205 S BARRY DR JACKSONVILLE 32208-",,"32208-",,"3219.83","False","0",,"False"
"103165-0000","16528","","5530 TIMUQUANA RD JACKSONVILLE 32210-",,"32210-",,"3220.96","False","0",,"False"
"098374-1000","16146","","6853 SEABOARD AVE JACKSONVILLE 32244-",,"32244-",,"3221.09","False","0",,"False"
"023298-0000","4970","","3255 CLYDE DR JACKSONVILLE 32208-",,"32208-",,"3226.64","False","0",,"False"
"162224-5100","24233","","12672 MEADOWSWEET LN JACKSONVILLE 32225-",,"32225-",,"3227.75","False","0",,"False"
"098000-0000","27192","","5865 110TH ST JACKSONVILLE 32244-",,"32244-",,"3229.34","False","0",,"False"
"165287-9920","24748","","11731 SAINTS RD 2 JACKSONVILLE 32246-",,"32246-",,"3229.48","False","0",,"False"
"004425-0000","1185","","6916 KEITHAN RD JACKSONVILLE 32220-",,"32220-",,"3229.64","True","3168.53","","True"
"080620-1174","13892","","1584 PALM AVE 1584 JACKSONVILLE 32207-",,"32207-",,"3234.75","False","0",,"False"
"022821-0000","4906","","780 GARDENIA LN JACKSONVILLE 32208-",,"32208-",,"3235.03","False","0",,"False"
"088762-0000","15436","","3611 MONCRIEF RD JACKSONVILLE 32209-",,"32209-",,"3237.52","False","0",,"False"
"041916-0540","8514","","9358 SIBBALD RD JACKSONVILLE 32208-",,"32208-",,"3238.19","False","0",,"False"
"067543-0000","12601","","5310 PLYMOUTH ST JACKSONVILLE 32205-",,"32205-",,"3240","False","0",,"False"
"024944-0000","5219","","2344 FOREST HILLS RD JACKSONVILLE 32208-",,"32208-",,"3240.12","False","0",,"False"
"165583-0000","24850","","11660 MARINA DR JACKSONVILLE 32246-",,"32246-",,"3240.4","False","0",,"False"
"147984-2020","21704","","8210 GREEN PARROT RD 101 JACKSONVILLE 32256-",,"32256-",,"3244.89","False","0",,"False"
"123158-0000","19246","","1718 FOREST BLVD JACKSONVILLE 32246-",,"32246-",,"3245.3","False","0",,"False"
"095035-0000","15820","","2078 CASSAT AVE JACKSONVILLE 32210-",,"32210-",,"3246.8","False","0",,"False"
"022812-0000","26957","","906 CARROLLTON RD JACKSONVILLE 32208-",,"32208-",,"3252.16","False","0",,"False"
"097178-0000","15962","","5746 TEMPEST ST JACKSONVILLE 32244-",,"32244-",,"3255.68","False","0",,"False"
"111695-0000","18005","","3740 CULP DR JACKSONVILLE 32277-",,"32277-",,"3259.01","False","0",,"False"
"116421-0000","18683","","2141 E MAPLE LEAF DR JACKSONVILLE 32211-",,"32211-",,"3260.31","False","0",,"False"
"071794-0000","13042","","115 W 8TH ST JACKSONVILLE 32206-",,"32206-",,"3260.39","False","0",,"False"
"000006-0100","1","","2253 N US 301 HWY JACKSONVILLE 32234-",,"32234-",,"3260.48","False","0",,"False"
"035525-0000","7142","","6805 ELWOOD AVE JACKSONVILLE 32208-",,"32208-",,"3262.28","False","0",,"False"
"007643-0000","1852","","7521 PINNACLE DR JACKSONVILLE 32221-",,"32221-",,"3264.01","False","0",,"False"
"066624-0000","12521","","1148 CASSAT AVE 1 JACKSONVILLE 32205-",,"32205-",,"3265.86","False","0",,"False"
"041854-0000","8466","","6796 KINLOCK DR JACKSONVILLE 32219-",,"32219-",,"3267.89","False","0",,"False"
"117296-0000","18727","","2145 N UNIVERSITY BLVD JACKSONVILLE 32211-",,"32211-",,"3270.97","False","0",,"False"
"167745-2572","25509","","7801 POINT MEADOWS DR 5407 JACKSONVILLE 32256-",,"32256-",,"3272.31","False","0",,"False"
"171002-0065","26140","","1044 HIBISCUS ST ATLANTIC BEACH 32233-",,"32233-",,"3274.25","False","0",,"False"
"122401-0000","19120","","839 A PHILIP RANDOLPH BLVD JACKSONVILLE 32206-",,"32206-",,"3274.34","False","0",,"False"
"098000-0000","27196","","5865 110TH ST JACKSONVILLE 32244-",,"32244-",,"3275.04","False","0",,"False"
"067125-0000","12575","","LENOX AVE JACKSONVILLE 32205-",,"32205-",,"3277","False","0",,"False"
"112332-3335","18035","","5029 CAPE ROMAIN CT JACKSONVILLE 32277-",,"32277-",,"3277.27","False","0",,"False"
"099135-0030","16300","","5518 KILCULLEN LN JACKSONVILLE 32244-",,"32244-",,"3283.64","False","0",,"False"
"034359-0000","7007","","6528 SUNSET DR JACKSONVILLE 32208-",,"32208-",,"3283.94","False","0",,"False"
"106916-0000","17142","","12544 SAPP RD JACKSONVILLE 32226-",,"32226-",,"3289.33","False","0",,"False"
"125245-0000","19420","","2261 SPRING PARK RD JACKSONVILLE 32207-",,"32207-",,"3289.42","False","0",,"False"
"110640-0030","17811","","11623 DUNN CREEK RD JACKSONVILLE 32218-",,"32218-",,"3292.58","False","0",,"False"
"103347-0010","16554","","6342 ORTEGA FARMS BLVD JACKSONVILLE 32244-",,"32244-",,"3297.83","False","0",,"False"
"062393-0000","12219","","4553 POST ST JACKSONVILLE 32205-",,"32205-",,"3298.69","False","0",,"False"
"043552-0000","8718","","2524 QUAIL AVE JACKSONVILLE 32218-",,"32218-",,"3299.07","False","0",,"False"
"142053-0000","21092","","1902 ROGERO RD JACKSONVILLE 32211-",,"32211-",,"3299.37","False","0",,"False"
"032421-0000","6718","","961 ARDMORE ST JACKSONVILLE 32208-",,"32208-",,"3299.45","False","0",,"False"
"041669-0000","8435","","4333 ROTH DR JACKSONVILLE 32209-",,"32209-",,"3303.68","False","0",,"False"
"126353-0000","19521","","3817 E COPPER CIR JACKSONVILLE 32207-",,"32207-",,"3309.6","False","0",,"False"
"041374-0000","8356","","4296 S KATANGA DR JACKSONVILLE 32209-",,"32209-",,"3309.98","False","0",,"False"
"157191-1530","23316","","11748 COLLINS CREEK DR JACKSONVILLE 32258-",,"32258-",,"3312.1","False","0",,"False"
"016612-0000","3766","","3805 ANVERS BLVD JACKSONVILLE 32210-",,"32210-",,"3313.21","False","0",,"False"
"108022-0000","17377","","137 ORANGEDALE AVE JACKSONVILLE 32218-",,"32218-",,"3314.82","False","0",,"False"
"012960-0000","2627","","10050 NOROAD JACKSONVILLE 32210-",,"32210-",,"3316.17","False","0",,"False"
"029290-0000","6078","","4154 TROUT RIVER BLVD JACKSONVILLE 32208-",,"32208-",,"3316.37","False","0",,"False"
"086505-0000","14881","","324 WOODBINE ST JACKSONVILLE 32206-",,"32206-",,"3317.85","False","0",,"False"
"072763-0000","13165","","1142 N LIBERTY ST JACKSONVILLE 32206-",,"32206-",,"3319.03","False","0",,"False"
"004433-0000","1187","","6835 KEITHAN RD JACKSONVILLE 32220-",,"32220-",,"3319.33","False","0",,"False"
"104681-0000","16745","","5839 CEDAR OAKS DR JACKSONVILLE 32210-",,"32210-",,"3323.66","False","0",,"False"
"025465-0000","5281","","3210 RIBAULT SCENIC DR JACKSONVILLE 32208-",,"32208-",,"3325.3","False","0",,"False"
"098545-0000","16178","","4925 AVENT DR JACKSONVILLE 32244-",,"32244-",,"3327.8","False","0",,"False"
"035778-0000","7191","","2519 SOUTEL DR JACKSONVILLE 32208-",,"32208-",,"3328.44","False","0",,"False"
"001474-0110","316","","N CHAFFEE RD JACKSONVILLE 32220-",,"32220-",,"3328.9","False","0",,"False"
"015714-0025","3338","","6525 SHINDLER DR JACKSONVILLE 32222-",,"32222-",,"3329.17","False","0",,"False"
"066014-0000","12481","","1456 DAKAR ST JACKSONVILLE 32205-",,"32205-",,"3335.5","False","0",,"False"
"071227-0010","12962","","45 5TH ST JACKSONVILLE 32206-",,"32206-",,"3337.23","False","0",,"False"
"147939-0000","21666","","2524 COMMUNITY RD JACKSONVILLE 32207-",,"32207-",,"3340.35","False","0",,"False"
"017187-0000","3802","","4639 ANVERS BLVD JACKSONVILLE 32210-",,"32210-",,"3340.96","False","0",,"False"
"015192-0216","3178","","8202 OLD ENGLISH DR JACKSONVILLE 32244-",,"32244-",,"3345.11","False","0",,"False"
"151719-0000","22335","","3808 SAN REMO DR JACKSONVILLE 32217-",,"32217-",,"3347.01","False","0",,"False"
"162885-0120","24328","","10140 LONE STAR RD JACKSONVILLE 32225-",,"32225-",,"3348.35","False","0",,"False"
"050412-0000","10225","","1116 DIVISION ST JACKSONVILLE 32254-",,"32254-",,"3349.16","False","0",,"False"
"006972-0000","1751","","8614 POSEY RD JACKSONVILLE 32220-",,"32220-",,"3351.41","False","0",,"False"
"012286-0000","2431","","7155 MATTHEW ST JACKSONVILLE 32210-",,"32210-",,"3352.6","False","0",,"False"
"044850-0000","8975","","2526 N LIBERTY ST JACKSONVILLE 32206-",,"32206-",,"3352.77","False","0",,"False"
"106508-0000","17022","","2550 NEW BERLIN RD JACKSONVILLE 32226-",,"32226-",,"3354.24","False","0",,"False"
"167316-1385","25199","","139 NAUGATUCK DR JACKSONVILLE 32225-",,"32225-",,"3354.45","False","0",,"False"
"116797-0000","18696","","2829 OAKCOVE LN JACKSONVILLE 32277-",,"32277-",,"3355.22","False","0",,"False"
"108927-1706","17628","","4560 OAKBROOKE CT JACKSONVILLE 32277-",,"32277-",,"3355.33","False","0",,"False"
"041628-0000","8421","","5030 JIES CT JACKSONVILLE 32209-",,"32209-",,"3355.35","False","0",,"False"
"098262-0000","16111","","6645 ALINE RD JACKSONVILLE 32244-",,"32244-",,"3355.87","False","0",,"False"
"100705-3240","16403","","8550 ARGYLE BUSINESS LOOP 1507 JACKSONVILLE 32244-",,"32244-",,"3357.74","False","0",,"False"
"038496-0000","7713","","9239 CASTLE BLVD JACKSONVILLE 32208-",,"32208-",,"3358.55","False","0",,"False"
"019595-0170","4050","","PARETE RD JACKSONVILLE 32218-",,"32218-",,"3360.19","False","0",,"False"
"115858-0000","18614","","1734 E 8TH ST JACKSONVILLE 32206-",,"32206-",,"3362.87","False","0",,"False"
"012992-0055","2641","","5345 BRIGHTON PARK LN JACKSONVILLE 32210-",,"32210-",,"3363.41","False","0",,"False"
"069971-0000","12825","","1740 DAVIDSON ST JACKSONVILLE 32207-",,"32207-",,"3366.38","False","0",,"False"
"046412-0000","9344","","1349 W 14TH ST JACKSONVILLE 32209-",,"32209-",,"3367.64","False","0",,"False"
"138939-0000","20881","","536 SAPELO RD JACKSONVILLE 32216-",,"32216-",,"3368.12","False","0",,"False"
"096304-0000","15918","","7531 PROXIMA RD JACKSONVILLE 32210-",,"32210-",,"3368.14","False","0",,"False"
"146760-0000","21524","","2422 W UNIVERSITY BLVD JACKSONVILLE 32217-",,"32217-",,"3372.09","False","0",,"False"
"059141-0060","11952","","670 N EDGEWOOD AVE JACKSONVILLE 32254-",,"32254-",,"3372.51","False","0",,"False"
"057720-0000","11706","","2679 W BEAVER ST JACKSONVILLE 32254-",,"32254-",,"3372.89","False","0",,"False"
"025985-0000","5365","","2147 BURGOYNE DR JACKSONVILLE 32208-",,"32208-",,"3375.36","False","0",,"False"
"138842-0000","20872","","538 SPRING FOREST AVE JACKSONVILLE 32216-",,"32216-",,"3378.63","False","0",,"False"
"000531-0190","87","","659 S US 301 HWY BALDWIN 32234-",,"32234-",,"3382.19","False","0",,"False"
"041001-0000","8282","","7302 IRVING SCOTT DR JACKSONVILLE 32209-",,"32209-",,"3382.35","False","0",,"False"
"012962-0000","2629","","10185 NOROAD JACKSONVILLE 32210-",,"32210-",,"3382.66","False","0",,"False"
"167457-2030","25299","","4434 TIMBER BLUFF CT JACKSONVILLE 32224-",,"32224-",,"3383.09","False","0",,"False"
"117875-0000","18774","","1826 BANBURY RD JACKSONVILLE 32211-",,"32211-",,"3383.21","False","0",,"False"
"097567-0000","16009","","5900 LA MOYA AVE JACKSONVILLE 32210-",,"32210-",,"3383.8","False","0",,"False"
"096751-0000","15934","","7006 S TAMPICO RD JACKSONVILLE 32244-",,"32244-",,"3387.6","False","0",,"False"
"011649-0000","2364","","1515 N OLD MIDDLEBURG RD JACKSONVILLE 32210-",,"32210-",,"3388.91","False","0",,"False"
"011733-0000","2385","","5868 LENOX AVE JACKSONVILLE 32205-",,"32205-",,"3389.61","False","0",,"False"
"068725-0000","12730","","1815 NIBLICK DR JACKSONVILLE 32210-",,"32210-",,"3391.53","False","0",,"False"
"032196-0000","6687","","1642 LAUDER AVE JACKSONVILLE 32208-",,"32208-",,"3392.55","False","0",,"False"
"103234-0060","16540","","5904 ORTEGA FARMS BLVD JACKSONVILLE 32244-",,"32244-",,"3397.07","False","0",,"False"
"049080-0000","9997","","3510 BOUGAINVILLEA ST JACKSONVILLE 32254-",,"32254-",,"3397.14","False","0",,"False"
"047393-0010","27096","","2264 W 28TH ST JACKSONVILLE 32209-",,"32209-",,"3400.18","False","0",,"False"
"164350-0000","24520","","3132 ANNISTON RD JACKSONVILLE 32246-",,"32246-",,"3401.21","False","0",,"False"
"116637-0000","18689","","2604 BLUEBERRY LN JACKSONVILLE 32211-",,"32211-",,"3403.7","False","0",,"False"
"111368-1130","17948","","7274 TOWNSEND VILLAGE LN JACKSONVILLE 32277-",,"32277-",,"3403.91","False","0",,"False"
"130603-0000","19934","","1932 E ADAMS ST JACKSONVILLE 32202-",,"32202-",,"3404.03","False","0",,"False"
"146757-0000","21523","","6146 SUWANEE RD JACKSONVILLE 32217-",,"32217-",,"3404.38","False","0",,"False"
"020429-0000","4375","","10729 LEM TURNER RD JACKSONVILLE 32218-",,"32218-",,"3404.5","False","0",,"False"
"135665-0000","20605","","5515 SHARON TER JACKSONVILLE 32207-",,"32207-",,"3417.87","False","0",,"False"
"072638-0000","27155","","406 E 3RD ST JACKSONVILLE 32206-",,"32206-",,"3418.44","False","0",,"False"
"022738-0070","4881","","1299 W 45TH ST JACKSONVILLE 32208-",,"32208-",,"3419.16","False","0",,"False"
"007349-0000","1819","","7631 N CREST DR JACKSONVILLE 32221-",,"32221-",,"3421.99","False","0",,"False"
"015192-0604","3186","","8080 S TRIUMPH LN JACKSONVILLE 32244-",,"32244-",,"3425.98","False","0",,"False"
"022397-0000","4808","","702 MOORE AVE JACKSONVILLE 32208-",,"32208-",,"3427.27","False","0",,"False"
"098000-0000","27193","","5865 110TH ST JACKSONVILLE 32244-",,"32244-",,"3430.75","False","0",,"False"
"039408-0124","7839","","9626 W SPOTTSWOOD RD JACKSONVILLE 32208-",,"32208-",,"3431.02","False","0",,"False"
"118908-0000","18826","","2619 RENTZ RD JACKSONVILLE 32211-",,"32211-",,"3431.15","False","0",,"False"
"020170-1985","4312","","3718 N LYDIA ESTATES DR JACKSONVILLE 32218-",,"32218-",,"3431.23","False","0",,"False"
"108755-0000","17596","","E NEW BERLIN RD JACKSONVILLE 32226-",,"32226-",,"3431.8","False","0",,"False"
"092383-0000","15677","","1168 DANCY ST JACKSONVILLE 32205-",,"32205-",,"3436.5","False","0",,"False"
"117887-0000","18775","","1943 BANBURY RD JACKSONVILLE 32211-",,"32211-",,"3438.01","False","0",,"False"
"008806-0318","1916","","8457 RUCKMAN AVE JACKSONVILLE 32221-",,"32221-",,"3443.32","False","0",,"False"
"066085-0000","12488","","1471 MURRAY DR JACKSONVILLE 32205-",,"32205-",,"3447.5","False","0",,"False"
"172075-0000","26217","","1850 MAYPORT RD ATLANTIC BEACH 32233-",,"32233-",,"3450.54","False","0",,"False"
"118134-0000","18784","","2325 LIGUSTRUM RD JACKSONVILLE 32211-",,"32211-",,"3450.55","False","0",,"False"
"117697-0000","18764","","6024 S TERRY PARKER DR JACKSONVILLE 32211-",,"32211-",,"3452.54","False","0",,"False"
"004860-0000","1323","","2053 BULLS BAY HWY JACKSONVILLE 32220-",,"32220-",,"3457.23","False","0",,"False"
"062877-0000","12242","","4719 COLLEGE ST JACKSONVILLE 32205-",,"32205-",,"3457.23","False","0",,"False"
"025080-0000","5240","","2211 RIBAULT SCENIC DR JACKSONVILLE 32208-",,"32208-",,"3457.48","False","0",,"False"
"072638-0000","27153","","406 E 3RD ST JACKSONVILLE 32206-",,"32206-",,"3457.89","False","0",,"False"
"071779-0000","13041","","1835 SILVER ST JACKSONVILLE 32206-",,"32206-",,"3461.59","False","0",,"False"
"020343-1375","4358","","3464 NATALIE MEL LN JACKSONVILLE 32218-",,"32218-",,"3461.6","False","0",,"False"
"039978-0000","7973","","9420 WAGNER RD JACKSONVILLE 32219-",,"32219-",,"3462.78","False","0",,"False"
"051272-0000","10432","","1906 KINGS RD JACKSONVILLE 32209-",,"32209-",,"3464.26","False","0",,"False"
"161230-5110","24062","","1831 OAK WATER DR JACKSONVILLE 32225-",,"32225-",,"3464.35","False","0",,"False"
"017647-0000","3834","","4617 MORLEY LN JACKSONVILLE 32210-",,"32210-",,"3464.88","False","0",,"False"
"012405-0010","2453","","2510 FIRESTONE RD JACKSONVILLE 32210-",,"32210-",,"3467.07","False","0",,"False"
"097218-0000","15965","","7864 VOLVO ST JACKSONVILLE 32244-",,"32244-",,"3468.74","False","0",,"False"
"044281-0668","8871","","11537 W MONTEGO BAY DR JACKSONVILLE 32218-",,"32218-",,"3468.83","False","0",,"False"
"162126-0110","24171","","1445 GATELY RD JACKSONVILLE 32225-",,"32225-",,"3469.44","False","0",,"False"
"034106-0000","6963","","6933 OAKWOOD ST JACKSONVILLE 32208-",,"32208-",,"3469.56","False","0",,"False"
"014603-4560","3128","","6325 W CRANBERRY LN JACKSONVILLE 32244-",,"32244-",,"3479.91","True","7070.77","","True"
"149077-1074","22100","","4107 PINEY BRANCH CT JACKSONVILLE 32257-",,"32257-",,"3481.4","False","0",,"False"
"111493-7066","17988","","7352 COLONY COVE LN JACKSONVILLE 32277-",,"32277-",,"3481.99","False","0",,"False"
"057712-0000","11704","","2745 W BEAVER ST JACKSONVILLE 32254-",,"32254-",,"3485.59","False","0",,"False"
"097052-0000","15950","","7879 LANCIA ST JACKSONVILLE 32244-",,"32244-",,"3486.7","False","0",,"False"
"006946-0000","1746","","9466 IRVINE ST JACKSONVILLE 32220-",,"32220-",,"3488.04","False","0",,"False"
"016175-0095","3540","","7228 PAUL HOWARD DR JACKSONVILLE 32222-",,"32222-",,"3488.71","False","0",,"False"
"155534-0000","22893","","10367 E MCLAURIN RD JACKSONVILLE 32256-",,"32256-",,"3491.44","False","0",,"False"
"166042-0010","24872","","12157 VERSAILLES ST JACKSONVILLE 32224-",,"32224-",,"3494.26","False","0",,"False"
"029430-1120","6125","","3915 N VICTORIA LANDING DR JACKSONVILLE 32208-",,"32208-",,"3496.03","False","0",,"False"
"119030-0000","18837","","2506 E MAYAPPLE RD JACKSONVILLE 32211-",,"32211-",,"3499.86","False","0",,"False"
"055208-0000","11232","","2056 REDWING ST JACKSONVILLE 32206-",,"32206-",,"3501.85","False","0",,"False"
"087407-0000","15133","","446 W 22ND ST JACKSONVILLE 32206-",,"32206-",,"3505.64","False","0",,"False"
"030111-0000","6285","","4207 RIBAULT RIVER LN JACKSONVILLE 32208-",,"32208-",,"3509.75","False","0",,"False"
"019622-0130","4080","","11614 CHAPPARELL RD JACKSONVILLE 32218-",,"32218-",,"3511.52","True","7092.11","","True"
"012992-0150","2642","","5283 BRIGHTON PARK LN JACKSONVILLE 32210-",,"32210-",,"3511.55","False","0",,"False"
"165289-5008","24776","","2534 SEYMOUR ST JACKSONVILLE 32246-",,"32246-",,"3515.5","False","0",,"False"
"162157-0010","24183","","13163 SANDY DR JACKSONVILLE 32225-",,"32225-",,"3516.03","False","0",,"False"
"148657-1115","21943","","8925 EASTON RIVER DR JACKSONVILLE 32257-",,"32257-",,"3516.27","False","0",,"False"
"120872-0000","27253","","1405 TRACY RD JACKSONVILLE 32211-",,"32211-",,"3522.8","False","0",,"False"
"064837-0100","12407","","744 WEST ST JACKSONVILLE 32204-",,"32204-",,"3523.27","False","0",,"False"
"016476-0000","3712","","7615 ARGYLE FOREST BLVD JACKSONVILLE 32244-",,"32244-",,"3523.7","False","0",,"False"
"019701-4165","4144","","1886 BISCAYNE BAY CIR JACKSONVILLE 32218-",,"32218-",,"3524.46","False","0",,"False"
"022571-0000","4821","","619 IVA PL JACKSONVILLE 32208-",,"32208-",,"3525.45","False","0",,"False"
"088056-0000","15292","","4006 PEARL ST JACKSONVILLE 32206-",,"32206-",,"3533.33","False","0",,"False"
"020028-0665","4256","","5176 JOHNSON CREEK DR JACKSONVILLE 32218-",,"32218-",,"3533.76","False","0",,"False"
"128607-0000","19776","","2016 UNIVERSITY BLVD JACKSONVILLE 32211-",,"32211-",,"3535.99","False","0",,"False"
"065097-0000","12422","","812 ACOSTA ST JACKSONVILLE 32204-",,"32204-",,"3538.19","False","0",,"False"
"137683-0000","20813","","6541 S LOU DR JACKSONVILLE 32216-",,"32216-",,"3538.22","False","0",,"False"
"110606-0155","17795","","857 PINE MOSS RD JACKSONVILLE 32218-",,"32218-",,"3539.81","False","0",,"False"
"165365-0000","24805","","2551 LEON RD JACKSONVILLE 32246-",,"32246-",,"3540.7","False","0",,"False"
"087465-0000","15141","","3308 N PEARL ST JACKSONVILLE 32206-",,"32206-",,"3540.82","False","0",,"False"
"137211-0000","20794","","5440 S LORI DR JACKSONVILLE 32207-",,"32207-",,"3542.68","False","0",,"False"
"044180-0565","8793","","11011 TRACI LYNN DR JACKSONVILLE 32218-",,"32218-",,"3544.4","False","0",,"False"
"002055-0000","462","","11353 OLD GAINESVILLE RD JACKSONVILLE 32221-",,"32221-",,"3544.95","False","0",,"False"
"016063-0060","3492","","8589 HILMA RD JACKSONVILLE 32244-",,"32244-",,"3546.31","False","0",,"False"
"098976-0000","16221","","6077 LONGCHAMP DR JACKSONVILLE 32244-",,"32244-",,"3547.68","False","0",,"False"
"056141-0000","11424","","2426 W BEAVER ST JACKSONVILLE 32209-",,"32209-",,"3550.11","False","0",,"False"
"172075-0100","26218","","1820 MAYPORT RD ATLANTIC BEACH 32233-",,"32233-",,"3551.84","False","0",,"False"
"001265-0000","266","","8989 MONETTE RD JACKSONVILLE 32234-",,"32234-",,"3552","False","0",,"False"
"012839-0030","2584","","2700 STRATTON RD JACKSONVILLE 32221-",,"32221-",,"3554.53","False","0",,"False"
"108751-0000","17594","","10205 NEW BERLIN RD JACKSONVILLE 32226-",,"32226-",,"3554.87","False","0",,"False"
"075201-0000","13332","","925 W BEAVER ST JACKSONVILLE 32204-",,"32204-",,"3558.91","False","0",,"False"
"013612-0000","2870","","8322 APRIL ST JACKSONVILLE 32244-",,"32244-",,"3562.17","False","0",,"False"
"168275-0000","25858","","9378 HECKSCHER DR JACKSONVILLE 32226-",,"32226-",,"3563.06","False","0",,"False"
"061815-0000","12182","","902 S EDGEWOOD AVE JACKSONVILLE 32205-",,"32205-",,"3567.03","False","0",,"False"
"024255-0000","5104","","7603 LEM TURNER RD JACKSONVILLE 32208-",,"32208-",,"3567.14","False","0",,"False"
"142457-0000","21113","","6672 BANBURY RD JACKSONVILLE 32211-",,"32211-",,"3569.54","False","0",,"False"
"108319-0000","17487","","412 KIRK RD JACKSONVILLE 32218-",,"32218-",,"3572.18","False","0",,"False"
"154899-0000","27279","","3147 GREENFIELD BLVD JACKSONVILLE 32216-",,"32216-",,"3572.72","False","0",,"False"
"093325-0000","15719","","4508 LAKESIDE DR JACKSONVILLE 32210-",,"32210-",,"3574.74","False","0",,"False"
"166471-0000","24918","","2855 E TULIP CIR JACKSONVILLE 32246-",,"32246-",,"3575.49","False","0",,"False"
"164038-0000","24481","","2133 CORTEZ RD JACKSONVILLE 32246-",,"32246-",,"3576.19","False","0",,"False"
"013145-0020","2691","","4482 WAGENHALS LN JACKSONVILLE 32210-",,"32210-",,"3576.29","False","0",,"False"
"041649-0010","8430","","7380 NEW KINGS RD JACKSONVILLE 32219-",,"32219-",,"3576.55","False","0",,"False"
"139722-0000","20936","","6937 WAIKIKI RD JACKSONVILLE 32216-",,"32216-",,"3580.91","False","0",,"False"
"159134-0510","23629","","12443 SAN JOSE BLVD 203 JACKSONVILLE 32223-",,"32223-",,"3581","False","0",,"False"
"107029-0000","17204","","12430 ERIC AVE JACKSONVILLE 32218-",,"32218-",,"3583.83","False","0",,"False"
"167512-0000","25322","","4455 LOYS DR JACKSONVILLE 32246-",,"32246-",,"3586.97","False","0",,"False"
"078560-0000","13789","","3537 HEDRICK ST JACKSONVILLE 32205-",,"32205-",,"3588.23","False","0",,"False"
"026994-0000","5573","","1546 PALMDALE ST JACKSONVILLE 32208-",,"32208-",,"3588.3","False","0",,"False"
"154252-0000","22684","","3022 BELFORT RD JACKSONVILLE 32216-",,"32216-",,"3588.54","False","0",,"False"
"063064-0000","12256","","2852 ERNEST ST JACKSONVILLE 32205-",,"32205-",,"3588.71","False","0",,"False"
"014603-1318","3117","","6025 W GULF RD JACKSONVILLE 32244-",,"32244-",,"3588.78","True","7287.38","","True"
"148521-0107","21801","","7786 LAS PALMAS WAY 107 JACKSONVILLE 32256-",,"32256-",,"3589.06","False","0",,"False"
"104681-0000","27203","","5839 CEDAR OAKS DR JACKSONVILLE 32210-",,"32210-",,"3592.58","False","0",,"False"
"065480-0000","12438","","4336 BETHWOOD CIR JACKSONVILLE 32205-",,"32205-",,"3594.04","False","0",,"False"
"037432-0000","7511","","8671 LEM TURNER RD JACKSONVILLE 32208-",,"32208-",,"3594.95","False","0",,"False"
"099135-6115","16312","","5687 S ENGLISH OAK DR JACKSONVILLE 32244-",,"32244-",,"3596.41","False","0",,"False"
"019767-0000","4184","","2978 ARMSTRONG ST JACKSONVILLE 32218-",,"32218-",,"3599.65","False","0",,"False"
"070842-0000","12911","","245 W 3RD ST JACKSONVILLE 32206-",,"32206-",,"3605.87","False","0",,"False"
"022756-0000","4886","","1390 CARVILL AVE JACKSONVILLE 32208-",,"32208-",,"3611.91","False","0",,"False"
"011976-0000","2407","","7126 S HANSON DR JACKSONVILLE 32210-",,"32210-",,"3613.73","False","0",,"False"
"154379-0190","22756","","3566 W BATEAU RD JACKSONVILLE 32216-",,"32216-",,"3614.47","False","0",,"False"
"062685-0000","12232","","4759 POLARIS ST JACKSONVILLE 32205-",,"32205-",,"3617.6","False","0",,"False"
"062000-0000","12205","","511 TALBOT AVE JACKSONVILLE 32205-",,"32205-",,"3617.82","False","0",,"False"
"006130-0000","1557","","PASCHAL ST JACKSONVILLE 32220-",,"32220-",,"3622.69","False","0",,"False"
"172236-0010","26242","","1844 MAYPORT RD ATLANTIC BEACH 32233-",,"32233-",,"3623.1","False","0",,"False"
"063396-0000","12281","","3158 RAYFORD ST JACKSONVILLE 32205-",,"32205-",,"3629.69","False","0",,"False"
"044112-0020","8766","","1216 BACALL RD JACKSONVILLE 32218-",,"32218-",,"3636.87","False","0",,"False"
"167745-2864","25516","","7801 POINT MEADOWS DR 8403 JACKSONVILLE 32256-",,"32256-",,"3637.04","False","0",,"False"
"014507-5010","3094","","7141 YOWDY STAR LN JACKSONVILLE 32244-",,"32244-",,"3638.26","False","0",,"False"
"145183-0348","21365","","2617 W GRAMPIAN DR JACKSONVILLE 32216-",,"32216-",,"3640.81","False","0",,"False"
"006345-0000","1626","","321 MAPLE AVE JACKSONVILLE 32220-",,"32220-",,"3640.82","False","0",,"False"
"027385-0000","5639","","18 W 43RD ST JACKSONVILLE 32208-",,"32208-",,"3642.27","False","0",,"False"
"059079-0000","11935","","687 N EDGEWOOD AVE JACKSONVILLE 32254-",,"32254-",,"3643.35","False","0",,"False"
"141241-0000","21022","","5949 MACY AVE JACKSONVILLE 32211-",,"32211-",,"3643.4","False","0",,"False"
"047334-0010","9581","","2116 KINGS RD JACKSONVILLE 32209-",,"32209-",,"3646.17","False","0",,"False"
"053522-0000","10930","","1434 W 9TH ST JACKSONVILLE 32209-",,"32209-",,"3647.31","False","0",,"False"
"136019-0000","20641","","2088 RYAR RD JACKSONVILLE 32216-",,"32216-",,"3650.83","False","0",,"False"
"134262-0000","20492","","1834 W BARTRAM CIR JACKSONVILLE 32207-",,"32207-",,"3651.05","False","0",,"False"
"164302-0000","24511","","2472 ANNISTON RD JACKSONVILLE 32246-",,"32246-",,"3652.44","False","0",,"False"
"145183-0390","21366","","2690 E SANDUSKY AVE JACKSONVILLE 32216-",,"32216-",,"3653.54","False","0",,"False"
"003323-7540","838","","5430 WANDERING TRL JACKSONVILLE 32219-",,"32219-",,"3661.18","False","0",,"False"
"109109-0115","17692","","10418 NEW BERLIN RD 122 JACKSONVILLE 32226-",,"32226-",,"3666.63","False","0",,"False"
"137462-0000","20802","","2314 HIRSCH AVE JACKSONVILLE 32216-",,"32216-",,"3671.22","False","0",,"False"
"099091-0000","16245","","7957 BLANDING BLVD JACKSONVILLE 32244-",,"32244-",,"3674.09","False","0",,"False"
"021805-0000","4660","","7910 DEKLE AVE JACKSONVILLE 32219-",,"32219-",,"3674.55","False","0",,"False"
"044281-0622","8869","","1248 S SQUIRREL LN JACKSONVILLE 32218-",,"32218-",,"3676.3","False","0",,"False"
"119646-0000","18869","","7403 BAMBERG RD JACKSONVILLE 32277-",,"32277-",,"3677.67","False","0",,"False"
"167131-1955","25112","","4115 KELLY LEE DR JACKSONVILLE 32224-",,"32224-",,"3678.24","False","0",,"False"
"072638-0000","27156","","406 E 3RD ST JACKSONVILLE 32206-",,"32206-",,"3679.52","False","0",,"False"
"065030-0000","27135","","2547 DELLWOOD AVE JACKSONVILLE 32204-",,"32204-",,"3679.59","False","0",,"False"
"025189-0000","5249","","3052 DONNA DR JACKSONVILLE 32208-",,"32208-",,"3680.44","False","0",,"False"
"109609-0260","17727","","11591 HICKORY OAK DR JACKSONVILLE 32218-",,"32218-",,"3680.78","False","0",,"False"
"058614-0010","11853","","243 S EDGEWOOD AVE JACKSONVILLE 32254-",,"32254-",,"3681.49","False","0",,"False"
"097351-0000","15974","","5807 JAGUAR DR JACKSONVILLE 32244-",,"32244-",,"3683.76","False","0",,"False"
"152561-1150","22376","","4700 W SAN JOSE MANOR DR JACKSONVILLE 32217-",,"32217-",,"3684.29","False","0",,"False"
"044281-0594","8868","","1262 N TURTLE CREEK DR JACKSONVILLE 32218-",,"32218-",,"3687","False","0",,"False"
"042214-0000","8583","","2570 BROWARD RD JACKSONVILLE 32218-",,"32218-",,"3687.71","False","0",,"False"
"135356-0000","20582","","2022 TAUNTON RD JACKSONVILLE 32207-",,"32207-",,"3688.85","False","0",,"False"
"128197-1246","19746","","5442 N MARSH CREEK DR JACKSONVILLE 32277-",,"32277-",,"3694.74","False","0",,"False"
"150440-0000","22265","","6842 ST AUGUSTINE RD JACKSONVILLE 32217-",,"32217-",,"3696.8","False","0",,"False"
"093294-0000","15714","","3756 HUNTER ST JACKSONVILLE 32205-",,"32205-",,"3699.34","False","0",,"False"
"068897-0000","12745","","4823 SHELBY AVE JACKSONVILLE 32210-",,"32210-",,"3702.89","False","0",,"False"
"015910-9065","3426","","7126 TIMMERMAN LN JACKSONVILLE 32244-",,"32244-",,"3702.96","False","0",,"False"
"004308-0120","1151","","11163 BRIDGES RD JACKSONVILLE 32218-",,"32218-",,"3705.24","False","0",,"False"
"088064-0000","15295","","546 BIRCH ST JACKSONVILLE 32206-",,"32206-",,"3705.34","False","0",,"False"
"135735-0000","20610","","5540 HICKSON RD JACKSONVILLE 32207-",,"32207-",,"3714.98","False","0",,"False"
"074761-0000","13323","","818 W ADAMS ST JACKSONVILLE 32204-",,"32204-",,"3715.44","False","0",,"False"
"163946-0000","24458","","2700 CORTEZ RD JACKSONVILLE 32246-",,"32246-",,"3715.7","False","0",,"False"
"145781-0000","21445","","2204 REDFERN RD JACKSONVILLE 32207-",,"32207-",,"3715.93","False","0",,"False"
"167067-1384","25021","","3583 NIGHTSCAPE CIR JACKSONVILLE 32224-",,"32224-",,"3717.15","False","0",,"False"
"009709-0000","2127","","7803 LE MANS DR JACKSONVILLE 32210-",,"32210-",,"3722.2","False","0",,"False"
"104681-0000","27202","","5839 CEDAR OAKS DR JACKSONVILLE 32210-",,"32210-",,"3724.88","False","0",,"False"
"149017-6040","22080","","4030 AUGUSTINE GREEN CT JACKSONVILLE 32257-",,"32257-",,"3726.06","False","0",,"False"
"044559-0000","8926","","3015 N LIBERTY ST JACKSONVILLE 32206-",,"32206-",,"3726.45","False","0",,"False"
"101230-0000","16416","","4629 HOMESTEAD RD JACKSONVILLE 32210-",,"32210-",,"3726.92","False","0",,"False"
"061824-0000","12184","","929 TALBOT AVE JACKSONVILLE 32205-",,"32205-",,"3728.51","False","0",,"False"
"041849-0000","8465","","6768 KINLOCK DR JACKSONVILLE 32219-",,"32219-",,"3732.05","False","0",,"False"
"167333-0595","25210","","2117 E INTRACOASTAL SOUND DR JACKSONVILLE 32224-",,"32224-",,"3732.45","False","0",,"False"
"125245-0000","27256","","2261 SPRING PARK RD JACKSONVILLE 32207-",,"32207-",,"3732.68","False","0",,"False"
"083864-0100","14203","","2710 N EDGEWOOD AVE JACKSONVILLE 32254-",,"32254-",,"3732.76","False","0",,"False"
"038746-0000","7746","","9426 DEVONSHIRE BLVD JACKSONVILLE 32208-",,"32208-",,"3734.15","False","0",,"False"
"148521-0834","21821","","7914 LOS ROBLES CT 7914 JACKSONVILLE 32256-",,"32256-",,"3736.17","False","0",,"False"
"168871-0184","25939","","1102 W DEFENDER CT 1102 JACKSONVILLE 32233-",,"32233-",,"3736.75","False","0",,"False"
"065030-0100","27136","","2549 DELLWOOD AVE JACKSONVILLE 32204-",,"32204-",,"3738.83","False","0",,"False"
"044636-0000","8940","","231 E 18TH ST JACKSONVILLE 32206-",,"32206-",,"3740","False","0",,"False"
"111707-0000","18006","","3765 CULP DR JACKSONVILLE 32277-",,"32277-",,"3745.37","False","0",,"False"
"012724-5106","2550","","8216 PEAR RD JACKSONVILLE 32210-",,"32210-",,"3747.78","False","0",,"False"
"109645-0000","17736","","11811 CREEK BLVD JACKSONVILLE 32218-",,"32218-",,"3750.72","False","0",,"False"
"164542-0000","24542","","10325 AGAVE RD JACKSONVILLE 32246-",,"32246-",,"3751.35","False","0",,"False"
"016057-0200","3475","","7867 E PEPPER CIR JACKSONVILLE 32244-",,"32244-",,"3755.64","False","0",,"False"
"016416-2070","3636","","8666 RIBBON FALLS LN JACKSONVILLE 32244-",,"32244-",,"3757.19","False","0",,"False"
"097638-0010","16013","","5315 JAMMES RD JACKSONVILLE 32210-",,"32210-",,"3759.75","False","0",,"False"
"034119-0000","6966","","7103 MAIN ST JACKSONVILLE 32208-",,"32208-",,"3759.88","False","0",,"False"
"152562-5830","22385","","7196 DEERFOOT POINT CIR 22-1 JACKSONVILLE 32256-",,"32256-",,"3761.5","False","0",,"False"
"165540-0000","24848","","3132 SAN SALVADORE AVE JACKSONVILLE 32246-",,"32246-",,"3762.05","False","0",,"False"
"118546-0000","18806","","6840 S GAILLARDIA RD JACKSONVILLE 32211-",,"32211-",,"3763.02","False","0",,"False"
"059902-0000","12042","","941 GARTH AVE JACKSONVILLE 32205-",,"32205-",,"3767.65","False","0",,"False"
"093747-0000","15744","","4816 SAN JUAN AVE JACKSONVILLE 32210-",,"32210-",,"3770.58","False","0",,"False"
"016519-3554","3756","","8242 N DAISY LN JACKSONVILLE 32244-",,"32244-",,"3773.12","False","0",,"False"
"126132-0000","19493","","2320 EMERSON ST JACKSONVILLE 32207-",,"32207-",,"3773.31","False","0",,"False"
"087396-0000","15129","","3130 PERRY ST JACKSONVILLE 32206-",,"32206-",,"3775.48","False","0",,"False"
"028415-0000","5877","","3311 N JAPONICA RD JACKSONVILLE 32209-",,"32209-",,"3778.12","False","0",,"False"
"167745-1295","25504","","7899 E CHASE MEADOWS DR JACKSONVILLE 32256-",,"32256-",,"3781.91","False","0",,"False"
"137101-0000","20752","","4051 BARNES RD JACKSONVILLE 32207-",,"32207-",,"3783.4","False","0",,"False"
"062952-0000","12245","","4845 ASTRAL ST JACKSONVILLE 32205-",,"32205-",,"3784.46","False","0",,"False"
"060744-0000","12099","","535 CASSAT AVE JACKSONVILLE 32254-",,"32254-",,"3786.94","False","0",,"False"
"039898-0000","7954","","3903 HARBOR VIEW DR JACKSONVILLE 32208-",,"32208-",,"3787.78","False","0",,"False"
"149335-0579","22187","","9252 SAN JOSE BLVD 1803 JACKSONVILLE 32257-",,"32257-",,"3787.81","False","0",,"False"
"121322-0000","19023","","1028 W LAWFIN ST JACKSONVILLE 32211-",,"32211-",,"3791.11","False","0",,"False"
"045218-0000","9029","","2532 N PEARL ST JACKSONVILLE 32206-",,"32206-",,"3793.12","False","0",,"False"
"111351-0000","17947","","4107 BUCKMAN ST JACKSONVILLE 32206-",,"32206-",,"3793.59","False","0",,"False"
"019974-2275","4232","","11453 JERRY ADAM DR JACKSONVILLE 32218-",,"32218-",,"3798.28","False","0",,"False"
"068546-0000","12717","","6336 SAN JUAN AVE JACKSONVILLE 32210-",,"32210-",,"3798.98","False","0",,"False"
"035908-0000","7233","","2340 SOUTEL DR JACKSONVILLE 32208-",,"32208-",,"3809.57","False","0",,"False"
"011782-0000","2390","","6214 PARK ST JACKSONVILLE 32205-",,"32205-",,"3810.14","False","0",,"False"
"156424-0080","23141","","LOSCO RD JACKSONVILLE 32257-",,"32257-",,"3810.47","False","0",,"False"
"177325-0000","26587","","S 11TH ST JACKSONVILLE BEACH 32250-",,"32250-",,"3813.7","False","0",,"False"
"006369-0030","1637","","9407 OLD PLANK RD JACKSONVILLE 32220-",,"32220-",,"3815.27","False","0",,"False"
"020041-1050","26942","","10952 COPPER HILL DR JACKSONVILLE 32218-",,"32218-",,"3816.19","False","0",,"False"
"004017-0800","1028","","7324 SYCAMORE ST JACKSONVILLE 32219-",,"32219-",,"3817.94","False","0",,"False"
"110842-0030","17849","","11831 RICE RD JACKSONVILLE 32218-",,"32218-",,"3819.22","False","0",,"False"
"012472-0000","2473","","7521 WILSON BLVD JACKSONVILLE 32210-",,"32210-",,"3820.02","False","0",,"False"
"103888-0000","16666","","5129 SANTA CRUZ LN JACKSONVILLE 32210-",,"32210-",,"3821.66","False","0",,"False"
"068405-0000","12683","","5105 MARLENE AVE JACKSONVILLE 32210-",,"32210-",,"3823.68","False","0",,"False"
"093580-0000","15734","","4158 LEXINGTON AVE JACKSONVILLE 32210-",,"32210-",,"3824.29","False","0",,"False"
"055150-0000","11225","","2010 MAIN ST JACKSONVILLE 32206-",,"32206-",,"3832.58","False","0",,"False"
"015087-0000","3167","","7450 103RD ST JACKSONVILLE 32210-",,"32210-",,"3833.69","False","0",,"False"
"117553-0000","18753","","1927 CESERY BLVD JACKSONVILLE 32211-",,"32211-",,"3834.41","False","0",,"False"
"072638-0000","27157","","406 E 3RD ST JACKSONVILLE 32206-",,"32206-",,"3835.87","False","0",,"False"
"158232-1740","23424","","12534 DUNRAVEN TRL JACKSONVILLE 32223-",,"32223-",,"3838.34","False","0",,"False"
"158241-5275","23430","","12684 MILLS RIDGE LN JACKSONVILLE 32258-",,"32258-",,"3839.61","False","0",,"False"
"108082-0015","17397","","14143 TIKI LN JACKSONVILLE 32226-",,"32226-",,"3841.91","False","0",,"False"
"158094-2020","23379","","4328 BRANDON GLENN CT JACKSONVILLE 32258-",,"32258-",,"3846.75","False","0",,"False"
"137339-0000","20799","","2518 HIRSCH AVE JACKSONVILLE 32216-",,"32216-",,"3848.51","False","0",,"False"
"166931-0278","24983","","13848 HERONS LANDING WAY 12-6 JACKSONVILLE 32224-",,"32224-",,"3850.05","False","0",,"False"
"143394-0000","21169","","1205 ARLINGTON RD JACKSONVILLE 32211-",,"32211-",,"3851.46","False","0",,"False"
"147882-1026","21663","","5480 STANFORD RD JACKSONVILLE 32207-",,"32207-",,"3852.22","False","0",,"False"
"133180-0000","20354","","301 E 21ST ST JACKSONVILLE 32206-",,"32206-",,"3852.56","False","0",,"False"
"026977-0000","5568","","1504 GANDY ST JACKSONVILLE 32208-",,"32208-",,"3856.06","False","0",,"False"
"103517-2070","16589","","6113 DAVON ST JACKSONVILLE 32244-",,"32244-",,"3867.95","False","0",,"False"
"002215-0000","479","","3821 ALCOY RD JACKSONVILLE 32221-",,"32221-",,"3868.87","False","0",,"False"
"161674-0000","24106","","2164 SUNSET RIVER DR JACKSONVILLE 32225-",,"32225-",,"3869.6","False","0",,"False"
"146823-0000","21533","","5418 ROLLINS AVE JACKSONVILLE 32207-",,"32207-",,"3870.26","False","0",,"False"
"123345-0000","19265","","9717 FRASER RD JACKSONVILLE 32246-",,"32246-",,"3871.58","False","0",,"False"
"016143-0558","3518","","8151 MORRISTOWN TRL JACKSONVILLE 32244-",,"32244-",,"3873.09","False","0",,"False"
"041636-0000","8423","","5626 SOUTEL DR JACKSONVILLE 32219-",,"32219-",,"3873.26","False","0",,"False"
"016214-0000","3551","","7392 BUNION DR JACKSONVILLE 32222-",,"32222-",,"3885.61","False","0",,"False"
"170948-0600","26134","","996 HIBISCUS ST ATLANTIC BEACH 32233-",,"32233-",,"3885.9","False","0",,"False"
"016363-0000","3605","","7617 S OLD MIDDLEBURG RD JACKSONVILLE 32222-",,"32222-",,"3886.17","False","0",,"False"
"158066-0060","23366","","12050 OLD ST AUGUSTINE RD JACKSONVILLE 32258-",,"32258-",,"3890.23","False","0",,"False"
"148635-0110","21917","","8438 ALLERTON LN JACKSONVILLE 32256-",,"32256-",,"3891.42","False","0",,"False"
"015489-0010","3271","","9755 S ALVIN RD JACKSONVILLE 32222-",,"32222-",,"3893.22","False","0",,"False"
"065412-0000","12433","","1201 ADRIAN CT JACKSONVILLE 32205-",,"32205-",,"3894.57","False","0",,"False"
"004519-1990","1204","","2440 SOTTERLEY LN JACKSONVILLE 32220-",,"32220-",,"3896.83","False","0",,"False"
"015612-0200","3298","","6860 S OLD MIDDLEBURG RD JACKSONVILLE 32222-",,"32222-",,"3897.4","False","0",,"False"
"030125-0000","6288","","4930 SOUTEL DR JACKSONVILLE 32208-",,"32208-",,"3898.58","False","0",,"False"
"031698-0000","6607","","7130 N MAIN ST 27-37 JACKSONVILLE 32208-",,"32208-",,"3899.74","False","0",,"False"
"020041-1050","4267","","10952 COPPER HILL DR JACKSONVILLE 32218-",,"32218-",,"3902.42","False","0",,"False"
"007349-0000","26902","","7631 N CREST DR JACKSONVILLE 32221-",,"32221-",,"3902.63","False","0",,"False"
"071060-0000","12941","","1424 N MAIN ST JACKSONVILLE 32206-",,"32206-",,"3904.8","False","0",,"False"
"172207-0000","26237","","38 DUDLEY ST ATLANTIC BEACH 32233-",,"32233-",,"3907.21","False","0",,"False"
"165354-0000","24804","","2540 LEON RD JACKSONVILLE 32246-",,"32246-",,"3909.67","False","0",,"False"
"041915-0953","8497","","5697 FINCH AVE JACKSONVILLE 32219-",,"32219-",,"3917.79","False","0",,"False"
"127665-0000","19683","","4435 DE KALB AVE JACKSONVILLE 32207-",,"32207-",,"3928.08","False","0",,"False"
"106606-6170","17067","","550 ALICE COVE CT JACKSONVILLE 32218-",,"32218-",,"3929.63","False","0",,"False"
"024455-1145","5154","","3289 W GARDEN ACRES CT JACKSONVILLE 32208-",,"32208-",,"3937.56","False","0",,"False"
"039643-0000","7896","","8524 W LINCREST DR JACKSONVILLE 32208-",,"32208-",,"3944.12","False","0",,"False"
"020167-0500","4306","","10626 TALL TIMBER LN JACKSONVILLE 32218-",,"32218-",,"3944.29","False","0",,"False"
"020343-1375","26951","","3464 NATALIE MEL LN JACKSONVILLE 32218-",,"32218-",,"3944.51","False","0",,"False"
"087013-0000","15020","","1640 W 23RD ST JACKSONVILLE 32209-",,"32209-",,"3947.22","False","0",,"False"
"144291-0000","21259","","206 ARLINGTON RD JACKSONVILLE 32211-",,"32211-",,"3949.19","False","0",,"False"
"091921-0000","15657","","1402 RENSSELAER AVE JACKSONVILLE 32205-",,"32205-",,"3950.36","False","0",,"False"
"106153-0035","16915","","15407 HERBIE LN JACKSONVILLE 32218-",,"32218-",,"3953.57","False","0",,"False"
"143572-0000","21176","","7133 ARLET DR JACKSONVILLE 32211-",,"32211-",,"3957.75","False","0",,"False"
"116757-0000","18693","","6255 MERRILL RD JACKSONVILLE 32277-",,"32277-",,"3958.23","False","0",,"False"
"012922-0030","2612","","103RD ST JACKSONVILLE 32210-",,"32210-",,"3968.14","False","0",,"False"
"008842-0000","1948","","9536 CRYSTAL SPRINGS RD JACKSONVILLE 32221-",,"32221-",,"3968.68","False","0",,"False"
"000661-0000","100","","889 E ELLISON RD BALDWIN 32234-",,"32234-",,"3971.38","False","0",,"False"
"062202-0000","12209","","4514 ROYAL AVE JACKSONVILLE 32205-",,"32205-",,"3973.63","False","0",,"False"
"146445-0000","21505","","5503 E LAKEWOOD CIR JACKSONVILLE 32207-",,"32207-",,"3973.8","False","0",,"False"
"093974-0000","15754","","4644 PALMER AVE JACKSONVILLE 32210-",,"32210-",,"3974.34","False","0",,"False"
"012723-3885","2534","","3712 W STAR LEAF RD JACKSONVILLE 32210-",,"32210-",,"3976.99","False","0",,"False"
"044175-0010","8789","","11033 BISCAYNE BLVD JACKSONVILLE 32218-",,"32218-",,"3983.37","False","0",,"False"
"066341-0000","12503","","4811 CATHERINE TER JACKSONVILLE 32205-",,"32205-",,"3986.38","False","0",,"False"
"167746-6050","25551","","8111 SUMMERSIDE CIR JACKSONVILLE 32256-",,"32256-",,"3988.82","False","0",,"False"
"146811-0010","21530","","1520 CORNELL RD JACKSONVILLE 32207-",,"32207-",,"3989.56","False","0",,"False"
"133431-0000","20388","","3339 N MAIN ST JACKSONVILLE 32206-",,"32206-",,"3993.25","False","0",,"False"
"161193-0000","24024","","11156 FT CAROLINE RD JACKSONVILLE 32225-",,"32225-",,"3995.18","False","0",,"False"
"019596-0320","4057","","4892 S PARETE RD JACKSONVILLE 32218-",,"32218-",,"3995.86","False","0",,"False"
"003006-0000","772","","7840 TWIN RD 1 JACKSONVILLE 32219-",,"32219-",,"4000.73","False","0",,"False"
"167725-5176","25359","","10000 N GATE PKWY 725 JACKSONVILLE 32246-",,"32246-",,"4001.79","False","0",,"False"
"088252-0000","15333","","504 WOODBINE ST JACKSONVILLE 32206-",,"32206-",,"4004.5","False","0",,"False"
"021839-0000","4673","","8142 NEW KINGS RD JACKSONVILLE 32219-",,"32219-",,"4010.78","False","0",,"False"
"004078-0000","1059","","10623 OLD KINGS RD JACKSONVILLE 32219-",,"32219-",,"4015.01","False","0",,"False"
"016490-0540","3716","","7046 CANDLE FOREST CT JACKSONVILLE 32244-",,"32244-",,"4016.14","False","0",,"False"
"095554-0000","15864","","5904 WINDSOR FOREST DR JACKSONVILLE 32210-",,"32210-",,"4016.33","False","0",,"False"
"166998-0000","24994","","3527 E CLARIDGE RD JACKSONVILLE 32250-",,"32250-",,"4016.52","False","0",,"False"
"121564-0000","19033","","1610 SAMONTEE RD JACKSONVILLE 32211-",,"32211-",,"4019.1","False","0",,"False"
"025598-0000","5299","","3534 WINTON DR JACKSONVILLE 32208-",,"32208-",,"4021.34","False","0",,"False"
"146494-0000","21508","","1811 W UNIVERSITY BLVD JACKSONVILLE 32217-",,"32217-",,"4022.04","False","0",,"False"
"069139-0000","12774","","4415 ST JOHNS AVE JACKSONVILLE 32210-",,"32210-",,"4023.48","False","0",,"False"
"041700-0000","8443","","4452 ROTH DR JACKSONVILLE 32209-",,"32209-",,"4026.96","False","0",,"False"
"149077-1016","22099","","4133 HANGING MOSS CT JACKSONVILLE 32257-",,"32257-",,"4031.02","False","0",,"False"
"098993-0000","16222","","6134 LONGCHAMP DR JACKSONVILLE 32244-",,"32244-",,"4032.18","False","0",,"False"
"111203-0000","17919","","447 E 44TH ST JACKSONVILLE 32208-",,"32208-",,"4032.98","False","0",,"False"
"121358-0000","19025","","8340 LONE STAR RD JACKSONVILLE 32211-",,"32211-",,"4034.29","False","0",,"False"
"134793-0000","20543","","1921 EAST RD JACKSONVILLE 32216-",,"32216-",,"4039.38","False","0",,"False"
"016057-1675","3480","","7553 W GINGER TEA TRL JACKSONVILLE 32244-",,"32244-",,"4042.48","False","0",,"False"
"008902-0010","1982","","10547 CRYSTAL SPRINGS RD JACKSONVILLE 32221-",,"32221-",,"4048.16","False","0",,"False"
"009900-0000","2141","","8075 N PATOU DR JACKSONVILLE 32210-",,"32210-",,"4049.13","False","0",,"False"
"040103-0000","8011","","2845 W EDGEWOOD AVE JACKSONVILLE 32209-",,"32209-",,"4051.01","False","0",,"False"
"164259-0000","24503","","1948 ANNISTON RD JACKSONVILLE 32246-",,"32246-",,"4058.58","False","0",,"False"
"067005-0000","12562","","1339 S ELLIS RD JACKSONVILLE 32205-",,"32205-",,"4063.3","False","0",,"False"
"095553-0000","15863","","5916 WINDSOR FOREST DR JACKSONVILLE 32210-",,"32210-",,"4066.12","False","0",,"False"
"005815-0000","1490","","7736 STUART AVE JACKSONVILLE 32220-",,"32220-",,"4066.61","False","0",,"False"
"013164-0000","2694","","4510 LAMBING RD JACKSONVILLE 32210-",,"32210-",,"4067.19","False","0",,"False"
"004025-4600","1042","","9074 GALLOWAY DR JACKSONVILLE 32219-",,"32219-",,"4077.68","False","0",,"False"
"155505-0000","22882","","7550 BIRDIES RD JACKSONVILLE 32256-",,"32256-",,"4080.61","False","0",,"False"
"015436-0050","3256","","10408 SANDLER RD JACKSONVILLE 32222-",,"32222-",,"4081.46","False","0",,"False"
"007445-0000","1830","","S LANE AVE JACKSONVILLE 32254-",,"32254-",,"4084.06","False","0",,"False"
"026977-0000","26986","","1504 GANDY ST JACKSONVILLE 32208-",,"32208-",,"4085.18","False","0",,"False"
"072753-0000","13163","","1117 MARKET ST JACKSONVILLE 32206-",,"32206-",,"4088.25","False","0",,"False"
"151810-1026","22337","","3820 LAVISTA CIR 113 JACKSONVILLE 32217-",,"32217-",,"4090.87","False","0",,"False"
"139535-0000","20924","","1261 GLYNLEA RD JACKSONVILLE 32216-",,"32216-",,"4094.07","False","0",,"False"
"119547-0000","18864","","5903 N CARIBBEAN CT JACKSONVILLE 32277-",,"32277-",,"4097.69","False","0",,"False"
"167741-2848","25479","","10961 BURNT MILL RD 824 JACKSONVILLE 32256-",,"32256-",,"4098.84","False","0",,"False"
"008713-0035","1895","","1425 CONWAY RD JACKSONVILLE 32221-",,"32221-",,"4111.25","False","0",,"False"
"173826-0000","26337","","N 2ND AVE JACKSONVILLE BEACH 32250-",,"32250-",,"4126.14","False","0",,"False"
"160671-0110","23876","","11883 HIDDEN HILLS DR JACKSONVILLE 32225-",,"32225-",,"4128.27","False","0",,"False"
"106781-0000","17109","","1048 FIELDS RD JACKSONVILLE 32218-",,"32218-",,"4140.97","False","0",,"False"
"162225-0950","24237","","982 BRIARCREEK RD JACKSONVILLE 32225-",,"32225-",,"4141.48","False","0",,"False"
"020343-1375","26952","","3464 NATALIE MEL LN JACKSONVILLE 32218-",,"32218-",,"4143.28","False","0",,"False"
"071990-0000","13062","","1935 SILVER ST JACKSONVILLE 32206-",,"32206-",,"4145.54","False","0",,"False"
"157778-0000","23351","","4905 TAN ST JACKSONVILLE 32258-",,"32258-",,"4147.9","False","0",,"False"
"015192-0604","26918","","8080 S TRIUMPH LN JACKSONVILLE 32244-",,"32244-",,"4153.01","False","0",,"False"
"019542-2820","4011","","2604 PERCY RD JACKSONVILLE 32218-",,"32218-",,"4155.68","False","0",,"False"
"139175-0000","20901","","7026 ABBOT CT JACKSONVILLE 32216-",,"32216-",,"4156.55","False","0",,"False"
"078743-0000","13799","","4842 COLLEGE ST JACKSONVILLE 32205-",,"32205-",,"4157.11","False","0",,"False"
"015383-0070","3244","","9506 CHARCA VISTA CT JACKSONVILLE 32222-",,"32222-",,"4158.22","False","0",,"False"
"069216-0000","12777","","4429 MELROSE AVE JACKSONVILLE 32210-",,"32210-",,"4160.49","False","0",,"False"
"146036-0210","21454","","9889 N GATE PKWY JACKSONVILLE 32246-",,"32246-",,"4163.4","False","0",,"False"
"064138-0000","12353","","3038 POST ST JACKSONVILLE 32205-",,"32205-",,"4164.37","False","0",,"False"
"019703-3090","4161","","11705 HARTS RD JACKSONVILLE 32218-",,"32218-",,"4166.54","False","0",,"False"
"027230-0000","5616","","5907 ELLAKEL RD JACKSONVILLE 32208-",,"32208-",,"4167.27","False","0",,"False"
"160671-0510","23879","","12159 S SPINEY RIDGE DR JACKSONVILLE 32225-",,"32225-",,"4168.52","False","0",,"False"
"148386-0000","21755","","5067 LINCOLNSHIRE RD JACKSONVILLE 32217-",,"32217-",,"4169.91","False","0",,"False"
"112889-1630","18067","","3657 LIGHTVIEW LN JACKSONVILLE 32225-",,"32225-",,"4170.08","False","0",,"False"
"157148-3350","23299","","5478 LONDON LAKE DR JACKSONVILLE 32258-",,"32258-",,"4175.18","False","0",,"False"
"012875-1075","2601","","4391 N SHERMAN HILLS PKWY JACKSONVILLE 32210-",,"32210-",,"4175.81","False","0",,"False"
"091318-0000","15629","","2211 MYRA ST JACKSONVILLE 32204-",,"32204-",,"4181.19","False","0",,"False"
"071429-0000","12981","","1627 SILVER ST JACKSONVILLE 32206-",,"32206-",,"4182.84","False","0",,"False"
"155607-5544","22910","","5570 S FLORIDA MINING BLVD 203 JACKSONVILLE 32257-",,"32257-",,"4183.43","False","0",,"False"
"027606-0050","5675","","3930 RIBAULT RIVER LN JACKSONVILLE 32208-",,"32208-",,"4193.42","False","0",,"False"
"180365-6510","26800","","1800 THE GREENS WAY 1002 JACKSONVILLE BEACH 32250-",,"32250-",,"4197.5","False","0",,"False"
"016057-1035","3478","","7838 W ALLSPICE CIR JACKSONVILLE 32244-",,"32244-",,"4200.36","False","0",,"False"
"137087-0000","20750","","1865 EVERLEE RD JACKSONVILLE 32216-",,"32216-",,"4202.67","False","0",,"False"
"009257-0130","2075","","1758 DOLOMA ST JACKSONVILLE 32221-",,"32221-",,"4207.07","False","0",,"False"
"139554-0000","20926","","1157 GUNKA RD JACKSONVILLE 32216-",,"32216-",,"4213.11","False","0",,"False"
"112436-0000","18042","","5460 COPPEDGE AVE JACKSONVILLE 32277-",,"32277-",,"4217.68","False","0",,"False"
"139312-0000","20908","","866 WREN RD JACKSONVILLE 32216-",,"32216-",,"4218.99","False","0",,"False"
"000081-0000","23","","141 LIMANN RD JACKSONVILLE 32234-",,"32234-",,"4223.82","False","0",,"False"
"012709-1040","2503","","2443 E WINTERWOOD CIR JACKSONVILLE 32210-",,"32210-",,"4225.29","False","0",,"False"
"162157-1190","24187","","1353 S BLACKHAWK TRL JACKSONVILLE 32225-",,"32225-",,"4236.15","False","0",,"False"
"091191-0000","15623","","2589 POST ST JACKSONVILLE 32204-",,"32204-",,"4238.51","False","0",,"False"
"020159-0445","4292","","10338 MARSH HAWK DR JACKSONVILLE 32218-",,"32218-",,"4240.99","False","0",,"False"
"002299-0000","499","","5026 NATHAN HALE RD JACKSONVILLE 32221-",,"32221-",,"4250.25","False","0",,"False"
"141250-0000","21024","","1441 N UNIVERSITY BLVD JACKSONVILLE 32211-",,"32211-",,"4253.79","False","0",,"False"
"074796-0000","13328","","801 W FORSYTH ST JACKSONVILLE 32204-",,"32204-",,"4265.75","False","0",,"False"
"097393-0030","15975","","8158 CARAVELLE DR JACKSONVILLE 32244-",,"32244-",,"4266.11","False","0",,"False"
"146036-5166","21463","","9745 TOUCHTON RD 1022 JACKSONVILLE 32246-",,"32246-",,"4269.76","False","0",,"False"
"040610-0000","8221","","6040 BAGLEY RD JACKSONVILLE 32209-",,"32209-",,"4269.87","False","0",,"False"
"061485-0000","12162","","3414 CORBY ST JACKSONVILLE 32205-",,"32205-",,"4271.55","False","0",,"False"
"025512-0000","5285","","6724 CARTIER CIR JACKSONVILLE 32208-",,"32208-",,"4275.2","False","0",,"False"
"091677-0030","15645","","3658 VALENCIA RD JACKSONVILLE 32205-",,"32205-",,"4275.42","False","0",,"False"
"121195-0000","19015","","8569 N LAMANTO AVE JACKSONVILLE 32211-",,"32211-",,"4289.73","False","0",,"False"
"158630-0000","23460","","12977 BEAUBIEN RD JACKSONVILLE 32258-",,"32258-",,"4290.18","False","0",,"False"
"116146-0000","18666","","5677 BAYWOOD TER JACKSONVILLE 32211-",,"32211-",,"4293.86","False","0",,"False"
"156411-4848","23103","","11466 LANCER WAY JACKSONVILLE 32223-",,"32223-",,"4295.21","False","0",,"False"
"061752-0000","12179","","1039 LARK ST JACKSONVILLE 32205-",,"32205-",,"4297.03","False","0",,"False"
"023077-0000","4941","","3286 SOUTEL DR JACKSONVILLE 32208-",,"32208-",,"4302.78","False","0",,"False"
"016468-7580","3709","","8032 BAGPIPE LN JACKSONVILLE 32244-",,"32244-",,"4308.19","False","0",,"False"
"048647-0020","9915","","1605 DETROIT ST JACKSONVILLE 32254-",,"32254-",,"4309.72","False","0",,"False"
"040022-0000","7979","","8342 NEW KINGS RD JACKSONVILLE 32219-",,"32219-",,"4311.55","False","0",,"False"
"148472-0000","21757","","5062 BRADFORD RD JACKSONVILLE 32217-",,"32217-",,"4328.19","False","0",,"False"
"024506-0000","5167","","8232 WHITE PLAINS RD JACKSONVILLE 32208-",,"32208-",,"4331.54","False","0",,"False"
"175286-0000","26420","","1432 N 9TH ST JACKSONVILLE BEACH 32250-",,"32250-",,"4332.69","False","0",,"False"
"107123-1190","17222","","13951 RIDGEWICK DR JACKSONVILLE 32218-",,"32218-",,"4338.9","False","0",,"False"
"165261-5812","24608","","10863 MAREEBA RD JACKSONVILLE 32246-",,"32246-",,"4342.91","False","0",,"False"
"083923-0000","14229","","5050 SHENANDOAH AVE JACKSONVILLE 32254-",,"32254-",,"4349.2","False","0",,"False"
"019588-0005","4029","","YOUNIS RD JACKSONVILLE 32218-",,"32218-",,"4351","False","0",,"False"
"073349-0058","13221","","400 E BAY ST 201 JACKSONVILLE 32202-",,"32202-",,"4351.51","False","0",,"False"
"059630-0000","12019","","814 ELLIS RD JACKSONVILLE 32205-",,"32205-",,"4353.74","False","0",,"False"
"157245-0016","23324","","12175 PLUMMER GRANT RD JACKSONVILLE 32258-",,"32258-",,"4354.15","False","0",,"False"
"165264-6920","24635","","1832 W HAWKINS COVE DR JACKSONVILLE 32246-",,"32246-",,"4357.75","False","0",,"False"
"036469-0000","7329","","2401 SOUTEL DR JACKSONVILLE 32208-",,"32208-",,"4357.9","False","0",,"False"
"108409-1510","17519","","1760 LAKE RD JACKSONVILLE 32226-",,"32226-",,"4362.05","False","0",,"False"
"098380-3645","16152","","5549 ORTEGA PARK BLVD JACKSONVILLE 32244-",,"32244-",,"4363.91","False","0",,"False"
"058618-0000","11854","","4810 DIGNAN ST JACKSONVILLE 32254-",,"32254-",,"4365.49","False","0",,"False"
"003848-1832","978","","10980 COLORADO SPRINGS AVE JACKSONVILLE 32219-",,"32219-",,"4370.4","False","0",,"False"
"158241-5275","27287","","12684 MILLS RIDGE LN JACKSONVILLE 32258-",,"32258-",,"4377.76","False","0",,"False"
"111493-0950","17978","","3757 E HERMITAGE RD JACKSONVILLE 32277-",,"32277-",,"4380.54","False","0",,"False"
"164322-0000","24513","","2720 ANNISTON RD JACKSONVILLE 32246-",,"32246-",,"4381.81","False","0",,"False"
"007455-0000","1832","","658 HENDERSON RD JACKSONVILLE 32205-",,"32205-",,"4386.38","False","0",,"False"
"156601-0000","23210","","10607 E MCLAURIN RD JACKSONVILLE 32256-",,"32256-",,"4392.54","False","0",,"False"
"176495-1000","26537","","606 S LOWER 8TH AVE JACKSONVILLE BEACH 32250-",,"32250-",,"4403.77","False","0",,"False"
"084341-0000","14319","","4003 N CANAL ST JACKSONVILLE 32209-",,"32209-",,"4406.9","False","0",,"False"
"026977-0000","26985","","1504 GANDY ST JACKSONVILLE 32208-",,"32208-",,"4411.15","False","0",,"False"
"072231-0000","13089","","439 E 7TH ST JACKSONVILLE 32206-",,"32206-",,"4411.5","False","0",,"False"
"010501-1290","2197","","7639 LOOKOUT POINT DR JACKSONVILLE 32210-",,"32210-",,"4420.34","False","0",,"False"
"149335-0586","22189","","9252 SAN JOSE BLVD 2002 JACKSONVILLE 32257-",,"32257-",,"4421.67","False","0",,"False"
"120922-0000","18998","","938 W BORDEAU AVE JACKSONVILLE 32211-",,"32211-",,"4430.75","False","0",,"False"
"004519-1990","26895","","2440 SOTTERLEY LN JACKSONVILLE 32220-",,"32220-",,"4435.4","False","0",,"False"
"101120-0000","16410","","4809 YACHT CLUB RD JACKSONVILLE 32210-",,"32210-",,"4440.96","False","0",,"False"
"119873-0000","18887","","7636 S ALTUS DR JACKSONVILLE 32277-",,"32277-",,"4443.91","False","0",,"False"
"061994-0000","12203","","514 EDGEWOOD AVE JACKSONVILLE 32205-",,"32205-",,"4447.6","False","0",,"False"
"006852-9800","1731","","8903 BEAVER ST JACKSONVILLE 32220-",,"32220-",,"4451.64","False","0",,"False"
"016463-1694","3649","","8326 W CROSS TIMBERS DR JACKSONVILLE 32244-",,"32244-",,"4454.59","False","0",,"False"
"061574-0000","12169","","1156 WOLFE ST JACKSONVILLE 32205-",,"32205-",,"4460.77","False","0",,"False"
"105722-3040","16842","","12229 E GOVERNORS DR JACKSONVILLE 32223-",,"32223-",,"4460.99","False","0",,"False"
"016363-0000","26924","","7617 S OLD MIDDLEBURG RD JACKSONVILLE 32222-",,"32222-",,"4461.98","False","0",,"False"
"015364-0000","3236","","6078 CONNIE JEAN RD JACKSONVILLE 32222-",,"32222-",,"4462.36","False","0",,"False"
"020365-0000","4363","","LEM TURNER RD JACKSONVILLE 32218-",,"32218-",,"4463.59","False","0",,"False"
"016057-8410","3485","","7324 GREY FOX LN JACKSONVILLE 32244-",,"32244-",,"4469.16","False","0",,"False"
"062266-0000","12212","","838 HAMILTON ST JACKSONVILLE 32205-",,"32205-",,"4469.16","False","0",,"False"
"041548-0000","8411","","5088 ANDREW ROBINSON DR JACKSONVILLE 32209-",,"32209-",,"4482.55","False","0",,"False"
"030124-0000","6287","","4138 RIBAULT RIVER LN JACKSONVILLE 32208-",,"32208-",,"4485.09","False","0",,"False"
"011705-0000","2383","","5933 LENOX AVE JACKSONVILLE 32205-",,"32205-",,"4485.88","False","0",,"False"
"126545-0000","19538","","3659 FREEMAN RD JACKSONVILLE 32207-",,"32207-",,"4486.29","False","0",,"False"
"167725-2535","25353","","3834 E UNION PACIFIC DR JACKSONVILLE 32246-",,"32246-",,"4495.42","False","0",,"False"
"079089-0000","13829","","3355 CORBY ST JACKSONVILLE 32205-",,"32205-",,"4501.34","False","0",,"False"
"016057-9305","3488","","7311 N HIGH BLUFF RD JACKSONVILLE 32244-",,"32244-",,"4510.63","False","0",,"False"
"125411-0010","19431","","2636 PEACOCK ST JACKSONVILLE 32207-",,"32207-",,"4511.86","False","0",,"False"
"012096-0000","2410","","6926 N HANSON DR JACKSONVILLE 32210-",,"32210-",,"4522.82","False","0",,"False"
"170777-0000","26119","","980 MAYPORT RD ATLANTIC BEACH 32233-",,"32233-",,"4526.57","False","0",,"False"
"002492-0300","544","","8726 ACREE RD JACKSONVILLE 32219-",,"32219-",,"4531.04","False","0",,"False"
"024873-0000","5215","","1735 RIBAULT SCENIC DR JACKSONVILLE 32208-",,"32208-",,"4531.74","False","0",,"False"
"044281-0384","8862","","1029 LOBSTER LN JACKSONVILLE 32218-",,"32218-",,"4531.94","False","0",,"False"
"044956-0000","8984","","2504 N MAIN ST JACKSONVILLE 32206-",,"32206-",,"4533.98","False","0",,"False"
"020343-1375","26953","","3464 NATALIE MEL LN JACKSONVILLE 32218-",,"32218-",,"4535.46","False","0",,"False"
"010011-0000","2146","","2119 BOURGET DR JACKSONVILLE 32210-",,"32210-",,"4537.11","False","0",,"False"
"146036-5156","21462","","9745 TOUCHTON RD 1002 JACKSONVILLE 32246-",,"32246-",,"4546.59","False","0",,"False"
"181780-0080","26871","","1701 THE GREENS WAY 414 JACKSONVILLE BEACH 32250-",,"32250-",,"4551.54","False","0",,"False"
"145183-7476","21386","","855 DUSKIN DR JACKSONVILLE 32216-",,"32216-",,"4553.62","False","0",,"False"
"171238-0000","26161","","775 SAILFISH DR ATLANTIC BEACH 32233-",,"32233-",,"4558.13","False","0",,"False"
"171244-0000","26162","","835 SAILFISH DR ATLANTIC BEACH 32233-",,"32233-",,"4558.14","False","0",,"False"
"127063-0000","19624","","4250 E CAMELLIA CIR JACKSONVILLE 32207-",,"32207-",,"4558.58","False","0",,"False"
"106561-0245","17036","","12294 BLACK WALNUT CT JACKSONVILLE 32226-",,"32226-",,"4560.58","False","0",,"False"
"000594-0000","96","","630 W U S 90 BALDWIN 32234-",,"32234-",,"4564.24","False","0",,"False"
"106944-0010","17172","","13023 PERDUE RD JACKSONVILLE 32218-",,"32218-",,"4575.24","False","0",,"False"
"156022-0000","23030","","2854 CLAIRBORO RD JACKSONVILLE 32223-",,"32223-",,"4576.17","False","0",,"False"
"171244-0000","27304","","835 SAILFISH DR ATLANTIC BEACH 32233-",,"32233-",,"4580.5","False","0",,"False"
"155433-0000","22875","","3590 VICTORIA PARK RD JACKSONVILLE 32216-",,"32216-",,"4589.29","False","0",,"False"
"012875-0495","2600","","4662 SHERMAN HILLS PKWY JACKSONVILLE 32210-",,"32210-",,"4593.05","False","0",,"False"
"158763-0682","23487","","12700 BARTRAM PARK BLVD 2311 JACKSONVILLE 32258-",,"32258-",,"4595.8","False","0",,"False"
"006991-0000","1753","","750 S MCCARGO ST JACKSONVILLE 32221-",,"32221-",,"4596.34","False","0",,"False"
"154378-4050","22746","","3173 HOLLOW TREE CT JACKSONVILLE 32216-",,"32216-",,"4596.56","False","0",,"False"
"158241-5275","27288","","12684 MILLS RIDGE LN JACKSONVILLE 32258-",,"32258-",,"4601.22","False","0",,"False"
"146036-5178","21464","","9745 TOUCHTON RD 1028 JACKSONVILLE 32246-",,"32246-",,"4601.62","False","0",,"False"
"032278-0000","6698","","9609 EVANS RD JACKSONVILLE 32208-",,"32208-",,"4601.94","False","0",,"False"
"011537-0000","2350","","1912 S LANE AVE JACKSONVILLE 32210-",,"32210-",,"4605.99","False","0",,"False"
"108072-0890","17389","","12115 GEORGIA OAK CT JACKSONVILLE 32218-",,"32218-",,"4607.34","False","0",,"False"
"041941-0000","8529","","5736 CLEVELAND RD JACKSONVILLE 32209-",,"32209-",,"4609.58","False","0",,"False"
"022274-0000","4775","","7709 NEW KINGS RD JACKSONVILLE 32219-",,"32219-",,"4615.27","False","0",,"False"
"009288-0000","2080","","1629 HAMMOND BLVD JACKSONVILLE 32221-",,"32221-",,"4618","False","0",,"False"
"163945-0000","24456","","2714 CORTEZ RD JACKSONVILLE 32246-",,"32246-",,"4620.04","False","0",,"False"
"142988-0000","21156","","1407 GRANDVIEW DR JACKSONVILLE 32211-",,"32211-",,"4625.25","False","0",,"False"
"112202-0000","18022","","3845 EDIDIN DR JACKSONVILLE 32277-",,"32277-",,"4627.67","False","0",,"False"
"061482-0000","12161","","3528 CORBY ST JACKSONVILLE 32205-",,"32205-",,"4628.04","False","0",,"False"
"131237-0000","19978","","1711 E CHURCH ST JACKSONVILLE 32202-",,"32202-",,"4631.21","False","0",,"False"
"055148-0000","11223","","2020 N MAIN ST JACKSONVILLE 32206-",,"32206-",,"4634.99","False","0",,"False"
"054234-0000","11125","","1464 N MYRTLE AVE JACKSONVILLE 32209-",,"32209-",,"4635.68","False","0",,"False"
"139023-0000","20888","","548 LAURINA ST JACKSONVILLE 32216-",,"32216-",,"4638.78","False","0",,"False"
"006645-0000","1685","","W BEAVER ST JACKSONVILLE 32220-",,"32220-",,"4641.72","False","0",,"False"
"008981-1585","2025","","1959 CHEROKEE COVE TRL JACKSONVILLE 32221-",,"32221-",,"4642.71","False","0",,"False"
"024523-0000","5169","","1645 FOREST HILLS RD JACKSONVILLE 32208-",,"32208-",,"4646.82","False","0",,"False"
"016519-0498","3742","","8658 BLACKHAW CT JACKSONVILLE 32244-",,"32244-",,"4646.83","False","0",,"False"
"101220-0000","16414","","4678 HOMESTEAD RD JACKSONVILLE 32210-",,"32210-",,"4649.17","False","0",,"False"
"112837-0000","18056","","5455 SANDERS RD JACKSONVILLE 32277-",,"32277-",,"4649.67","False","0",,"False"
"155032-0000","22859","","2850 E LORAN DR JACKSONVILLE 32216-",,"32216-",,"4649.91","False","0",,"False"
"064464-0000","12383","","2842 POST ST JACKSONVILLE 32205-",,"32205-",,"4651.77","False","0",,"False"
"121786-0000","19042","","1856 LANDWOOD ST JACKSONVILLE 32211-",,"32211-",,"4659.8","False","0",,"False"
"148522-3156","21841","","7815 E FAWN BROOK CIR JACKSONVILLE 32256-",,"32256-",,"4660.1","False","0",,"False"
"005980-0010","1513","","7748 STILLWELL RD JACKSONVILLE 32221-",,"32221-",,"4679.19","False","0",,"False"
"020159-0640","4295","","4419 S MARSH HAWK DR JACKSONVILLE 32218-",,"32218-",,"4689.27","False","0",,"False"
"013393-0000","2836","","8162 OSTEEN ST JACKSONVILLE 32210-",,"32210-",,"4693.87","False","0",,"False"
"006824-1325","1722","","9756 OXFORD STATION DR JACKSONVILLE 32221-",,"32221-",,"4703.55","False","0",,"False"
"059403-0000","11991","","523 S ELLIS RD JACKSONVILLE 32254-",,"32254-",,"4703.67","False","0",,"False"
"001930-0010","438","","860 S HALSEMA RD JACKSONVILLE 32221-",,"32221-",,"4711.19","False","0",,"False"
"167128-6000","25103","","BELLA RIVA LN JACKSONVILLE 32225-",,"32225-",,"4713.84","False","0",,"False"
"028853-0010","5975","","5168 VERNON RD JACKSONVILLE 32209-",,"32209-",,"4719.27","False","0",,"False"
"155279-0000","22869","","6130 N PRATHER DR JACKSONVILLE 32216-",,"32216-",,"4727.89","False","0",,"False"
"082178-0000","13959","","1704 INWOOD TER JACKSONVILLE 32207-",,"32207-",,"4734.22","False","0",,"False"
"110444-0000","17784","","11257 AMERICANA LN JACKSONVILLE 32218-",,"32218-",,"4739.66","False","0",,"False"
"022573-0000","4822","","601 IVA PL JACKSONVILLE 32208-",,"32208-",,"4755.33","False","0",,"False"
"174058-0000","26350","","317 N 2ND AVE JACKSONVILLE BEACH 32250-",,"32250-",,"4755.35","False","0",,"False"
"158163-0000","23393","","12111 SAN JOSE BLVD JACKSONVILLE 32223-",,"32223-",,"4759.2","False","0",,"False"
"180365-6510","27310","","1800 THE GREENS WAY 1002 JACKSONVILLE BEACH 32250-",,"32250-",,"4760.76","False","0",,"False"
"123441-0000","19267","","9994 ARNOLD RD JACKSONVILLE 32246-",,"32246-",,"4765.2","False","0",,"False"
"008711-0100","1893","","8320 LENOX AVE JACKSONVILLE 32221-",,"32221-",,"4772.27","False","0",,"False"
"019596-0390","4061","","5113 S PARETE RD JACKSONVILLE 32218-",,"32218-",,"4775.68","False","0",,"False"
"095295-0000","15835","","2645 BAYVIEW RD JACKSONVILLE 32210-",,"32210-",,"4778.56","False","0",,"False"
"037390-0000","7501","","8713 MONROE AVE JACKSONVILLE 32208-",,"32208-",,"4781.81","False","0",,"False"
"136956-0100","20740","","HOGAN RD JACKSONVILLE 32216-",,"32216-",,"4799.99","False","0",,"False"
"146036-5054","21461","","9745 TOUCHTON RD 1701 JACKSONVILLE 32246-",,"32246-",,"4805.06","False","0",,"False"
"147983-0655","21688","","9551 SUGAR HOLLOW LN JACKSONVILLE 32256-",,"32256-",,"4805.44","False","0",,"False"
"015489-0020","3272","","9755 S ALVIN RD JACKSONVILLE 32222-",,"32222-",,"4808.47","False","0",,"False"
"083262-0000","13989","","725 S GRANADA BLVD JACKSONVILLE 32207-",,"32207-",,"4821.58","False","0",,"False"
"090482-0066","15585","","1661 RIVERSIDE AVE 202 JACKSONVILLE 32204-",,"32204-",,"4826.54","False","0",,"False"
"170927-1040","26130","","781 BEGONIA ST ATLANTIC BEACH 32233-",,"32233-",,"4834.7","False","0",,"False"
"100005-0000","16361","","4652 PINEWOOD AVE JACKSONVILLE 32207-",,"32207-",,"4859.2","False","0",,"False"
"026761-0000","5511","","7240 LEM TURNER RD JACKSONVILLE 32208-",,"32208-",,"4859.63","False","0",,"False"
"005144-0010","1360","","507 N LANE AVE JACKSONVILLE 32254-",,"32254-",,"4867.37","False","0",,"False"
"158767-5820","23506","","13241 BARTRAM PARK BLVD 1405 JACKSONVILLE 32258-",,"32258-",,"4867.56","False","0",,"False"
"016483-0000","3714","","8197 BROOKS DR JACKSONVILLE 32244-",,"32244-",,"4869.09","False","0",,"False"
"155697-0194","22970","","4325 WALNUT BEND JACKSONVILLE 32257-",,"32257-",,"4881.99","False","0",,"False"
"073372-0000","13248","","211 E BAY ST JACKSONVILLE 32202-",,"32202-",,"4894.46","False","0",,"False"
"103821-0000","16662","","4317 ORTEGA FARMS CIR JACKSONVILLE 32210-",,"32210-",,"4896.25","False","0",,"False"
"167444-0562","25218","","12936 BEARPAW PL JACKSONVILLE 32246-",,"32246-",,"4902.46","False","0",,"False"
"095503-0000","15860","","5164 EULACE RD JACKSONVILLE 32210-",,"32210-",,"4907.74","False","0",,"False"
"001215-0010","249","","8737 MAGNOLIA ST JACKSONVILLE 32234-",,"32234-",,"4907.89","False","0",,"False"
"155916-0336","23001","","3631 TORRE GRANDE AVE JACKSONVILLE 32257-",,"32257-",,"4920.41","False","0",,"False"
"016430-4030","3638","","8466 WATERMILL BLVD JACKSONVILLE 32244-",,"32244-",,"4936.58","False","0",,"False"
"093306-0002","15718","","LAKESIDE DR JACKSONVILLE 32210-",,"32210-",,"4936.58","False","0",,"False"
"072019-0000","13067","","1951 N PEARL ST JACKSONVILLE 32206-",,"32206-",,"4939.92","False","0",,"False"
"015673-0065","3325","","7028 CAMFIELD LANDING DR JACKSONVILLE 32222-",,"32222-",,"4940.96","False","0",,"False"
"015673-0130","3326","","7063 CAMFIELD LANDING DR JACKSONVILLE 32222-",,"32222-",,"4940.96","False","0",,"False"
"069780-0000","12797","","CALJON RD JACKSONVILLE 32207-",,"32207-",,"4943.85","False","0",,"False"
"099988-0000","16360","","4324 PINEWOOD AVE JACKSONVILLE 32207-",,"32207-",,"4948.74","False","0",,"False"
"151224-0000","22312","","2407 ACADIE DR JACKSONVILLE 32217-",,"32217-",,"4953.74","False","0",,"False"
"167636-0000","25347","","3830 DALRY DR JACKSONVILLE 32246-",,"32246-",,"4971.52","False","0",,"False"
"136813-0000","20730","","2001 ART MUSEUM DR JACKSONVILLE 32207-",,"32207-",,"4973.55","False","0",,"False"
"156251-0000","23062","","3126 PURDOM DR JACKSONVILLE 32223-",,"32223-",,"4973.86","False","0",,"False"
"108674-0000","17588","","11138 N PLEASANT OAK RD JACKSONVILLE 32226-",,"32226-",,"4985.76","False","0",,"False"
"160671-5500","23888","","11966 SAVERIO LN JACKSONVILLE 32225-",,"32225-",,"4987.98","False","0",,"False"
"165283-0285","24701","","2504 WINDING SPRING CT JACKSONVILLE 32246-",,"32246-",,"5002.59","False","0",,"False"
"152192-0000","22358","","7917 MENDOZA DR JACKSONVILLE 32217-",,"32217-",,"5003.37","False","0",,"False"
"172218-0000","26239","","1880 MAYPORT RD ATLANTIC BEACH 32233-",,"32233-",,"5006.17","False","0",,"False"
"020908-0000","4454","","300 FRANKLIN AVE JACKSONVILLE 32218-",,"32218-",,"5008.45","False","0",,"False"
"025119-0000","5242","","2915 RIBAULT SCENIC DR JACKSONVILLE 32208-",,"32208-",,"5009.29","False","0",,"False"
"093858-0000","15750","","4251 PALMER AVE JACKSONVILLE 32210-",,"32210-",,"5018.48","False","0",,"False"
"148632-5676","21888","","8852 CHAMBORE DR JACKSONVILLE 32256-",,"32256-",,"5029.68","False","0",,"False"
"100439-0000","16380","","6054 SAN JOSE BLVD JACKSONVILLE 32217-",,"32217-",,"5037.68","False","0",,"False"
"002861-0090","705","","8876 JOHNSON TER JACKSONVILLE 32219-",,"32219-",,"5039.84","False","0",,"False"
"148210-0000","21742","","8447 SAN ARDO DR JACKSONVILLE 32217-",,"32217-",,"5054.51","False","0",,"False"
"162224-0295","24225","","339 N HICKORY HOLLOW DR JACKSONVILLE 32225-",,"32225-",,"5077.01","False","0",,"False"
"148514-3002","21775","","5120 HARROW RD JACKSONVILLE 32217-",,"32217-",,"5081.72","False","0",,"False"
"161132-4185","23986","","13783 QUARTZ CRYSTAL DR JACKSONVILLE 32225-",,"32225-",,"5086.77","False","0",,"False"
"112853-0540","18059","","5323 RIVERTON RD JACKSONVILLE 32277-",,"32277-",,"5096.24","False","0",,"False"
"101241-0000","16417","","4630 HOMESTEAD RD JACKSONVILLE 32210-",,"32210-",,"5097.01","False","0",,"False"
"080393-0500","13871","","1431 RIVERPLACE BLVD 1901 JACKSONVILLE 32207-",,"32207-",,"5112.88","False","0",,"False"
"082808-0000","13979","","1337 MORVENWOOD RD JACKSONVILLE 32207-",,"32207-",,"5118.44","False","0",,"False"
"110736-0000","17834","","1821 DAVIS RD JACKSONVILLE 32218-",,"32218-",,"5124.4","False","0",,"False"
"014731-0000","3141","","5861 BUCKLEY DR JACKSONVILLE 32244-",,"32244-",,"5141.84","False","0",,"False"
"117086-0000","18711","","2944 W CORKWOOD RD JACKSONVILLE 32277-",,"32277-",,"5152.23","False","0",,"False"
"168520-0000","25914","","1274 CAPE CHARLES AVE JACKSONVILLE 32233-",,"32233-",,"5158.18","False","0",,"False"
"073008-0000","13196","","124 E 3RD ST JACKSONVILLE 32206-",,"32206-",,"5167.22","False","0",,"False"
"167444-0612","25219","","2437 W FALLEN TREE DR JACKSONVILLE 32246-",,"32246-",,"5170.86","False","0",,"False"
"173072-0000","26315","","546 DAVIS ST NEPTUNE BEACH 32266-",,"32266-",,"5179.73","False","0",,"False"
"006723-0030","1690","","333 CENTER AVE JACKSONVILLE 32220-",,"32220-",,"5180.66","False","0",,"False"
"037256-0010","7462","","9029 LEM TURNER RD JACKSONVILLE 32208-",,"32208-",,"5185.78","False","0",,"False"
"008981-0835","2023","","2355 CHEROKEE COVE TRL JACKSONVILLE 32221-",,"32221-",,"5185.95","False","0",,"False"
"157193-0500","23320","","5463 TIERRA VERDE LN JACKSONVILLE 32258-",,"32258-",,"5196.12","False","0",,"False"
"003784-2270","962","","6788 LANGFORD ST JACKSONVILLE 32219-",,"32219-",,"5218.14","False","0",,"False"
"095504-0000","15861","","5210 EULACE RD JACKSONVILLE 32210-",,"32210-",,"5218.74","False","0",,"False"
"071552-0000","12996","","1733 PERRY ST JACKSONVILLE 32206-",,"32206-",,"5228.42","False","0",,"False"
"120112-0000","18904","","2066 SAMONTEE RD JACKSONVILLE 32211-",,"32211-",,"5230.08","False","0",,"False"
"175949-1306","26479","","112 S 5TH AVE 201 JACKSONVILLE BEACH 32250-",,"32250-",,"5231.21","False","0",,"False"
"108426-1210","17534","","15225 N LANDMARK CIR JACKSONVILLE 32226-",,"32226-",,"5239.67","False","0",,"False"
"004874-0000","1328","","1554 DOLPH RD JACKSONVILLE 32220-",,"32220-",,"5241.03","False","0",,"False"
"115120-0000","18498","","1939 FRANKLIN ST JACKSONVILLE 32206-",,"32206-",,"5247.52","False","0",,"False"
"016464-0605","3673","","8688 S BANDERA CIR JACKSONVILLE 32244-",,"32244-",,"5248.77","False","0",,"False"
"148291-0000","21747","","4853 SAN CLERC RD JACKSONVILLE 32217-",,"32217-",,"5257.09","False","0",,"False"
"168085-0172","25766","","13329 SOLAR DR JACKSONVILLE 32258-",,"32258-",,"5265.56","False","0",,"False"
"031825-0000","6622","","844 LYNTON ST JACKSONVILLE 32208-",,"32208-",,"5266.1","False","0",,"False"
"177387-3050","26601","","218 E JARDIN DE MER PL 218 JACKSONVILLE BEACH 32250-",,"32250-",,"5268.77","False","0",,"False"
"062850-0000","12241","","4803 SAPPHO AVE JACKSONVILLE 32205-",,"32205-",,"5272.46","False","0",,"False"
"121145-0000","19011","","8531 ELONDO ST JACKSONVILLE 32211-",,"32211-",,"5276.07","False","0",,"False"
"074767-0000","13324","","817 HOUSTON ST JACKSONVILLE 32204-",,"32204-",,"5276.46","False","0",,"False"
"150122-0168","22245","","6827 SAN JOSE BLVD JACKSONVILLE 32217-",,"32217-",,"5278.13","False","0",,"False"
"139475-0000","20918","","6606 S NIGHTINGALE RD JACKSONVILLE 32216-",,"32216-",,"5282.2","False","0",,"False"
"167770-2075","25637","","13648 MYRICA CT JACKSONVILLE 32224-",,"32224-",,"5303.23","False","0",,"False"
"006947-0000","1747","","242 ASHLAND AVE JACKSONVILLE 32220-",,"32220-",,"5303.72","False","0",,"False"
"003449-3405","877","","8248 GOLDEN BAMBOO DR JACKSONVILLE 32219-",,"32219-",,"5310.11","False","0",,"False"
"006513-0585","1653","","1025 PEBBLE RIDGE DR JACKSONVILLE 32220-",,"32220-",,"5312.67","False","0",,"False"
"090807-0000","15606","","2547 HERSCHEL ST JACKSONVILLE 32204-",,"32204-",,"5318.15","False","0",,"False"
"167158-7730","25141","","13327 N CURRITUCK DR JACKSONVILLE 32225-",,"32225-",,"5320.92","False","0",,"False"
"122322-0010","19113","","820 A PHILIP RANDOLPH BLVD JACKSONVILLE 32206-",,"32206-",,"5322.04","False","0",,"False"
"044279-1050","8832","","10490 E BALMORAL CIR JACKSONVILLE 32218-",,"32218-",,"5325.71","False","0",,"False"
"020041-0660","4265","","11057 COPPER HILL DR JACKSONVILLE 32218-",,"32218-",,"5336.39","False","0",,"False"
"133973-0115","20468","","5156 MARTHA ANN DR JACKSONVILLE 32207-",,"32207-",,"5338.25","False","0",,"False"
"166444-0000","24914","","11943 GREENWOOD CT JACKSONVILLE 32246-",,"32246-",,"5338.45","False","0",,"False"
"156421-2334","23129","","10863 E CROSSTIE RD JACKSONVILLE 32257-",,"32257-",,"5341.79","False","0",,"False"
"123479-0000","19274","","1805 LIVE OAK DR JACKSONVILLE 32246-",,"32246-",,"5353.59","False","0",,"False"
"150775-0000","22279","","4053 PONCE DE LEON AVE JACKSONVILLE 32217-",,"32217-",,"5368.33","False","0",,"False"
"159786-1050","23754","","13953 SAWPIT RD JACKSONVILLE 32226-",,"32226-",,"5375.76","False","0",,"False"
"091201-0000","15624","","2319 COLLEGE ST JACKSONVILLE 32204-",,"32204-",,"5379.12","False","0",,"False"
"141118-0010","21000","","1320 E HOLLYHOCK CIR JACKSONVILLE 32211-",,"32211-",,"5379.62","False","0",,"False"
"070353-0000","12880","","1813 CALLAHAN ST JACKSONVILLE 32207-",,"32207-",,"5379.68","False","0",,"False"
"150991-0000","22296","","6937 W LA MESA DR JACKSONVILLE 32217-",,"32217-",,"5382.88","False","0",,"False"
"166939-0000","24987","","3339 ALDRIDGE MALL JACKSONVILLE 32224-",,"32224-",,"5387.22","False","0",,"False"
"071378-0000","12974","","1637 N MAIN ST JACKSONVILLE 32206-",,"32206-",,"5388.53","False","0",,"False"
"042505-0000","8606","","1614 LEONID RD JACKSONVILLE 32218-",,"32218-",,"5393.49","False","0",,"False"
"088021-0000","15277","","543 WOODBINE ST JACKSONVILLE 32206-",,"32206-",,"5400.22","False","0",,"False"
"167459-0890","25305","","12248 S COBBLEFIELD CIR JACKSONVILLE 32224-",,"32224-",,"5417.18","False","0",,"False"
"041469-0000","8381","","4408 W MONCRIEF RD JACKSONVILLE 32209-",,"32209-",,"5428.49","False","0",,"False"
"013843-0554","2940","","5029 WESTCHASE CT JACKSONVILLE 32210-",,"32210-",,"5437.82","False","0",,"False"
"106578-7340","17043","","12899 CHANDLERS CROSSING LN JACKSONVILLE 32226-",,"32226-",,"5462.59","False","0",,"False"
"102357-0000","16460","","5367 ORTEGA BLVD JACKSONVILLE 32210-",,"32210-",,"5469.34","False","0",,"False"
"068779-0010","12734","","6129 HYDE PARK CIR JACKSONVILLE 32210-",,"32210-",,"5471.31","False","0",,"False"
"168085-0596","25772","","13328 LOW TIDE WAY JACKSONVILLE 32258-",,"32258-",,"5473.82","False","0",,"False"
"145573-0000","21439","","1173 NICHOLSON RD JACKSONVILLE 32207-",,"32207-",,"5478.25","False","0",,"False"
"013553-0000","2854","","103RD ST JACKSONVILLE 32210-",,"32210-",,"5487.04","False","0",,"False"
"166157-0500","24884","","12101 CANNES ST JACKSONVILLE 32224-",,"32224-",,"5488.04","False","0",,"False"
"163672-0210","24435","","11463 SAINTS RD JACKSONVILLE 32246-",,"32246-",,"5488.86","False","0",,"False"
"156332-1036","23078","","11523 E MANDARIN WOODS DR JACKSONVILLE 32223-",,"32223-",,"5501.35","False","0",,"False"
"167158-8305","25146","","13407 ASHCROFT LANDING CT JACKSONVILLE 32225-",,"32225-",,"5504.12","False","0",,"False"
"129625-0000","19842","","1835 WELFORD RD JACKSONVILLE 32207-",,"32207-",,"5511.07","False","0",,"False"
"178286-0000","26664","","1339 PINEWOOD LN JACKSONVILLE BEACH 32250-",,"32250-",,"5511.17","False","0",,"False"
"168891-0302","25951","","2612 S STERN DR JACKSONVILLE 32233-",,"32233-",,"5515.67","False","0",,"False"
"160938-0000","23959","","1704 GIRVIN RD JACKSONVILLE 32225-",,"32225-",,"5528.53","False","0",,"False"
"072616-0100","13148","","306 E 3RD ST 4 JACKSONVILLE 32206-",,"32206-",,"5536.54","False","0",,"False"
"168135-2406","25797","","6571 WHITE BLOSSOM CIR 7D JACKSONVILLE 32258-",,"32258-",,"5560.82","False","0",,"False"
"162224-1535","24229","","330 SILENT BROOK TRL JACKSONVILLE 32225-",,"32225-",,"5563.51","False","0",,"False"
"106440-0100","17013","","13019 LANIER RD JACKSONVILLE 32226-",,"32226-",,"5565.85","False","0",,"False"
"100962-0000","16407","","4724 DEVON LN JACKSONVILLE 32210-",,"32210-",,"5568.99","False","0",,"False"
"158094-0760","23378","","4446 WILLOW CHASE TER JACKSONVILLE 32258-",,"32258-",,"5585.72","False","0",,"False"
"124017-0000","19316","","3025 PEACH DR JACKSONVILLE 32246-",,"32246-",,"5597.81","False","0",,"False"
"033231-0002","6833","","TROUT RIVER DR JACKSONVILLE 32208-",,"32208-",,"5614.21","False","0",,"False"
"145996-0000","21453","","3118 BEACH BLVD JACKSONVILLE 32207-",,"32207-",,"5616.44","False","0",,"False"
"148648-0010","21923","","5050 ELINOR RD JACKSONVILLE 32257-",,"32257-",,"5630.66","False","0",,"False"
"151852-0000","22343","","4012 S SIERRA MADRE DR JACKSONVILLE 32217-",,"32217-",,"5634.58","False","0",,"False"
"174687-0600","26388","","1411 N 4TH ST JACKSONVILLE BEACH 32250-",,"32250-",,"5636.89","False","0",,"False"
"175572-0010","26452","","53 S 9TH ST JACKSONVILLE BEACH 32250-",,"32250-",,"5646.51","False","0",,"False"
"013843-0524","2938","","5216 WESTCHASE CT JACKSONVILLE 32210-",,"32210-",,"5647.77","False","0",,"False"
"108006-0000","17375","","462 NEW BERLIN RD JACKSONVILLE 32218-",,"32218-",,"5649.06","False","0",,"False"
"071687-0000","13019","","232 E 8TH ST JACKSONVILLE 32206-",,"32206-",,"5652.56","False","0",,"False"
"002938-0100","756","","7500 TROTTER LAKE RD JACKSONVILLE 32219-",,"32219-",,"5661.68","False","0",,"False"
"158847-1040","23537","","2589 S SCOTT MILL DR JACKSONVILLE 32223-",,"32223-",,"5667.47","False","0",,"False"
"172236-0000","26241","","27 EDGAR ST ATLANTIC BEACH 32233-",,"32233-",,"5667.65","False","0",,"False"
"099170-6126","16319","","6000 SAN JOSE BLVD 11-C JACKSONVILLE 32217-",,"32217-",,"5667.89","False","0",,"False"
"168724-0000","25924","","1253 GREEN CAY AVE JACKSONVILLE 32233-",,"32233-",,"5668.56","False","0",,"False"
"029913-0000","6234","","5033 TROUT RIVER BLVD JACKSONVILLE 32208-",,"32208-",,"5670.33","False","0",,"False"
"081587-0000","13928","","1803 ATLANTIC BLVD JACKSONVILLE 32207-",,"32207-",,"5672.42","False","0",,"False"
"160316-0000","23857","","13220 MT PLEASANT RD JACKSONVILLE 32225-",,"32225-",,"5688.21","False","0",,"False"
"148924-0110","22019","","3099 CORNELIA DR JACKSONVILLE 32257-",,"32257-",,"5691.85","False","0",,"False"
"129382-0020","19816","","749 CESERY BLVD JACKSONVILLE 32211-",,"32211-",,"5696.87","False","0",,"False"
"139319-0000","20909","","784 WREN RD JACKSONVILLE 32216-",,"32216-",,"5705.32","False","0",,"False"
"148704-7235","21986","","4836 SUSANNA WOODS CT JACKSONVILLE 32257-",,"32257-",,"5705.87","False","0",,"False"
"069604-0000","12788","","4115 SHIRLEY AVE JACKSONVILLE 32210-",,"32210-",,"5708.45","False","0",,"False"
"108822-0025","17609","","NEW BERLIN RD JACKSONVILLE 32226-",,"32226-",,"5719.15","False","0",,"False"
"167158-8210","25143","","411 ASHCROFT LANDING DR JACKSONVILLE 32225-",,"32225-",,"5723.78","False","0",,"False"
"178021-0000","26640","","1658 N LOWER 4TH AVE JACKSONVILLE BEACH 32250-",,"32250-",,"5724.54","False","0",,"False"
"008989-1000","2035","","OLD GAINESVILLE RD JACKSONVILLE 32221-",,"32221-",,"5742.84","False","0",,"False"
"106385-0010","16983","","13315 PEACEFUL RD JACKSONVILLE 32226-",,"32226-",,"5747.17","False","0",,"False"
"167736-3620","25448","","4788 HODGES BLVD 203 JACKSONVILLE 32224-",,"32224-",,"5757.66","False","0",,"False"
"093851-0000","15749","","4220 SAN JUAN AVE JACKSONVILLE 32210-",,"32210-",,"5762.49","False","0",,"False"
"135788-0000","20616","","3733 ADIROLF RD JACKSONVILLE 32207-",,"32207-",,"5764.66","False","0",,"False"
"155642-7950","22943","","11067 PERCHERON DR JACKSONVILLE 32257-",,"32257-",,"5771.18","False","0",,"False"
"158093-0605","23373","","12136 E RESERVOIR LN JACKSONVILLE 32223-",,"32223-",,"5777.53","False","0",,"False"
"093454-0000","15728","","4615 LEXINGTON AVE JACKSONVILLE 32210-",,"32210-",,"5793.5","False","0",,"False"
"167332-1200","25203","","2344 E COVINGTON CREEK CIR JACKSONVILLE 32224-",,"32224-",,"5794.32","False","0",,"False"
"061432-0000","12160","","3351 PLYMOUTH ST JACKSONVILLE 32205-",,"32205-",,"5829.4","False","0",,"False"
"000989-2000","182","","4300 S US 301 HWY JACKSONVILLE 32234-",,"32234-",,"5840.61","False","0",,"False"
"028502-0000","5898","","2366 LANTANA AVE JACKSONVILLE 32209-",,"32209-",,"5840.66","False","0",,"False"
"106369-1350","16963","","13913 E FISH EAGLE DR JACKSONVILLE 32226-",,"32226-",,"5841.4","False","0",,"False"
"077185-0000","13674","","57 CANTEE ST JACKSONVILLE 32204-",,"32204-",,"5897.17","False","0",,"False"
"174623-0000","26380","","323 N 11TH AVE JACKSONVILLE BEACH 32250-",,"32250-",,"5898.9","False","0",,"False"
"064854-0820","12410","","2525 COLLEGE ST 2301 JACKSONVILLE 32204-",,"32204-",,"5928.86","False","0",,"False"
"165262-5435","24616","","11281 HENDON DR JACKSONVILLE 32246-",,"32246-",,"5930.36","False","0",,"False"
"160354-0000","23860","","13218 HUGUENOT LN JACKSONVILLE 32225-",,"32225-",,"5955.89","False","0",,"False"
"140535-0000","20964","","1025 LIDO RD JACKSONVILLE 32216-",,"32216-",,"5970.94","False","0",,"False"
"031389-0000","6552","","4919 N MAIN ST JACKSONVILLE 32206-",,"32206-",,"5972.1","False","0",,"False"
"142557-0000","21148","","939 ARLINGTON RD JACKSONVILLE 32211-",,"32211-",,"5977.45","False","0",,"False"
"148673-0000","21965","","8801 PHILIPS HWY JACKSONVILLE 32256-",,"32256-",,"5988.66","False","0",,"False"
"167115-5240","25076","","14149 WASHBURN CT JACKSONVILLE 32250-",,"32250-",,"5992.17","False","0",,"False"
"048852-0100","9958","","2202 N EDGEWOOD AVE JACKSONVILLE 32254-",,"32254-",,"5996.37","False","0",,"False"
"011657-0000","2366","","1465 N OLD MIDDLEBURG RD JACKSONVILLE 32210-",,"32210-",,"6007.26","False","0",,"False"
"123452-0000","19270","","1834 LIVE OAK DR JACKSONVILLE 32246-",,"32246-",,"6031.85","False","0",,"False"
"102588-0000","16467","","4130 ROMA BLVD JACKSONVILLE 32210-",,"32210-",,"6033.65","False","0",,"False"
"148457-0000","21756","","5039 BRADFORD RD JACKSONVILLE 32217-",,"32217-",,"6036.15","False","0",,"False"
"002128-0200","473","","3783 YELLOW WATER RD JACKSONVILLE 32234-",,"32234-",,"6037.59","False","0",,"False"
"155642-1148","22929","","11015 E MANDARIN STATION DR JACKSONVILLE 32257-",,"32257-",,"6051.4","False","0",,"False"
"149235-0020","22167","","8965 SAN RAE RD JACKSONVILLE 32257-",,"32257-",,"6054.48","False","0",,"False"
"163005-0000","24340","","734 LEE RD JACKSONVILLE 32225-",,"32225-",,"6058.41","False","0",,"False"
"160102-0000","23820","","6619 RAMOTH DR JACKSONVILLE 32226-",,"32226-",,"6062","False","0",,"False"
"013142-0000","2690","","8424 WAGENHALS RD JACKSONVILLE 32210-",,"32210-",,"6071.08","False","0",,"False"
"028689-0000","5943","","2807 W 45TH ST JACKSONVILLE 32209-",,"32209-",,"6078.9","False","0",,"False"
"128736-0120","19785","","513 CLIFTON BLUFF LN JACKSONVILLE 32211-",,"32211-",,"6126.45","False","0",,"False"
"013381-0300","2822","","8168 SUSIE ST JACKSONVILLE 32210-",,"32210-",,"6130.15","False","0",,"False"
"158317-0000","23447","","12968 OLD ST AUGUSTINE RD JACKSONVILLE 32258-",,"32258-",,"6132.04","False","0",,"False"
"108889-0020","17611","","9947 ORAHOOD LN JACKSONVILLE 32226-",,"32226-",,"6146.55","False","0",,"False"
"004320-0060","1155","","10900 BRIDGES RD JACKSONVILLE 32218-",,"32218-",,"6148.16","False","0",,"False"
"170509-0010","26102","","715 DAVID ST ATLANTIC BEACH 32233-",,"32233-",,"6150.09","False","0",,"False"
"176989-0560","26566","","14750 BEACH BLVD 30 JACKSONVILLE 32250-",,"32250-",,"6150.86","False","0",,"False"
"012874-1080","2595","","2673 E FOX CREEK DR JACKSONVILLE 32221-",,"32221-",,"6168.43","False","0",,"False"
"020988-0116","4464","","1436 BELLESHORE CIR JACKSONVILLE 32218-",,"32218-",,"6186.59","False","0",,"False"
"106386-0050","16984","","13130 PEACEFUL RD JACKSONVILLE 32226-",,"32226-",,"6214.14","False","0",,"False"
"099005-0000","16226","","6126 TOWNSEND RD JACKSONVILLE 32244-",,"32244-",,"6233.97","False","0",,"False"
"045235-0010","9035","","2616 FLANDERS ST JACKSONVILLE 32206-",,"32206-",,"6235.11","False","0",,"False"
"167457-1520","25296","","4441 E HUNTERS HAVEN LN JACKSONVILLE 32224-",,"32224-",,"6237.7","False","0",,"False"
"021533-0000","4604","","7810 NEW KINGS RD JACKSONVILLE 32219-",,"32219-",,"6246.03","False","0",,"False"
"175768-0000","26467","","923 S 3RD AVE JACKSONVILLE BEACH 32250-",,"32250-",,"6254.95","False","0",,"False"
"143256-0000","21163","","8241 N PARKRIDGE CIR JACKSONVILLE 32211-",,"32211-",,"6267.91","False","0",,"False"
"067048-0020","12566","","1394 CASSAT AVE JACKSONVILLE 32205-",,"32205-",,"6269.22","False","0",,"False"
"064437-0000","12381","","2834 COLLEGE ST JACKSONVILLE 32205-",,"32205-",,"6280.69","False","0",,"False"
"101538-0000","16425","","4121 BALTIC ST JACKSONVILLE 32210-",,"32210-",,"6321.47","False","0",,"False"
"064137-0000","12352","","3030 POST ST JACKSONVILLE 32205-",,"32205-",,"6325.11","False","0",,"False"
"006930-0000","1742","","136 FINCASTLE AVE JACKSONVILLE 32220-",,"32220-",,"6335.85","False","0",,"False"
"165270-1240","24669","","2032 DEER RUN TRL JACKSONVILLE 32246-",,"32246-",,"6360.92","False","0",,"False"
"006403-0000","1641","","9151 W BEAVER ST JACKSONVILLE 32220-",,"32220-",,"6373.38","False","0",,"False"
"162157-1166","24186","","1459 E BLACKHAWK TRL JACKSONVILLE 32225-",,"32225-",,"6394.73","False","0",,"False"
"108927-1454","17625","","4417 MAYWOOD DR JACKSONVILLE 32277-",,"32277-",,"6400.61","False","0",,"False"
"074795-0000","13327","","827 W FORSYTH ST JACKSONVILLE 32204-",,"32204-",,"6400.99","False","0",,"False"
"154143-0000","22608","","3554 MORTON ST JACKSONVILLE 32217-",,"32217-",,"6429.24","False","0",,"False"
"067104-0100","12572","","1172 ELLIS RD JACKSONVILLE 32205-",,"32205-",,"6444.48","False","0",,"False"
"167444-7350","25230","","13027 E FRINGETREE DR JACKSONVILLE 32246-",,"32246-",,"6448.45","False","0",,"False"
"178077-4088","26650","","335 SUNRISE CIR NEPTUNE BEACH 32266-",,"32266-",,"6449.98","False","0",,"False"
"068507-0000","12712","","6219 SAN JUAN AVE JACKSONVILLE 32210-",,"32210-",,"6451.83","False","0",,"False"
"167736-3620","27303","","4788 HODGES BLVD 203 JACKSONVILLE 32224-",,"32224-",,"6460.35","False","0",,"False"
"091256-0000","15627","","870 GOODWIN ST JACKSONVILLE 32204-",,"32204-",,"6460.58","False","0",,"False"
"155706-0100","22980","","4007 DEER HOLLOW LN JACKSONVILLE 32257-",,"32257-",,"6472.7","False","0",,"False"
"097857-0000","16047","","6107 118TH ST JACKSONVILLE 32244-",,"32244-",,"6483.92","False","0",,"False"
"165262-3025","24612","","11215 COLDFIELD DR JACKSONVILLE 32246-",,"32246-",,"6556.85","False","0",,"False"
"167741-6950","25485","","11110 FALLGATE POINT CT JACKSONVILLE 32256-",,"32256-",,"6565.03","False","0",,"False"
"167741-6955","25486","","11109 FALLGATE POINT CT JACKSONVILLE 32256-",,"32256-",,"6565.03","False","0",,"False"
"167742-3575","25492","","7663 W WEXFORD CLUB DR JACKSONVILLE 32256-",,"32256-",,"6576.19","False","0",,"False"
"159223-0000","23647","","12537 CORMORANT DR JACKSONVILLE 32223-",,"32223-",,"6579.45","False","0",,"False"
"006319-0170","1620","","832 JONES RD JACKSONVILLE 32220-",,"32220-",,"6595.71","False","0",,"False"
"032115-0000","6672","","9918 W CARBONDALE DR JACKSONVILLE 32208-",,"32208-",,"6609.71","False","0",,"False"
"103903-0000","16667","","2313 CEDAR SHORES CIR JACKSONVILLE 32210-",,"32210-",,"6610.64","False","0",,"False"
"162139-0000","24174","","1133 GIRVIN RD JACKSONVILLE 32225-",,"32225-",,"6622.33","False","0",,"False"
"083827-0000","14193","","5332 CHENANGO BLVD JACKSONVILLE 32254-",,"32254-",,"6638.29","False","0",,"False"
"155643-1890","22946","","5110 N RIPPLE RUSH DR JACKSONVILLE 32257-",,"32257-",,"6643.09","False","0",,"False"
"111746-0000","18008","","3907 BESS RD JACKSONVILLE 32277-",,"32277-",,"6647.54","False","0",,"False"
"071087-0000","12945","","133 W 4TH ST JACKSONVILLE 32206-",,"32206-",,"6664","False","0",,"False"
"180215-0000","26780","","4304 SEABREEZE DR JACKSONVILLE 32250-",,"32250-",,"6665.16","False","0",,"False"
"160281-7005","23853","","12466 TURNBERRY DR JACKSONVILLE 32225-",,"32225-",,"6668.76","False","0",,"False"
"140535-0000","27271","","1025 LIDO RD JACKSONVILLE 32216-",,"32216-",,"6673.28","False","0",,"False"
"148023-0000","21712","","8663 E SAN SERVERA DR JACKSONVILLE 32217-",,"32217-",,"6691.4","False","0",,"False"
"071086-0000","12944","","121 W 4TH ST JACKSONVILLE 32206-",,"32206-",,"6704.9","False","0",,"False"
"136420-0000","20691","","5030 THORDEN RD JACKSONVILLE 32207-",,"32207-",,"6708.48","False","0",,"False"
"150963-0000","22293","","6984 W LA MESA DR JACKSONVILLE 32217-",,"32217-",,"6712.62","False","0",,"False"
"081918-0000","13948","","1641 LANDON AVE JACKSONVILLE 32207-",,"32207-",,"6752.6","False","0",,"False"
"148635-0254","21919","","8434 ROYALWOOD DR JACKSONVILLE 32256-",,"32256-",,"6763.07","False","0",,"False"
"015485-0020","3270","","6333 CONNIE JEAN RD JACKSONVILLE 32222-",,"32222-",,"6773.28","False","0",,"False"
"129873-0000","19851","","4853 N RIVER BASIN DR JACKSONVILLE 32207-",,"32207-",,"6779.12","False","0",,"False"
"167115-0420","25073","","14248 SATINWOOD DR JACKSONVILLE 32224-",,"32224-",,"6795.11","False","0",,"False"
"109017-1100","17671","","6332 W WHISPERING OAKS DR JACKSONVILLE 32277-",,"32277-",,"6812.84","False","0",,"False"
"161020-2935","23973","","12555 KERNAN FOREST BLVD JACKSONVILLE 32225-",,"32225-",,"6844.17","False","0",,"False"
"141273-0000","21027","","5624 ARLINGTON RD JACKSONVILLE 32211-",,"32211-",,"6861.57","False","0",,"False"
"166557-4380","24930","","12054 EVANS BLUFF CT JACKSONVILLE 32246-",,"32246-",,"6863.7","False","0",,"False"
"066625-0000","12522","","1120 CASSAT AVE JACKSONVILLE 32205-",,"32205-",,"6868.1","False","0",,"False"
"042049-0000","8551","","5430 SOUTEL DR JACKSONVILLE 32219-",,"32219-",,"6886.81","False","0",,"False"
"102588-0000","27200","","4130 ROMA BLVD JACKSONVILLE 32210-",,"32210-",,"6892.91","False","0",,"False"
"175991-0000","26485","","407 S 6TH AVE JACKSONVILLE BEACH 32250-",,"32250-",,"6896.35","False","0",,"False"
"078700-0000","13796","","1457 CHALLEN AVE JACKSONVILLE 32205-",,"32205-",,"6908.33","False","0",,"False"
"076778-0000","13568","","2050 W BEAVER ST JACKSONVILLE 32209-",,"32209-",,"6920.05","False","0",,"False"
"009062-5570","2053","","8962 HAWKEYE CIR JACKSONVILLE 32221-",,"32221-",,"6941.32","False","0",,"False"
"004302-0000","1140","","5708 DUNN AVE JACKSONVILLE 32218-",,"32218-",,"6976.38","False","0",,"False"
"104506-0000","16707","","3861 E CEDAR FOREST DR JACKSONVILLE 32210-",,"32210-",,"6981.95","False","0",,"False"
"091829-0000","15654","","ST JOHNS AVE JACKSONVILLE 32205-",,"32205-",,"6982.43","False","0",,"False"
"138565-0000","20854","","2735 DEAN RD JACKSONVILLE 32216-",,"32216-",,"6987.32","False","0",,"False"
"164336-0000","24518","","2900 ANNISTON RD JACKSONVILLE 32246-",,"32246-",,"7007.85","False","0",,"False"
"048113-0000","9798","","NEW KINGS RD JACKSONVILLE 32209-",,"32209-",,"7028.13","False","0",,"False"
"126277-0010","19517","","4008 KELLY ST JACKSONVILLE 32207-",,"32207-",,"7055.14","False","0",,"False"
"160753-0010","23928","","5511 HECKSCHER DR JACKSONVILLE 32226-",,"32226-",,"7062.66","False","0",,"False"
"161780-0068","24112","","10964 S RALEY CREEK DR JACKSONVILLE 32225-",,"32225-",,"7095.33","False","0",,"False"
"016308-0010","3581","","7285 SUN LN JACKSONVILLE 32222-",,"32222-",,"7156.81","False","0",,"False"
"176613-0000","26544","","815 S 9TH AVE JACKSONVILLE BEACH 32250-",,"32250-",,"7158.2","False","0",,"False"
"120881-0500","18992","","8739 KONA AVE JACKSONVILLE 32211-",,"32211-",,"7163.84","False","0",,"False"
"030100-0000","6283","","5428 CLEVELAND RD JACKSONVILLE 32209-",,"32209-",,"7221.14","False","0",,"False"
"044153-0000","8785","","BERTHA ST JACKSONVILLE 32218-",,"32218-",,"7241.95","False","0",,"False"
"144917-0010","21329","","7115 BERRY AVE JACKSONVILLE 32211-",,"32211-",,"7249.56","False","0",,"False"
"157246-0080","23326","","4673 EARLY RISE LN JACKSONVILLE 32258-",,"32258-",,"7254.96","False","0",,"False"
"012875-0455","2599","","4735 SHERMAN HILLS PKWY JACKSONVILLE 32210-",,"32210-",,"7279.76","False","0",,"False"
"167127-9755","25099","","1608 NOTTINGHAM KNOLL DR JACKSONVILLE 32225-",,"32225-",,"7315.51","False","0",,"False"
"126135-0010","19494","","2220 THOMAS CT JACKSONVILLE 32207-",,"32207-",,"7327.58","False","0",,"False"
"002651-0800","612","","10142 FOX LAKE CT JACKSONVILLE 32219-",,"32219-",,"7337.22","False","0",,"False"
"176227-0056","26515","","121 S 13TH AVE C JACKSONVILLE BEACH 32250-",,"32250-",,"7337.58","False","0",,"False"
"136057-0200","20645","","1726 RYAR RD JACKSONVILLE 32216-",,"32216-",,"7347.9","False","0",,"False"
"001638-0080","358","","1360 OTIS RD JACKSONVILLE 32220-",,"32220-",,"7349.61","False","0",,"False"
"063993-0000","12343","","2984 MYRA ST JACKSONVILLE 32205-",,"32205-",,"7362.62","False","0",,"False"
"020960-0000","4460","","1775 W SHOREVIEW DR JACKSONVILLE 32218-",,"32218-",,"7377.98","False","0",,"False"
"058941-0020","11912","","3552 W BEAVER ST JACKSONVILLE 32254-",,"32254-",,"7416.34","False","0",,"False"
"175730-0000","26465","","222 S 7TH ST JACKSONVILLE BEACH 32250-",,"32250-",,"7452.49","False","0",,"False"
"171467-0000","26174","","417 MAKO DR ATLANTIC BEACH 32233-",,"32233-",,"7452.87","False","0",,"False"
"063993-0000","27131","","2984 MYRA ST JACKSONVILLE 32205-",,"32205-",,"7487.98","False","0",,"False"
"159223-0000","27291","","12537 CORMORANT DR JACKSONVILLE 32223-",,"32223-",,"7519.52","False","0",,"False"
"037542-0010","7538","","4409 SOUTEL DR JACKSONVILLE 32208-",,"32208-",,"7519.66","False","0",,"False"
"175248-0000","26417","","915 N 14TH AVE JACKSONVILLE BEACH 32250-",,"32250-",,"7525.25","False","0",,"False"
"034907-0000","7064","","6610 N MAIN ST 1 JACKSONVILLE 32208-",,"32208-",,"7540.74","False","0",,"False"
"134828-0000","20545","","6906 BEACH BLVD JACKSONVILLE 32216-",,"32216-",,"7557.66","False","0",,"False"
"045393-0000","9079","","3027 N MYRTLE AVE JACKSONVILLE 32209-",,"32209-",,"7574.91","False","0",,"False"
"167131-0585","25107","","13025 BRIANS CREEK DR JACKSONVILLE 32224-",,"32224-",,"7606.51","False","0",,"False"
"167745-3336","25517","","7807 E BAYMEADOWS RD 402 JACKSONVILLE 32256-",,"32256-",,"7613.24","False","0",,"False"
"167745-3340","25519","","7807 E BAYMEADOWS RD 404 JACKSONVILLE 32256-",,"32256-",,"7613.24","False","0",,"False"
"178842-0000","26692","","517 PENMAN RD NEPTUNE BEACH 32266-",,"32266-",,"7652.91","False","0",,"False"
"049521-0000","10078","","2804 W 1ST ST JACKSONVILLE 32254-",,"32254-",,"7653.06","False","0",,"False"
"145178-0460","21356","","8840 CORPORATE SQUARE CT JACKSONVILLE 32216-",,"32216-",,"7686.98","False","0",,"False"
"004674-0010","1241","","9940 REWIS RD JACKSONVILLE 32220-",,"32220-",,"7698.17","False","0",,"False"
"074769-0000","13325","","142 MADISON ST JACKSONVILLE 32204-",,"32204-",,"7713.98","False","0",,"False"
"073349-0138","13225","","400 E BAY ST 508 JACKSONVILLE 32202-",,"32202-",,"7723.96","False","0",,"False"
"095555-0000","15865","","4937 E DIAN WOOD DR JACKSONVILLE 32210-",,"32210-",,"7759.7","False","0",,"False"
"011860-0000","2398","","6631 SAN JUAN AVE JACKSONVILLE 32210-",,"32210-",,"7773.3","False","0",,"False"
"178210-0000","26660","","1312 N 13TH AVE JACKSONVILLE BEACH 32250-",,"32250-",,"7785.62","False","0",,"False"
"009035-0000","2044","","8927 HERLONG RD JACKSONVILLE 32210-",,"32210-",,"7802.16","False","0",,"False"
"083841-2110","14200","","5519 RIO GRANDE AVE JACKSONVILLE 32254-",,"32254-",,"7823.25","False","0",,"False"
"124090-0000","19322","","BEACH BLVD JACKSONVILLE 32246-",,"32246-",,"7838.06","False","0",,"False"
"066611-0000","12516","","1156 CASSAT AVE JACKSONVILLE 32205-",,"32205-",,"7838.63","False","0",,"False"
"167444-2634","25223","","12967 SPICEBERRY DR JACKSONVILLE 32246-",,"32246-",,"7857.82","False","0",,"False"
"005175-0000","1370","","5941 RAMONA BLVD JACKSONVILLE 32205-",,"32205-",,"7937.46","False","0",,"False"
"071903-0000","13055","","245 E 9TH ST JACKSONVILLE 32206-",,"32206-",,"7976.25","False","0",,"False"
"069858-0000","12812","","3504 ST AUGUSTINE RD JACKSONVILLE 32207-",,"32207-",,"7987.16","False","0",,"False"
"012860-0000","2587","","2840 STRATTON RD JACKSONVILLE 32221-",,"32221-",,"8017.41","False","0",,"False"
"144293-0000","21260","","230 ARLINGTON RD 228-230 JACKSONVILLE 32211-",,"32211-",,"8028.02","False","0",,"False"
"063993-0000","27132","","2984 MYRA ST JACKSONVILLE 32205-",,"32205-",,"8111.04","False","0",,"False"
"061408-0000","12156","","927 S EDGEWOOD AVE JACKSONVILLE 32205-",,"32205-",,"8126.22","False","0",,"False"
"012867-0000","2589","","2835 STRATTON RD JACKSONVILLE 32221-",,"32221-",,"8126.66","False","0",,"False"
"167444-0180","25217","","1920 THE WOODS DR JACKSONVILLE 32246-",,"32246-",,"8132.93","False","0",,"False"
"036092-0000","7273","","2103 GRAND ST JACKSONVILLE 32208-",,"32208-",,"8134.77","False","0",,"False"
"003784-0595","960","","12528 WEEPING BRANCH CIR JACKSONVILLE 32218-",,"32218-",,"8140.77","False","0",,"False"
"167757-2880","25577","","9206 ROSEWATER LN JACKSONVILLE 32256-",,"32256-",,"8146.63","False","0",,"False"
"120841-0000","18986","","8142 LONE STAR RD JACKSONVILLE 32211-",,"32211-",,"8221.31","False","0",,"False"
"158276-0010","23440","","12639 KNOTAH RD JACKSONVILLE 32258-",,"32258-",,"8236.38","False","0",,"False"
"090417-0000","15581","","1107 MARGARET ST JACKSONVILLE 32204-",,"32204-",,"8240.14","False","0",,"False"
"160042-0000","23813","","5764 HECKSCHER DR JACKSONVILLE 32226-",,"32226-",,"8245.39","False","0",,"False"
"160261-0000","23829","","11613 FT CAROLINE RD JACKSONVILLE 32225-",,"32225-",,"8264.21","False","0",,"False"
"156000-0000","23029","","2822 SCOTT CIR JACKSONVILLE 32223-",,"32223-",,"8273.82","False","0",,"False"
"101403-0000","16423","","2818 GRAND AVE JACKSONVILLE 32210-",,"32210-",,"8275.74","False","0",,"False"
"125003-0000","19401","","10135 BEACH BLVD JACKSONVILLE 32246-",,"32246-",,"8284.43","False","0",,"False"
"159941-0200","23804","","5730 SHEFFIELD RD JACKSONVILLE 32226-",,"32226-",,"8291.55","False","0",,"False"
"078647-0000","13792","","3419 HERSCHEL ST JACKSONVILLE 32205-",,"32205-",,"8305.89","False","0",,"False"
"013011-0000","2649","","103RD ST JACKSONVILLE 32210-",,"32210-",,"8310.94","False","0",,"False"
"063993-0000","27130","","2984 MYRA ST JACKSONVILLE 32205-",,"32205-",,"8311.12","False","0",,"False"
"152741-0315","22455","","BAYMEADOWS RD JACKSONVILLE 32256-",,"32256-",,"8360.39","False","0",,"False"
"013012-0000","2650","","9007 103RD ST JACKSONVILLE 32210-",,"32210-",,"8452.77","False","0",,"False"
"064381-0000","12371","","918 KING ST JACKSONVILLE 32204-",,"32204-",,"8482.12","False","0",,"False"
"011648-0000","2363","","1465 N OLD MIDDLEBURG RD JACKSONVILLE 32210-",,"32210-",,"8483.2","False","0",,"False"
"176074-0000","26501","","203 S 8TH AVE JACKSONVILLE BEACH 32250-",,"32250-",,"8506.95","False","0",,"False"
"019981-0000","4243","","3653 DUNN AVE JACKSONVILLE 32218-",,"32218-",,"8526.77","False","0",,"False"
"107589-0002","17278","","110 ELIZABETH LN JACKSONVILLE 32218-",,"32218-",,"8625.39","False","0",,"False"
"168268-0000","25855","","9434 HECKSCHER DR JACKSONVILLE 32226-",,"32226-",,"8631.49","False","0",,"False"
"102977-0030","16492","","3963 CONFEDERATE POINT RD 1 THRU 4 JACKSONVILLE 32210-",,"32210-",,"8655.75","False","0",,"False"
"071858-0020","13051","","1820 N MARKET ST JACKSONVILLE 32206-",,"32206-",,"8680.24","False","0",,"False"
"174846-0000","26399","","545 N 16TH AVE JACKSONVILLE BEACH 32250-",,"32250-",,"8724.83","False","0",,"False"
"165264-4335","24631","","12248 WOODVIEW DR JACKSONVILLE 32246-",,"32246-",,"8739.11","False","0",,"False"
"134828-0000","27270","","6906 BEACH BLVD JACKSONVILLE 32216-",,"32216-",,"8754.08","False","0",,"False"
"172374-5160","26258","","1159 W LINKSIDE CT ATLANTIC BEACH 32233-",,"32233-",,"8756.09","False","0",,"False"
"073349-0156","13226","","400 E BAY ST 606 JACKSONVILLE 32202-",,"32202-",,"8786.76","False","0",,"False"
"020170-0100","4307","","DUNN AVE JACKSONVILLE 32218-",,"32218-",,"8789.39","False","0",,"False"
"108409-1500","17518","","MUSTANG HAVEN LN JACKSONVILLE 32226-",,"32226-",,"8793.19","False","0",,"False"
"170660-0010","26110","","665 ATLANTIC BLVD ATLANTIC BEACH 32233-",,"32233-",,"8808.06","False","0",,"False"
"026621-0000","5494","","7412 LEM TURNER RD JACKSONVILLE 32208-",,"32208-",,"8818.67","False","0",,"False"
"106088-2335","16900","","1849 LONG CYPRESS CT JACKSONVILLE 32223-",,"32223-",,"8964.07","False","0",,"False"
"179137-0010","26708","","1127 PENMAN RD JACKSONVILLE BEACH 32250-",,"32250-",,"8992","False","0",,"False"
"151145-0000","22307","","2330 N SMULLIAN TRL JACKSONVILLE 32217-",,"32217-",,"9087.47","False","0",,"False"
"147493-0000","21612","","2125 NICKERSON LN JACKSONVILLE 32207-",,"32207-",,"9125.55","False","0",,"False"
"025610-0000","5301","","RESTLAWN DR JACKSONVILLE 32208-",,"32208-",,"9130.63","False","0",,"False"
"145075-0000","21342","","7015 ATLANTIC BLVD JACKSONVILLE 32211-",,"32211-",,"9141.88","False","0",,"False"
"131492-0000","19995","","1827 E 30TH ST JACKSONVILLE 32206-",,"32206-",,"9216.63","False","0",,"False"
"165286-7190","24734","","2222 WALKERS GLEN LN JACKSONVILLE 32246-",,"32246-",,"9217.98","False","0",,"False"
"177167-0000","26577","","14628 ISLAND DR JACKSONVILLE 32250-",,"32250-",,"9228.54","False","0",,"False"
"178217-0000","26661","","1102 N 13TH AVE JACKSONVILLE BEACH 32250-",,"32250-",,"9238.63","False","0",,"False"
"131464-0000","27258","","3226 TALLEYRAND AVE JACKSONVILLE 32206-",,"32206-",,"9247.43","False","0",,"False"
"025870-0000","5351","","2615 PALMDALE ST JACKSONVILLE 32208-",,"32208-",,"9252.07","False","0",,"False"
"042050-0000","8552","","5410 SOUTEL DR JACKSONVILLE 32219-",,"32219-",,"9258.78","False","0",,"False"
"105810-1244","16858","","11628 HAMRICK PL JACKSONVILLE 32223-",,"32223-",,"9266.06","False","0",,"False"
"090416-0000","15580","","1068 PARK ST JACKSONVILLE 32204-",,"32204-",,"9295.48","False","0",,"False"
"157817-0110","23353","","12305 DEL RIO DR JACKSONVILLE 32258-",,"32258-",,"9384.35","False","0",,"False"
"151041-0000","22298","","2259 SARAGOSSA AVE JACKSONVILLE 32217-",,"32217-",,"9429.51","False","0",,"False"
"177273-0000","26580","","14560 PABLO TER JACKSONVILLE 32224-",,"32224-",,"9432.46","False","0",,"False"
"092556-0100","15683","","3951 BOONE PARK AVE JACKSONVILLE 32205-",,"32205-",,"9515.19","False","0",,"False"
"149340-0060","22196","","9363 RIVER PINE RD JACKSONVILLE 32257-",,"32257-",,"9515.91","False","0",,"False"
"073589-0000","13266","","29 E ADAMS ST JACKSONVILLE 32202-",,"32202-",,"9545.82","False","0",,"False"
"128358-0010","19757","","2010 N RIVER BLUFF RD JACKSONVILLE 32211-",,"32211-",,"9559.65","False","0",,"False"
"081827-0000","13944","","2433 HENDRICKS AVE JACKSONVILLE 32207-",,"32207-",,"9644.14","False","0",,"False"
"060818-0000","12108","","4750 HIGHWAY AVE JACKSONVILLE 32254-",,"32254-",,"9654.14","False","0",,"False"
"155922-0090","23009","","2974 HARTLEY RD JACKSONVILLE 32257-",,"32257-",,"9656.44","False","0",,"False"
"159908-0000","23801","","8901 CEDAR POINT RD JACKSONVILLE 32226-",,"32226-",,"9670.87","False","0",,"False"
"008947-0005","1992","","11355 BEAGLE LN JACKSONVILLE 32221-",,"32221-",,"9792.27","False","0",,"False"
"121029-0000","19003","","655 E BROOKMONT AVE JACKSONVILLE 32211-",,"32211-",,"9812","False","0",,"False"
"090890-0000","15610","","2039 PARK ST JACKSONVILLE 32204-",,"32204-",,"9850.26","False","0",,"False"
"179459-3120","26743","","1378 EASTWIND DR JACKSONVILLE BEACH 32250-",,"32250-",,"9858.45","False","0",,"False"
"173964-0000","26345","","N 10TH AVE JACKSONVILLE BEACH 32250-",,"32250-",,"9944.12","False","0",,"False"
"059579-0000","12013","","5335 RAMONA BLVD JACKSONVILLE 32205-",,"32205-",,"10052.24","False","0",,"False"
"032865-0002","6788","","TROUT RIVER DR JACKSONVILLE 32208-",,"32208-",,"10142.74","False","0",,"False"
"106021-0010","16888","","1930 ORANGE PICKER RD JACKSONVILLE 32223-",,"32223-",,"10179.06","False","0",,"False"
"068543-0030","12716","","5870 SAN JUAN AVE JACKSONVILLE 32210-",,"32210-",,"10225.57","False","0",,"False"
"178692-2018","26685","","1924 STRICKLAND RD NEPTUNE BEACH 32266-",,"32266-",,"10242.44","False","0",,"False"
"169405-0010","26001","","2260 MAYPORT RD JACKSONVILLE 32233-",,"32233-",,"10248.61","False","0",,"False"
"160266-2068","23839","","4229 HARBOUR ISLAND DR JACKSONVILLE 32225-",,"32225-",,"10279.05","False","0",,"False"
"178602-2775","26682","","209 TALLWOOD RD JACKSONVILLE BEACH 32250-",,"32250-",,"10292.95","False","0",,"False"
"177321-0005","26585","","S 11TH ST JACKSONVILLE BEACH 32250-",,"32250-",,"10372.8","False","0",,"False"
"169722-0000","26066","","2101 BEACH AVE ATLANTIC BEACH 32233-",,"32233-",,"10403.17","False","0",,"False"
"168143-5315","25817","","6165 KISSENGEN SPRING CT JACKSONVILLE 32258-",,"32258-",,"10438.14","False","0",,"False"
"078038-0000","13763","","1616 WILLOW BRANCH AVE JACKSONVILLE 32205-",,"32205-",,"10446.92","False","0",,"False"
"078317-0000","13780","","2751 ST JOHNS AVE JACKSONVILLE 32205-",,"32205-",,"10578.15","False","0",,"False"
"103341-1000","16553","","6335 ORTEGA FARMS BLVD JACKSONVILLE 32244-",,"32244-",,"10615.58","False","0",,"False"
"167776-1505","25646","","11265 FUSION DR JACKSONVILLE 32256-",,"32256-",,"10669.08","False","0",,"False"
"129526-0010","19833","","4841 RIVER POINT RD JACKSONVILLE 32207-",,"32207-",,"10695.67","False","0",,"False"
"031393-0000","6554","","5020 N MAIN ST JACKSONVILLE 32206-",,"32206-",,"10752.81","False","0",,"False"
"107609-0000","17282","","12905 N MAIN ST JACKSONVILLE 32218-",,"32218-",,"10819.4","False","0",,"False"
"178939-0000","26697","","1039 MARVONE LN NEPTUNE BEACH 32266-",,"32266-",,"10839.04","False","0",,"False"
"180880-0500","26827","","2764 ST JOHNS BLVD JACKSONVILLE BEACH 32250-",,"32250-",,"10857.1","False","0",,"False"
"162111-0650","24160","","12630 E CHAPELTOWN CIR JACKSONVILLE 32225-",,"32225-",,"10929.07","False","0",,"False"
"152741-0320","22456","","WESTERN WAY JACKSONVILLE 32256-",,"32256-",,"10935.72","False","0",,"False"
"076305-0000","13488","","546 MYRTLE AVE JACKSONVILLE 32204-",,"32204-",,"11107.46","False","0",,"False"
"148631-2316","21870","","8005 SHADY GROVE RD JACKSONVILLE 32256-",,"32256-",,"11289.46","False","0",,"False"
"145132-0000","21346","","8422 ATLANTIC BLVD JACKSONVILLE 32211-",,"32211-",,"11447.75","False","0",,"False"
"103826-0000","16663","","4347 ORTEGA FARMS CIR JACKSONVILLE 32210-",,"32210-",,"11456.62","False","0",,"False"
"160281-3060","23846","","12532 S MISSION HILLS DR JACKSONVILLE 32225-",,"32225-",,"11478.19","False","0",,"False"
"083972-0000","14244","","3800 FAIRCHILD ST JACKSONVILLE 32254-",,"32254-",,"11541.83","False","0",,"False"
"168149-7440","25842","","85 FURRIER CT JACKSONVILLE 32081-",,"32081-",,"11719.85","False","0",,"False"
"099284-0000","16330","","5022 SAN JOSE BLVD JACKSONVILLE 32207-",,"32207-",,"11755.76","False","0",,"False"
"125037-0000","19403","","9030 ATLANTIC BLVD JACKSONVILLE 32211-",,"32211-",,"11766.72","False","0",,"False"
"115315-0000","18528","","1100 TALLEYRAND AVE JACKSONVILLE 32206-",,"32206-",,"11876.45","False","0",,"False"
"160241-5140","23827","","7245 RAMOTH DR JACKSONVILLE 32226-",,"32226-",,"11920.49","False","0",,"False"
"076305-0000","27158","","546 MYRTLE AVE JACKSONVILLE 32204-",,"32204-",,"11948.17","False","0",,"False"
"174684-0000","26386","","1420 N 3RD ST JACKSONVILLE BEACH 32250-",,"32250-",,"11996.07","False","0",,"False"
"162929-0000","24332","","10343 ATLANTIC BLVD JACKSONVILLE 32225-",,"32225-",,"12033.68","False","0",,"False"
"135803-0020","20620","","3733 ADIROLF RD JACKSONVILLE 32207-",,"32207-",,"12126.75","False","0",,"False"
"125002-0000","19400","","BEACH BLVD JACKSONVILLE 32246-",,"32246-",,"12331.43","False","0",,"False"
"065397-0020","12431","","4554 PRUNTY AVE JACKSONVILLE 32205-",,"32205-",,"12468.34","False","0",,"False"
"017750-0010","3840","","4420 BLANDING BLVD JACKSONVILLE 32210-",,"32210-",,"12593.13","False","0",,"False"
"172323-0050","26254","","1575 MAIN ST ATLANTIC BEACH 32233-",,"32233-",,"12686.32","False","0",,"False"
"059682-0000","12030","","5220 NORMANDY BLVD JACKSONVILLE 32205-",,"32205-",,"12743.63","False","0",,"False"
"080691-0000","13898","","1445 FLAGLER AVE JACKSONVILLE 32207-",,"32207-",,"12891.31","False","0",,"False"
"175956-0100","26481","","129 S 6TH AVE JACKSONVILLE BEACH 32250-",,"32250-",,"13228.79","False","0",,"False"
"016100-0000","3503","","7319 SHINDLER DR JACKSONVILLE 32222-",,"32222-",,"13434.02","False","0",,"False"
"158125-0100","23382","","3560 MARBON RD JACKSONVILLE 32223-",,"32223-",,"13491.29","False","0",,"False"
"014551-0000","3100","","5800 RICKER RD JACKSONVILLE 32244-",,"32244-",,"13580.88","False","0",,"False"
"073460-0000","13258","","119 E FORSYTH ST 119 & 123 JACKSONVILLE 32202-",,"32202-",,"13702.58","False","0",,"False"
"041469-0100","8382","","4410 W MONCRIEF RD JACKSONVILLE 32209-",,"32209-",,"13787.78","False","0",,"False"
"136380-0010","20686","","8463 BEACH BLVD JACKSONVILLE 32216-",,"32216-",,"14013.88","False","0",,"False"
"169800-0000","26070","","384 3RD ST ATLANTIC BEACH 32233-",,"32233-",,"14077.58","False","0",,"False"
"172567-0000","26282","","209 BAY ST NEPTUNE BEACH 32266-",,"32266-",,"14092.98","False","0",,"False"
"079820-0000","13851","","3517 FITCH ST JACKSONVILLE 32205-",,"32205-",,"14206.03","False","0",,"False"
"080393-0588","13873","","1431 RIVERPLACE BLVD 2305 JACKSONVILLE 32207-",,"32207-",,"14280.47","False","0",,"False"
"174944-0500","26406","","1813 N 2ND ST JACKSONVILLE BEACH 32250-",,"32250-",,"14524.6","False","0",,"False"
"108356-0100","17501","","15001 N MAIN ST JACKSONVILLE 32218-",,"32218-",,"14546.66","False","0",,"False"
"129369-0200","19813","","5865 ARLINGTON EXPY JACKSONVILLE 32211-",,"32211-",,"14552","False","0",,"False"
"176246-0242","26523","","1301 S 1ST ST 1001 JACKSONVILLE BEACH 32250-",,"32250-",,"14555.74","False","0",,"False"
"154022-0005","22557","","6000 POWERS AVE JACKSONVILLE 32217-",,"32217-",,"14658.62","False","0",,"False"
"136256-0000","20675","","8768 BEACH BLVD JACKSONVILLE 32216-",,"32216-",,"14721.15","False","0",,"False"
"167127-6065","25091","","676 HAWKS TRACE DR JACKSONVILLE 32225-",,"32225-",,"14888.23","False","0",,"False"
"073375-0000","13249","","220 E FORSYTH ST JACKSONVILLE 32202-",,"32202-",,"14942.82","False","0",,"False"
"060055-0080","12054","","5560 NORMANDY BLVD JACKSONVILLE 32205-",,"32205-",,"15181.46","False","0",,"False"
"004258-0690","1114","","DUNN AVE JACKSONVILLE 32218-",,"32218-",,"15352.76","False","0",,"False"
"167745-3338","25518","","7807 E BAYMEADOWS RD 403 JACKSONVILLE 32256-",,"32256-",,"15536.72","False","0",,"False"
"024453-0100","5151","","2600 RIBAULT SCENIC DR JACKSONVILLE 32208-",,"32208-",,"15601.68","False","0",,"False"
"012968-0000","2630","","103RD ST JACKSONVILLE 32210-",,"32210-",,"15657.49","False","0",,"False"
"080756-0000","13901","","1408 SAN MARCO BLVD JACKSONVILLE 32207-",,"32207-",,"15808.81","False","0",,"False"
"075489-0000","13338","","1029 BRADY ST JACKSONVILLE 32209-",,"32209-",,"15811.16","False","0",,"False"
"134650-0000","20530","","6444 BEACH BLVD JACKSONVILLE 32216-",,"32216-",,"16074.49","False","0",,"False"
"108433-0000","17537","","NEW BERLIN RD JACKSONVILLE 32226-",,"32226-",,"16180.5","False","0",,"False"
"004273-0134","1131","","11551 BRIDGES RD JACKSONVILLE 32218-",,"32218-",,"16317.77","False","0",,"False"
"173025-0000","26313","","1406 1ST ST NEPTUNE BEACH 32266-",,"32266-",,"16487.17","False","0",,"False"
"149848-0005","22228","","6843 ST AUGUSTINE RD JACKSONVILLE 32217-",,"32217-",,"17053.24","False","0",,"False"
"151634-1120","22323","","8839 TILNEY CT JACKSONVILLE 32217-",,"32217-",,"17291.22","False","0",,"False"
"115880-0010","18619","","1748 WESTCOTT ST JACKSONVILLE 32206-",,"32206-",,"17332.77","False","0",,"False"
"045274-0000","9041","","2335 N DAVIS ST JACKSONVILLE 32209-",,"32209-",,"17371.63","False","0",,"False"
"027267-0000","5617","","5930 ORLANDO ST JACKSONVILLE 32208-",,"32208-",,"17618.52","False","0",,"False"
"106592-0010","17056","","12235 NEW BERLIN RD JACKSONVILLE 32226-",,"32226-",,"18143.78","False","0",,"False"
"012914-0000","2606","","10731 103RD ST JACKSONVILLE 32210-",,"32210-",,"18278.67","False","0",,"False"
"032717-0000","6771","","103 TROUT RIVER DR JACKSONVILLE 32208-",,"32208-",,"18302.29","False","0",,"False"
"172993-0000","26312","","1408 STRAND ST NEPTUNE BEACH 32266-",,"32266-",,"18644.37","False","0",,"False"
"065336-0000","12428","","2727 RIVERSIDE AVE JACKSONVILLE 32205-",,"32205-",,"18752.91","False","0",,"False"
"002651-0820","613","","10112 FOX LAKE CT JACKSONVILLE 32219-",,"32219-",,"19099.07","False","0",,"False"
"107604-0000","17281","","13141 N MAIN ST JACKSONVILLE 32218-",,"32218-",,"19493.94","False","0",,"False"
"167732-6555","25405","","4496 E GLEN KERNAN PKWY JACKSONVILLE 32224-",,"32224-",,"19587.9","False","0",,"False"
"081154-0000","13911","","1814 RIVER RD JACKSONVILLE 32207-",,"32207-",,"19685.24","False","0",,"False"
"106592-0000","17055","","12235 NEW BERLIN RD JACKSONVILLE 32226-",,"32226-",,"19750.25","False","0",,"False"
"176044-0000","26492","","630 S 3RD ST JACKSONVILLE BEACH 32250-",,"32250-",,"19829.87","False","0",,"False"
"172717-0000","26290","","112 CEDAR ST NEPTUNE BEACH 32266-",,"32266-",,"20666.33","False","0",,"False"
"172730-0000","26291","","126 MYRTLE ST NEPTUNE BEACH 32266-",,"32266-",,"21004.25","False","0",,"False"
"064162-0000","12358","","2619 FORBES ST JACKSONVILLE 32204-",,"32204-",,"21351.84","False","0",,"False"
"173731-0000","26336","","1809 1ST ST NEPTUNE BEACH 32266-",,"32266-",,"21365.54","False","0",,"False"
"105990-1010","16883","","1584 OWL HOLLOW LN JACKSONVILLE 32223-",,"32223-",,"21688.23","False","0",,"False"
"175404-0000","26427","","115 N 18TH AVE A JACKSONVILLE BEACH 32250-",,"32250-",,"22916.78","False","0",,"False"
"045274-0000","27087","","2335 N DAVIS ST JACKSONVILLE 32209-",,"32209-",,"23265.45","False","0",,"False"
"173462-0000","26329","","214 MARGARET ST NEPTUNE BEACH 32266-",,"32266-",,"24852.77","False","0",,"False"
"175523-0000","26440","","20 S 1ST ST JACKSONVILLE BEACH 32250-",,"32250-",,"25045.6","False","0",,"False"
"172323-0000","26253","","1575 MAIN ST 5 ATLANTIC BEACH 32233-",,"32233-",,"27452.53","False","0",,"False"
"108754-0000","17595","","10195 E NEW BERLIN RD JACKSONVILLE 32226-",,"32226-",,"27685.04","False","0",,"False"
"142266-0000","21101","","6501 ARLINGTON EXPY JACKSONVILLE 32211-",,"32211-",,"29007.75","False","0",,"False"
"167127-2100","25087","","13681 W LONGS LANDING RD JACKSONVILLE 32225-",,"32225-",,"29077.67","False","0",,"False"
"172992-0000","26311","","1401 STRAND ST NEPTUNE BEACH 32266-",,"32266-",,"38571.1","False","0",,"False"
"011634-0000","2362","","7024 WILEY RD JACKSONVILLE 32210-",,"32210-",,"39092.77","False","0",,"False"
"129300-0020","19807","","900 N UNIVERSITY BLVD JACKSONVILLE 32211-",,"32211-",,"39292.54","False","0",,"False"
"097854-0010","16046","","6300 BLANDING BLVD JACKSONVILLE 32244-",,"32244-",,"40703.87","False","0",,"False"
"106277-0310","16955","","MAX LEGGETT PKWY JACKSONVILLE 32218-",,"32218-",,"42240.36","False","0",,"False"
"059141-0010","11950","","694 EDGEWOOD AVE JACKSONVILLE 32254-",,"32254-",,"44524.94","False","0",,"False"
"129369-0010","19812","","5865 ARLINGTON EXPY JACKSONVILLE 32211-",,"32211-",,"45529.42","False","0",,"False"
"004410-1000","1184","","2480 N LANE AVE JACKSONVILLE 32254-",,"32254-",,"46328.25","False","0",,"False"
"016429-5332","3637","","9734 CROSSHILL BLVD 2 JACKSONVILLE 32222-",,"32222-",,"47240.79","False","0",,"False"
"090150-0000","15568","","1045 RIVERSIDE AVE JACKSONVILLE 32204-",,"32204-",,"53979.81","False","0",,"False"
"152852-0000","22470","","4063 SALISBURY RD JACKSONVILLE 32216-",,"32216-",,"63447.67","False","0",,"False"
"152683-0210","22432","","8220 DIX ELLIS TRL JACKSONVILLE 32256-",,"32256-",,"69206.22","False","0",,"False"
"153066-0000","22513","","5649 CAGLE RD JACKSONVILLE 32216-",,"32216-",,"74892.76","False","0",,"False"
"082441-0000","13967","","900 BROOKWOOD RD JACKSONVILLE 32207-",,"32207-",,"76101.64","False","0",,"False"
"137140-0515","20760","","6100 KENNERLY RD JACKSONVILLE 32216-",,"32216-",,"77213.81","False","0",,"False"
"173940-0000","26344","","102 N 6TH AVE JACKSONVILLE BEACH 32250-",,"32250-",,"87846.52","False","0",,"False"
"081245-0000","13916","","2002 SAN MARCO BLVD JACKSONVILLE 32207-",,"32207-",,"88977.37","False","0",,"False"
"152741-0025","22453","","9150 BAYMEADOWS RD JACKSONVILLE 32256-",,"32256-",,"113250.9","False","0",,"False"
"153050-0005","22509","","4950 RICHARD ST JACKSONVILLE 32207-",,"32207-",,"122297.07","False","0",,"False"
"135167-0000","20574","","3800 S UNIVERSITY BLVD JACKSONVILLE 32216-",,"32216-",,"146930.28","False","0",,"False"
"137130-0000","20759","","3830 S UNIVERSITY BLVD JACKSONVILLE 32216-",,"32216-",,"174871.64","False","0",,"False"
"050309-0000","10210","","2625 W 5TH ST JACKSONVILLE 32254-",,"32254-",,"265399.21","False","0",,"False"
