address,certificate_number,city,face_amount,owner,parcel,scraped_date,source,stage,still_delinquent,total_due,zip
9135 DEVONSHIRE BLVD JACKSONVILLE 32208-,,,2000.56,,038084-0000,2026-01-20T22:22:38.016721,existing_csv,delinquent,False,0,32208-
1801 VALENCIA DR JACKSONVILLE 32207-,,,2000.7,,136318-0000,2026-01-20T22:22:38.016721,existing_csv,delinquent,False,0,32207-
14372 DENTON RD JACKSONVILLE 32226-,,,2001.59,,108094-0610,2026-01-20T22:22:38.016721,existing_csv,delinquent,False,0,32226-
1350 W 26TH ST JACKSONVILLE 32209-,,,2005.06,,086651-0000,2026-01-20T22:22:38.016721,existing_csv,delinquent,False,0,32209-
1650 E COLLEGE CIR JACKSONVILLE 32209-,,,2005.37,,051305-0000,2026-01-20T22:22:38.016721,existing_csv,delinquent,False,0,32209-
3263 NOLAN ST JACKSONVILLE 32254-,,,2005.41,,056996-0000,2026-01-20T22:22:38.016721,existing_csv,delinquent,False,0,32254-
1756 BREWSTER RD JACKSONVILLE 32207-,,,2005.66,,070327-0000,2026-01-20T22:22:38.016721,existing_csv,delinquent,False,0,32207-
5706 MONCRIEF RD JACKSONVILLE 32209-,,,2005.85,,085747-0000,2026-01-20T22:22:38.016721,existing_csv,delinquent,False,0,32209-
1623 E 12TH ST JACKSONVILLE 32206-,,,2005.9,,115655-0000,2026-01-20T22:22:38.016721,existing_csv,delinquent,False,0,32206-
5831 BEGONIA RD JACKSONVILLE 32209-,,,2006.1,,028042-0000,2026-01-20T22:22:38.016721,existing_csv,delinquent,False,0,32209-
9076 1ST AVE JACKSONVILLE 32208-,,,2006.41,,036070-0000,2026-01-20T22:22:38.016721,existing_csv,delinquent,False,0,32208-
2086 KINGS RD JACKSONVILLE 32209-,,,2007.05,,047377-0000,2026-01-20T22:22:38.016721,existing_csv,delinquent,False,0,32209-
3181 BRASQUE DR JACKSONVILLE 32209-,,,2007.2,,030832-0000,2026-01-20T22:22:38.016721,existing_csv,delinquent,False,0,32209-
375 CLARK ST BALDWIN 32234-,,,2008.28,,000502-0010,2026-01-20T22:22:38.016721,existing_csv,delinquent,False,0,32234-
2811 MONCRIEF RD JACKSONVILLE 32209-,,,2009.25,,046709-0000,2026-01-20T22:22:38.016721,existing_csv,delinquent,False,0,32209-
7480 S OLD MIDDLEBURG RD JACKSONVILLE 32222-,,,2009.49,,016355-0100,2026-01-20T22:22:38.016721,existing_csv,delinquent,False,0,32222-
7880 PAUL REVERE DR JACKSONVILLE 32208-,,,2009.84,,024069-0000,2026-01-20T22:22:38.016721,existing_csv,delinquent,False,0,32208-
5514 BOEING DR JACKSONVILLE 32207-,,,2010.2,,153699-0000,2026-01-20T22:22:38.016721,existing_csv,delinquent,False,0,32207-
4510 WILLIAMSBURG AVE JACKSONVILLE 32208-,,,2010.86,,038267-0000,2026-01-20T22:22:38.016721,existing_csv,delinquent,False,0,32208-
1836 ALFEN ST JACKSONVILLE 32254-,,,2010.9,,049987-0010,2026-01-20T22:22:38.016721,existing_csv,delinquent,False,0,32254-
7723 FREE AVE JACKSONVILLE 32211-,,,2011.41,,144251-0000,2026-01-20T22:22:38.016721,existing_csv,delinquent,False,0,32211-
5434 CALLOWAY CT JACKSONVILLE 32209-,,,2011.55,,030532-0000,2026-01-20T22:22:38.016721,existing_csv,delinquent,False,0,32209-
12739 N MAIN ST JACKSONVILLE 32218-,,,2012.11,,107413-0000,2026-01-20T22:22:38.016721,existing_csv,delinquent,False,0,32218-
5737 HOLLYHOCK RD JACKSONVILLE 32209-,,,2012.42,,028136-0000,2026-01-20T22:22:38.016721,existing_csv,delinquent,False,0,32209-
1100 W STATE ST JACKSONVILLE 32204-,,,2013.64,,075709-0010,2026-01-20T22:22:38.016721,existing_csv,delinquent,False,0,32204-
8026 EBERSOL RD JACKSONVILLE 32216-,,,2015.94,,136901-0000,2026-01-20T22:22:38.016721,existing_csv,delinquent,False,0,32216-
5104 POTOMAC AVE JACKSONVILLE 32254-,,,2016.03,,083934-0000,2026-01-20T22:22:38.016721,existing_csv,delinquent,False,0,32254-
7640 PICKETT ST JACKSONVILLE 32208-,,,2016.36,,026683-0010,2026-01-20T22:22:38.016721,existing_csv,delinquent,False,0,32208-
2557 LOWELL AVE JACKSONVILLE 32254-,,,2016.71,,056806-0000,2026-01-20T22:22:38.016721,existing_csv,delinquent,False,0,32254-
7645 CRANBROOKE RD JACKSONVILLE 32219-,,,2017.54,,002929-0300,2026-01-20T22:22:38.016721,existing_csv,delinquent,False,0,32219-
2339 BROOKLYN RD JACKSONVILLE 32209-,,,2017.82,,027912-0000,2026-01-20T22:22:38.016721,existing_csv,delinquent,False,0,32209-
9134 RIDGE BLVD JACKSONVILLE 32208-,,,2018.6,,029377-0020,2026-01-20T22:22:38.016721,existing_csv,delinquent,False,0,32208-
5074 ANDREWS ST JACKSONVILLE 32254-,,,2019.56,,059482-0000,2026-01-20T22:22:38.016721,existing_csv,delinquent,False,0,32254-
1719 W 5TH ST JACKSONVILLE 32209-,,,2019.64,,051904-0000,2026-01-20T22:22:38.016721,existing_csv,delinquent,False,0,32209-
153 E 43RD ST JACKSONVILLE 32208-,,,2019.87,,031446-0000,2026-01-20T22:22:38.016721,existing_csv,delinquent,False,0,32208-
8544 TAYLOR FIELD RD JACKSONVILLE 32244-,,,2020.24,,016106-0020,2026-01-20T22:22:38.017719,existing_csv,delinquent,False,0,32244-
10045 PAXTON RD JACKSONVILLE 32219-,,,2020.37,,002833-0078,2026-01-20T22:22:38.017719,existing_csv,delinquent,False,0,32219-
3611 N DAVIS ST JACKSONVILLE 32209-,,,2021.54,,084596-0000,2026-01-20T22:22:38.017719,existing_csv,delinquent,False,0,32209-
6293 E PETTIFORD DR JACKSONVILLE 32209-,,,2023.58,,031055-0000,2026-01-20T22:22:38.017719,existing_csv,delinquent,False,0,32209-
LE MANS DR JACKSONVILLE 32210-,,,2025.62,,010426-0000,2026-01-20T22:22:38.017719,existing_csv,delinquent,False,0,32210-
8715 ADAMS AVE JACKSONVILLE 32208-,,,2025.72,,037409-0000,2026-01-20T22:22:38.017719,existing_csv,delinquent,False,0,32208-
10901 BURNT MILL RD 2701 JACKSONVILLE 32256-,,,2026.43,,167741-7914,2026-01-20T22:22:38.017719,existing_csv,delinquent,False,0,32256-
4714 W CASTLEWOOD DR JACKSONVILLE 32206-,,,2027.64,,032003-0000,2026-01-20T22:22:38.017719,existing_csv,delinquent,False,0,32206-
7171 CEDAR POINT RD JACKSONVILLE 32226-,,,2027.77,,159880-0090,2026-01-20T22:22:38.017719,existing_csv,delinquent,False,0,32226-
5558 N CABOT DR JACKSONVILLE 32244-,,,2028.04,,103529-5794,2026-01-20T22:22:38.017719,existing_csv,delinquent,False,0,32244-
225 W 11TH ST JACKSONVILLE 32206-,,,2028.69,,073230-0000,2026-01-20T22:22:38.017719,existing_csv,delinquent,False,0,32206-
11748 V C JOHNSON RD JACKSONVILLE 32218-,,,2028.8,,004258-0030,2026-01-20T22:22:38.017719,existing_csv,delinquent,False,0,32218-
145 E 54TH ST JACKSONVILLE 32208-,,,2029.23,,034199-0000,2026-01-20T22:22:38.017719,existing_csv,delinquent,False,0,32208-
8623 SYNHOFF DR JACKSONVILLE 32216-,,,2029.24,,154547-0500,2026-01-20T22:22:38.017719,existing_csv,delinquent,False,0,32216-
4819 TENNESSEE ST JACKSONVILLE 32209-,,,2029.9,,040664-0000,2026-01-20T22:22:38.017719,existing_csv,delinquent,False,0,32209-
5142 ASTRAL ST JACKSONVILLE 32205-,,,2030.24,,059747-0000,2026-01-20T22:22:38.017719,existing_csv,delinquent,False,0,32205-
1176 N DURKEE DR JACKSONVILLE 32209-,,,2030.44,,053452-0000,2026-01-20T22:22:38.017719,existing_csv,delinquent,False,0,32209-
7805 E CONCORD BLVD JACKSONVILLE 32208-,,,2031.16,,023866-0000,2026-01-20T22:22:38.017719,existing_csv,delinquent,False,0,32208-
8023 LEXINGTON DR JACKSONVILLE 32208-,,,2031.53,,023793-0000,2026-01-20T22:22:38.017719,existing_csv,delinquent,False,0,32208-
4037 MARLO ST JACKSONVILLE 32209-,,,2031.84,,047687-0005,2026-01-20T22:22:38.017719,existing_csv,delinquent,False,0,32209-
3232 DIGNAN ST JACKSONVILLE 32254-,,,2032.53,,056990-0000,2026-01-20T22:22:38.017719,existing_csv,delinquent,False,0,32254-
374 S US 301 HWY BALDWIN 32234-,,,2032.94,,000851-0010,2026-01-20T22:22:38.017719,existing_csv,delinquent,False,0,32234-
9213 DEVONSHIRE BLVD JACKSONVILLE 32208-,,,2033.54,,038080-0000,2026-01-20T22:22:38.017719,existing_csv,delinquent,False,0,32208-
4816 BOOKER ST JACKSONVILLE 32209-,,,2033.62,,030405-0000,2026-01-20T22:22:38.017719,existing_csv,delinquent,False,0,32209-
4654 WHEELER AVE JACKSONVILLE 32210-,,,2034.3,,068969-0000,2026-01-20T22:22:38.017719,existing_csv,delinquent,False,0,32210-
8423 HARE AVE JACKSONVILLE 32211-,,,2034.47,,143700-0000,2026-01-20T22:22:38.017719,existing_csv,delinquent,False,0,32211-
7405 S BURLINGAME DR JACKSONVILLE 32211-,,,2034.8,,120540-0000,2026-01-20T22:22:38.017719,existing_csv,delinquent,False,0,32211-
738 LYNTON ST JACKSONVILLE 32208-,,,2035.35,,031808-0000,2026-01-20T22:22:38.017719,existing_csv,delinquent,False,0,32208-
5503 EARTHA DR JACKSONVILLE 32209-,,,2037.26,,030962-0000,2026-01-20T22:22:38.017719,existing_csv,delinquent,False,0,32209-
1129 BRANDYWINE ST JACKSONVILLE 32208-,,,2038.06,,023393-0000,2026-01-20T22:22:38.017719,existing_csv,delinquent,False,0,32208-
11803 CREEK BLVD JACKSONVILLE 32218-,,,2039.24,,109646-0010,2026-01-20T22:22:38.017719,existing_csv,delinquent,False,0,32218-
2735 BEGONIA RD JACKSONVILLE 32209-,,,2039.46,,028596-0000,2026-01-20T22:22:38.017719,existing_csv,delinquent,False,0,32209-
793 RAINER RD BALDWIN 32234-,,,2042.54,,000650-0014,2026-01-20T22:22:38.017719,existing_csv,delinquent,False,0,32234-
12067 SAVERIO LN JACKSONVILLE 32225-,,,2042.94,,160671-5415,2026-01-20T22:22:38.017719,existing_csv,delinquent,False,0,32225-
13804 LEM TURNER RD JACKSONVILLE 32218-,,,2043.47,,019432-0000,2026-01-20T22:22:38.017719,existing_csv,delinquent,False,0,32218-
435 JESSIE ST JACKSONVILLE 32206-,,,2044.34,,122842-0050,2026-01-20T22:22:38.017719,existing_csv,delinquent,False,0,32206-
1955 SUNRISE DR JACKSONVILLE 32246-,,,2045.54,,164799-0000,2026-01-20T22:22:38.017719,existing_csv,delinquent,False,0,32246-
33 W 4TH ST JACKSONVILLE 32206-,,,2045.55,,071064-0000,2026-01-20T22:22:38.017719,existing_csv,delinquent,False,0,32206-
2039 JAYSON AVE JACKSONVILLE 32208-,,,2047.57,,029700-0600,2026-01-20T22:22:38.017719,existing_csv,delinquent,False,0,32208-
1521 E 27TH ST JACKSONVILLE 32206-,,,2047.86,,132519-0000,2026-01-20T22:22:38.017719,existing_csv,delinquent,False,0,32206-
4054 DELLWOOD AVE JACKSONVILLE 32205-,,,2048.71,,060520-0000,2026-01-20T22:22:38.017719,existing_csv,delinquent,False,0,32205-
7625 OWL RD JACKSONVILLE 32219-,,,2049.95,,003697-0000,2026-01-20T22:22:38.017719,existing_csv,delinquent,False,0,32219-
8549 WALDEN RD JACKSONVILLE 32244-,,,2050.09,,016104-0020,2026-01-20T22:22:38.018720,existing_csv,delinquent,False,0,32244-
5219 EULACE RD JACKSONVILLE 32210-,,,2050.12,,103134-0000,2026-01-20T22:22:38.018720,existing_csv,delinquent,False,0,32210-
4511 E MARLBORO CIR JACKSONVILLE 32206-,,,2050.52,,031969-0000,2026-01-20T22:22:38.018720,existing_csv,delinquent,False,0,32206-
51 JOHNSTON AVE JACKSONVILLE 32211-,,,2051.42,,145074-0000,2026-01-20T22:22:38.018720,existing_csv,delinquent,False,0,32211-
2115 MYRTLE AVE JACKSONVILLE 32209-,,,2052.32,,053405-0000,2026-01-20T22:22:38.018720,existing_csv,delinquent,False,0,32209-
4200 CARROLL DR JACKSONVILLE 32209-,,,2053.29,,031237-0000,2026-01-20T22:22:38.018720,existing_csv,delinquent,False,0,32209-
4305 S TRENTON DR JACKSONVILLE 32209-,,,2053.38,,041324-0000,2026-01-20T22:22:38.018720,existing_csv,delinquent,False,0,32209-
11135 BRIDGES RD JACKSONVILLE 32218-,,,2053.47,,004308-0200,2026-01-20T22:22:38.018720,existing_csv,delinquent,False,0,32218-
4737 NELMAR PL JACKSONVILLE 32206-,,,2053.7,,032060-0000,2026-01-20T22:22:38.018720,existing_csv,delinquent,False,0,32206-
12869 WARRINGTON OAKS RD JACKSONVILLE 32258-,,,2053.84,,157154-0000,2026-01-20T22:22:38.018720,existing_csv,delinquent,False,0,32258-
10391 BRADLEY RD JACKSONVILLE 32246-,,,2054.01,,164149-0000,2026-01-20T22:22:38.018720,existing_csv,delinquent,False,0,32246-
10575 N BESSENT RD JACKSONVILLE 32218-,,,2054.29,,020223-0000,2026-01-20T22:22:38.018720,existing_csv,delinquent,False,0,32218-
11544 W ANCONA DR JACKSONVILLE 32258-,,,2055.64,,156920-0000,2026-01-20T22:22:38.018720,existing_csv,delinquent,False,0,32258-
9133 MONETTE RD JACKSONVILLE 32234-,,,2055.68,,001267-0170,2026-01-20T22:22:38.018720,existing_csv,delinquent,False,0,32234-
2316 BROADWAY AVE JACKSONVILLE 32209-,,,2056.23,,055870-0000,2026-01-20T22:22:38.018720,existing_csv,delinquent,False,0,32209-
1156 W 8TH ST JACKSONVILLE 32209-,,,2056.46,,053360-0000,2026-01-20T22:22:38.018720,existing_csv,delinquent,False,0,32209-
401 WOODBINE ST JACKSONVILLE 32206-,,,2057.01,,088042-0000,2026-01-20T22:22:38.018720,existing_csv,delinquent,False,0,32206-
5222 SUNDERLAND RD JACKSONVILLE 32210-,,,2057.36,,094914-0000,2026-01-20T22:22:38.018720,existing_csv,delinquent,False,0,32210-
555 BIRD RD JACKSONVILLE 32218-,,,2057.51,,106237-0000,2026-01-20T22:22:38.018720,existing_csv,delinquent,False,0,32218-
1542 STEELE ST JACKSONVILLE 32209-,,,2058.15,,051108-0000,2026-01-20T22:22:38.018720,existing_csv,delinquent,False,0,32209-
2510 WILMONT AVE JACKSONVILLE 32218-,,,2058.19,,043638-0000,2026-01-20T22:22:38.018720,existing_csv,delinquent,False,0,32218-
2941 W 1ST ST JACKSONVILLE 32254-,,,2060.29,,049586-0000,2026-01-20T22:22:38.018720,existing_csv,delinquent,False,0,32254-
6714 BARKWOOD DR JACKSONVILLE 32277-,,,2061.53,,116915-0000,2026-01-20T22:22:38.018720,existing_csv,delinquent,False,0,32277-
986 BAKER AVE JACKSONVILLE 32209-,,,2062.73,,077603-0000,2026-01-20T22:22:38.018720,existing_csv,delinquent,False,0,32209-
6729 W GASPAR CIR JACKSONVILLE 32219-,,,2062.89,,041910-0000,2026-01-20T22:22:38.018720,existing_csv,delinquent,False,0,32219-
230 E 18TH ST JACKSONVILLE 32206-,,,2063.25,,044724-0000,2026-01-20T22:22:38.018720,existing_csv,delinquent,False,0,32206-
8155 PAXTON RD JACKSONVILLE 32219-,,,2063.26,,002835-0200,2026-01-20T22:22:38.018720,existing_csv,delinquent,False,0,32219-
4948 TALLYHO AVE JACKSONVILLE 32208-,,,2063.77,,038091-0000,2026-01-20T22:22:38.018720,existing_csv,delinquent,False,0,32208-
5101 PLAYPEN DR 6-12 JACKSONVILLE 32210-,,,2064.66,,013830-1022,2026-01-20T22:22:38.018720,existing_csv,delinquent,False,0,32210-
130 E 43RD ST JACKSONVILLE 32208-,,,2065.19,,031433-0000,2026-01-20T22:22:38.018720,existing_csv,delinquent,False,0,32208-
1319 W 26TH ST JACKSONVILLE 32209-,,,2065.25,,087248-0000,2026-01-20T22:22:38.018720,existing_csv,delinquent,False,0,32209-
8007 WAKEFIELD AVE JACKSONVILLE 32208-,,,2066.1,,033207-0000,2026-01-20T22:22:38.018720,existing_csv,delinquent,False,0,32208-
5664 BRYNER DR JACKSONVILLE 32244-,,,2066.66,,103529-6310,2026-01-20T22:22:38.018720,existing_csv,delinquent,False,0,32244-
4937 WEST VIRGINIA AVE JACKSONVILLE 32209-,,,2067.02,,040710-0000,2026-01-20T22:22:38.018720,existing_csv,delinquent,False,0,32209-
791 ASSISI LN 606 JACKSONVILLE 32233-,,,2067.14,,169385-1080,2026-01-20T22:22:38.018720,existing_csv,delinquent,False,0,32233-
8068 BANVILLE DR JACKSONVILLE 32210-,,,2067.75,,010221-0000,2026-01-20T22:22:38.018720,existing_csv,delinquent,False,0,32210-
205 KATHERINE RD JACKSONVILLE 32218-,,,2068.78,,107591-0000,2026-01-20T22:22:38.018720,existing_csv,delinquent,False,0,32218-
4609 N LINCREST DR JACKSONVILLE 32208-,,,2068.85,,039626-0000,2026-01-20T22:22:38.019719,existing_csv,delinquent,False,0,32208-
2953 W 8TH ST JACKSONVILLE 32254-,,,2069.02,,048585-0020,2026-01-20T22:22:38.019719,existing_csv,delinquent,False,0,32254-
3838 NOTTER AVE JACKSONVILLE 32206-,,,2069.2,,088244-0000,2026-01-20T22:22:38.019719,existing_csv,delinquent,False,0,32206-
729 JAMES ST JACKSONVILLE 32205-,,,2070.04,,063809-0000,2026-01-20T22:22:38.019719,existing_csv,delinquent,False,0,32205-
387 SKATE RD ATLANTIC BEACH 32233-,,,2070.7,,171670-0000,2026-01-20T22:22:38.019719,existing_csv,delinquent,False,0,32233-
910 OAKLEY ST JACKSONVILLE 32202-,,,2071.63,,130776-0000,2026-01-20T22:22:38.019719,existing_csv,delinquent,False,0,32202-
2830 APACHE AVE JACKSONVILLE 32210-,,,2073.64,,101778-0000,2026-01-20T22:22:38.019719,existing_csv,delinquent,False,0,32210-
1628 PARKWOOD ST JACKSONVILLE 32207-,,,2075.2,,069933-0000,2026-01-20T22:22:38.019719,existing_csv,delinquent,False,0,32207-
13703 N RICHMOND PARK DR 2201 JACKSONVILLE 32224-,,,2076.62,,167453-5400,2026-01-20T22:22:38.019719,existing_csv,delinquent,False,0,32224-
1752 DAYTONA LN JACKSONVILLE 32218-,,,2076.75,,044280-6245,2026-01-20T22:22:38.019719,existing_csv,delinquent,False,0,32218-
3551 MECCA ST JACKSONVILLE 32209-,,,2078.01,,047569-0010,2026-01-20T22:22:38.019719,existing_csv,delinquent,False,0,32209-
221 E 20TH ST JACKSONVILLE 32206-,,,2080.45,,044571-0000,2026-01-20T22:22:38.019719,existing_csv,delinquent,False,0,32206-
1090 HURON ST JACKSONVILLE 32254-,,,2080.69,,049522-0000,2026-01-20T22:22:38.019719,existing_csv,delinquent,False,0,32254-
6370 RESTLAWN DR JACKSONVILLE 32208-,,,2080.79,,025730-0000,2026-01-20T22:22:38.019719,existing_csv,delinquent,False,0,32208-
8648 MADISON AVE JACKSONVILLE 32208-,,,2082.54,,037460-0000,2026-01-20T22:22:38.019719,existing_csv,delinquent,False,0,32208-
4644 ROANOKE BLVD JACKSONVILLE 32208-,,,2082.76,,037922-0000,2026-01-20T22:22:38.019719,existing_csv,delinquent,False,0,32208-
11743 SIMMONS RD JACKSONVILLE 32218-,,,2082.92,,004264-0590,2026-01-20T22:22:38.019719,existing_csv,delinquent,False,0,32218-
FT CAROLINE RD JACKSONVILLE 32225-,,,2083.08,,112955-0100,2026-01-20T22:22:38.019719,existing_csv,delinquent,False,0,32225-
1177 BUNKER HILL BLVD JACKSONVILLE 32208-,,,2083.73,,023557-0000,2026-01-20T22:22:38.019719,existing_csv,delinquent,False,0,32208-
3047 EDISON AVE JACKSONVILLE 32254-,,,2084.3,,056964-0000,2026-01-20T22:22:38.019719,existing_csv,delinquent,False,0,32254-
7918 LENOX AVE JACKSONVILLE 32221-,,,2085.47,,008024-0000,2026-01-20T22:22:38.019719,existing_csv,delinquent,False,0,32221-
1712 DETROIT ST JACKSONVILLE 32254-,,,2086.4,,050011-0000,2026-01-20T22:22:38.019719,existing_csv,delinquent,False,0,32254-
1154 DENAUD ST JACKSONVILLE 32205-,,,2087.72,,067976-0000,2026-01-20T22:22:38.019719,existing_csv,delinquent,False,0,32205-
1052 FIELDS RD JACKSONVILLE 32218-,,,2088.64,,106781-0010,2026-01-20T22:22:38.019719,existing_csv,delinquent,False,0,32218-
5757 SW CARVER CIR JACKSONVILLE 32208-,,,2091.28,,026391-0000,2026-01-20T22:22:38.019719,existing_csv,delinquent,False,0,32208-
1555 ELIZABETH ST JACKSONVILLE 32206-,,,2091.84,,116032-0000,2026-01-20T22:22:38.019719,existing_csv,delinquent,False,0,32206-
118 E 45TH ST JACKSONVILLE 32208-,,,2094.64,,031497-0000,2026-01-20T22:22:38.019719,existing_csv,delinquent,False,0,32208-
8018 PAUL JONES DR JACKSONVILLE 32208-,,,2095.9,,023789-0000,2026-01-20T22:22:38.019719,existing_csv,delinquent,False,0,32208-
6945 HUNNICUTT LN JACKSONVILLE 32219-,,,2097.69,,003924-0000,2026-01-20T22:22:38.019719,existing_csv,delinquent,False,0,32219-
2332 N EDGEWOOD AVE JACKSONVILLE 32254-,,,2097.78,,048850-0000,2026-01-20T22:22:38.019719,existing_csv,delinquent,False,0,32254-
850 BAKER AVE JACKSONVILLE 32209-,,,2097.89,,077537-0000,2026-01-20T22:22:38.019719,existing_csv,delinquent,False,0,32209-
5347 SAN JUAN AVE JACKSONVILLE 32210-,,,2099.22,,068626-0000,2026-01-20T22:22:38.019719,existing_csv,delinquent,False,0,32210-
5201 ATLANTIC BLVD 14 JACKSONVILLE 32207-,,,2100.69,,129957-5026,2026-01-20T22:22:38.019719,existing_csv,delinquent,False,0,32207-
8703 7TH AVE JACKSONVILLE 32208-,,,2100.87,,036838-0000,2026-01-20T22:22:38.019719,existing_csv,delinquent,False,0,32208-
1154 GLENCARIN ST JACKSONVILLE 32208-,,,2101.5,,032547-0000,2026-01-20T22:22:38.019719,existing_csv,delinquent,False,0,32208-
524 W 60TH ST JACKSONVILLE 32208-,,,2102.74,,035608-0000,2026-01-20T22:22:38.019719,existing_csv,delinquent,False,0,32208-
8924 DEVONSHIRE BLVD JACKSONVILLE 32208-,,,2102.91,,037998-0000,2026-01-20T22:22:38.019719,existing_csv,delinquent,False,0,32208-
2067 E FOREST GATE DR JACKSONVILLE 32246-,,,2103.37,,165266-0545,2026-01-20T22:22:38.019719,existing_csv,delinquent,False,0,32246-
39 ANDRESS ST JACKSONVILLE 32208-,,,2103.46,,034916-0000,2026-01-20T22:22:38.019719,existing_csv,delinquent,False,0,32208-
1359 AGNES ST JACKSONVILLE 32208-,,,2103.59,,026766-0000,2026-01-20T22:22:38.019719,existing_csv,delinquent,False,0,32208-
1459 GRIFLET RD JACKSONVILLE 32211-,,,2103.64,,141784-0000,2026-01-20T22:22:38.019719,existing_csv,delinquent,False,0,32211-
5736 W SALERNO RD JACKSONVILLE 32244-,,,2104.87,,104441-0000,2026-01-20T22:22:38.019719,existing_csv,delinquent,False,0,32244-
532 E 58TH ST JACKSONVILLE 32208-,,,2105.57,,033672-0000,2026-01-20T22:22:38.020718,existing_csv,delinquent,False,0,32208-
1230 W 20TH ST JACKSONVILLE 32209-,,,2106.63,,045410-0000,2026-01-20T22:22:38.020718,existing_csv,delinquent,False,0,32209-
2935 REDMOND AVE JACKSONVILLE 32207-,,,2107.02,,130472-0000,2026-01-20T22:22:38.020718,existing_csv,delinquent,False,0,32207-
9631 RONNIE ST JACKSONVILLE 32208-,,,2108.44,,037654-0000,2026-01-20T22:22:38.020718,existing_csv,delinquent,False,0,32208-
6978 ROBERT F KENNEDY CIR JACKSONVILLE 32209-,,,2108.75,,042177-0086,2026-01-20T22:22:38.020718,existing_csv,delinquent,False,0,32209-
,,,2109.22,,041272-0000,2026-01-20T22:22:38.020718,existing_csv,delinquent,False,0,32209-
7329 ROE CT JACKSONVILLE 32222-,,,2109.42,,016261-0020,2026-01-20T22:22:38.020718,existing_csv,delinquent,False,0,32222-
9143 RIDGE BLVD JACKSONVILLE 32208-,,,2110.81,,029349-0000,2026-01-20T22:22:38.020718,existing_csv,delinquent,False,0,32208-
6957 MAGDELENA DR JACKSONVILLE 32210-,,,2111.58,,014327-3162,2026-01-20T22:22:38.020718,existing_csv,delinquent,False,0,32210-
321 W 60TH ST JACKSONVILLE 32208-,,,2112.09,,035056-0000,2026-01-20T22:22:38.020718,existing_csv,delinquent,False,0,32208-
13395 BONEY RD JACKSONVILLE 32226-,,,2112.87,,159817-0040,2026-01-20T22:22:38.020718,existing_csv,delinquent,False,0,32226-
3670 KIRKPATRICK CIR 5-13 JACKSONVILLE 32210-,,,2112.96,,012510-0156,2026-01-20T22:22:38.020718,existing_csv,delinquent,False,0,32210-
1657 N LOYOLA DR JACKSONVILLE 32218-,,,2112.97,,042525-0000,2026-01-20T22:22:38.020718,existing_csv,delinquent,False,0,32218-
6004 S WATEREDGE DR JACKSONVILLE 32211-,,,2113.81,,134475-0000,2026-01-20T22:22:38.020718,existing_csv,delinquent,False,0,32211-
10963 ACORN PARK CT JACKSONVILLE 32218-,,,2114.01,,020592-1400,2026-01-20T22:22:38.020718,existing_csv,delinquent,False,0,32218-
5201 ATLANTIC BLVD 298 JACKSONVILLE 32207-,,,2116.36,,129957-5594,2026-01-20T22:22:38.020718,existing_csv,delinquent,False,0,32207-
2019 BELVEDERE ST JACKSONVILLE 32208-,,,2116.64,,035848-0000,2026-01-20T22:22:38.020718,existing_csv,delinquent,False,0,32208-
4627 CASTLETON DR JACKSONVILLE 32208-,,,2118.13,,039660-0000,2026-01-20T22:22:38.020718,existing_csv,delinquent,False,0,32208-
2104 CASSAT AVE JACKSONVILLE 32210-,,,2118.64,,095036-0000,2026-01-20T22:22:38.020718,existing_csv,delinquent,False,0,32210-
8958 MADISON AVE JACKSONVILLE 32208-,,,2118.68,,037310-0000,2026-01-20T22:22:38.020718,existing_csv,delinquent,False,0,32208-
9140 WESTLAKE CIR JACKSONVILLE 32208-,,,2119.4,,023287-0000,2026-01-20T22:22:38.020718,existing_csv,delinquent,False,0,32208-
16419 N VILLAGE GREEN DR JACKSONVILLE 32234-,,,2119.7,,000969-0080,2026-01-20T22:22:38.020718,existing_csv,delinquent,False,0,32234-
7740 SOUTHSIDE BLVD 202 JACKSONVILLE 32256-,,,2120.34,,148522-5022,2026-01-20T22:22:38.020718,existing_csv,delinquent,False,0,32256-
1821 ALFEN ST JACKSONVILLE 32254-,,,2120.61,,049991-0000,2026-01-20T22:22:38.020718,existing_csv,delinquent,False,0,32254-
6355 SUNDOWN DR JACKSONVILLE 32244-,,,2121,,105474-0000,2026-01-20T22:22:38.020718,existing_csv,delinquent,False,0,32244-
1636 N DUNNS BRANCH DR JACKSONVILLE 32218-,,,2121.69,,110814-0000,2026-01-20T22:22:38.020718,existing_csv,delinquent,False,0,32218-
4318 S PLAZA GATE LN 202 JACKSONVILLE 32217-,,,2123.53,,148152-1140,2026-01-20T22:22:38.020718,existing_csv,delinquent,False,0,32217-
1593 BLAIR RD JACKSONVILLE 32221-,,,2123.81,,008990-0040,2026-01-20T22:22:38.020718,existing_csv,delinquent,False,0,32221-
8541 ACREE RD 1 JACKSONVILLE 32219-,,,2126.05,,002490-0010,2026-01-20T22:22:38.020718,existing_csv,delinquent,False,0,32219-
6819 RESTLAWN DR JACKSONVILLE 32208-,,,2126.56,,025008-0000,2026-01-20T22:22:38.020718,existing_csv,delinquent,False,0,32208-
43 E 59TH ST JACKSONVILLE 32208-,,,2127.6,,034132-0000,2026-01-20T22:22:38.020718,existing_csv,delinquent,False,0,32208-
853 A PHILIP RANDOLPH BLVD JACKSONVILLE 32206-,,,2127.73,,122399-0000,2026-01-20T22:22:38.020718,existing_csv,delinquent,False,0,32206-
3484 CHARMONT DR JACKSONVILLE 32277-,,,2128.86,,113033-6155,2026-01-20T22:22:38.020718,existing_csv,delinquent,False,0,32277-
44 W 6TH ST JACKSONVILLE 32206-,,,2129.07,,071237-0000,2026-01-20T22:22:38.020718,existing_csv,delinquent,False,0,32206-
2183 W 15TH ST JACKSONVILLE 32209-,,,2129.34,,047063-0000,2026-01-20T22:22:38.020718,existing_csv,delinquent,False,0,32209-
2328 SOUTHERN AVE JACKSONVILLE 32207-,,,2129.43,,147424-0000,2026-01-20T22:22:38.020718,existing_csv,delinquent,False,0,32207-
5730 FINCH AVE JACKSONVILLE 32219-,,,2130.55,,041915-0975,2026-01-20T22:22:38.020718,existing_csv,delinquent,False,0,32219-
311 W ASHLEY ST 1506 JACKSONVILLE 32202-,,,2130.6,,073903-0374,2026-01-20T22:22:38.021718,existing_csv,delinquent,False,0,32202-
612 METEOR ST JACKSONVILLE 32205-,,,2131.39,,061894-0000,2026-01-20T22:22:38.021718,existing_csv,delinquent,False,0,32205-
5425 BRANNON AVE JACKSONVILLE 32244-,,,2131.6,,013546-0000,2026-01-20T22:22:38.021718,existing_csv,delinquent,False,0,32244-
4734 E MARLBORO CIR JACKSONVILLE 32206-,,,2132.02,,032065-0000,2026-01-20T22:22:38.021718,existing_csv,delinquent,False,0,32206-
9150 RIDGE BLVD JACKSONVILLE 32208-,,,2132.53,,029377-0000,2026-01-20T22:22:38.021718,existing_csv,delinquent,False,0,32208-
3729 N CANAL ST JACKSONVILLE 32209-,,,2132.6,,084368-0000,2026-01-20T22:22:38.021718,existing_csv,delinquent,False,0,32209-
3330 LANNIE RD JACKSONVILLE 32218-,,,2133.83,,019622-0095,2026-01-20T22:22:38.021718,existing_csv,delinquent,False,0,32218-
791 ASSISI LN 2303 JACKSONVILLE 32233-,,,2134.45,,169385-2304,2026-01-20T22:22:38.021718,existing_csv,delinquent,False,0,32233-
1814 W 2ND ST JACKSONVILLE 32209-,,,2135.36,,076415-0000,2026-01-20T22:22:38.021718,existing_csv,delinquent,False,0,32209-
2923 W 9TH ST JACKSONVILLE 32254-,,,2136.65,,048574-0000,2026-01-20T22:22:38.021718,existing_csv,delinquent,False,0,32254-
3049 NOLAN ST JACKSONVILLE 32254-,,,2137.19,,057320-0000,2026-01-20T22:22:38.021718,existing_csv,delinquent,False,0,32254-
6158 TUSCONY CIR JACKSONVILLE 32277-,,,2138.31,,108964-0608,2026-01-20T22:22:38.021718,existing_csv,delinquent,False,0,32277-
S ST JOHNS BLUFF RD JACKSONVILLE 32246-,,,2138.94,,163652-0000,2026-01-20T22:22:38.021718,existing_csv,delinquent,False,0,32246-
2390 BEAUMONT ST JACKSONVILLE 32209-,,,2140.15,,048184-0000,2026-01-20T22:22:38.021718,existing_csv,delinquent,False,0,32209-
7862 HASTINGS ST JACKSONVILLE 32220-,,,2142.36,,005737-0000,2026-01-20T22:22:38.021718,existing_csv,delinquent,False,0,32220-
4215 RIBAULT RIVER LN JACKSONVILLE 32208-,,,2142.57,,030135-0150,2026-01-20T22:22:38.021718,existing_csv,delinquent,False,0,32208-
2378 W EDGEWOOD AVE JACKSONVILLE 32209-,,,2142.61,,027881-0000,2026-01-20T22:22:38.021718,existing_csv,delinquent,False,0,32209-
2104 DIVISION ST JACKSONVILLE 32209-,,,2144.83,,048186-0010,2026-01-20T22:22:38.021718,existing_csv,delinquent,False,0,32209-
4232 APPLETON AVE JACKSONVILLE 32210-,,,2145.62,,094080-0000,2026-01-20T22:22:38.021718,existing_csv,delinquent,False,0,32210-
137 NEW BERLIN RD JACKSONVILLE 32218-,,,2146.06,,107429-0000,2026-01-20T22:22:38.021718,existing_csv,delinquent,False,0,32218-
8768 6TH AVE JACKSONVILLE 32208-,,,2148.7,,036214-0000,2026-01-20T22:22:38.021718,existing_csv,delinquent,False,0,32208-
9267 NORFOLK BLVD JACKSONVILLE 32208-,,,2151.26,,037867-0000,2026-01-20T22:22:38.021718,existing_csv,delinquent,False,0,32208-
4129 MONCRIEF RD JACKSONVILLE 32209-,,,2151.63,,088354-0000,2026-01-20T22:22:38.021718,existing_csv,delinquent,False,0,32209-
3124 COMMONWEALTH AVE JACKSONVILLE 32254-,,,2152.03,,058464-0000,2026-01-20T22:22:38.021718,existing_csv,delinquent,False,0,32254-
943 ASHTON ST JACKSONVILLE 32208-,,,2153.45,,022962-0000,2026-01-20T22:22:38.021718,existing_csv,delinquent,False,0,32208-
4230 CARROLL DR JACKSONVILLE 32209-,,,2153.57,,031208-0000,2026-01-20T22:22:38.021718,existing_csv,delinquent,False,0,32209-
5217 ARCHERY AVE JACKSONVILLE 32208-,,,2154.39,,038398-0000,2026-01-20T22:22:38.021718,existing_csv,delinquent,False,0,32208-
1578 W 31ST ST JACKSONVILLE 32209-,,,2154.55,,085189-0000,2026-01-20T22:22:38.021718,existing_csv,delinquent,False,0,32209-
11759 MALLARD LN JACKSONVILLE 32218-,,,2155.87,,019703-0900,2026-01-20T22:22:38.022718,existing_csv,delinquent,False,0,32218-
9005 ADAMS AVE JACKSONVILLE 32208-,,,2155.9,,037230-0000,2026-01-20T22:22:38.022718,existing_csv,delinquent,False,0,32208-
7924 HELSTON DR JACKSONVILLE 32208-,,,2156.93,,024977-0000,2026-01-20T22:22:38.022718,existing_csv,delinquent,False,0,32208-
1610 W 12TH ST JACKSONVILLE 32209-,,,2157.71,,052363-0000,2026-01-20T22:22:38.022718,existing_csv,delinquent,False,0,32209-
143 JOEL LEE RD JACKSONVILLE 32218-,,,2157.91,,108360-0000,2026-01-20T22:22:38.022718,existing_csv,delinquent,False,0,32218-
8258 HERLONG RD JACKSONVILLE 32210-,,,2158.03,,009133-0000,2026-01-20T22:22:38.022718,existing_csv,delinquent,False,0,32210-
2918 BROADWAY AVE JACKSONVILLE 32254-,,,2159.04,,057625-0000,2026-01-20T22:22:38.022718,existing_csv,delinquent,False,0,32254-
ADAMS AVE JACKSONVILLE 32208-,,,2159.61,,037412-0000,2026-01-20T22:22:38.022718,existing_csv,delinquent,False,0,32208-
ALTON AVE JACKSONVILLE 32211-,,,2160.91,,144816-0000,2026-01-20T22:22:38.022718,existing_csv,delinquent,False,0,32211-
1280 ROWE AVE JACKSONVILLE 32208-,,,2161.3,,024232-0000,2026-01-20T22:22:38.022718,existing_csv,delinquent,False,0,32208-
45 W 55TH ST JACKSONVILLE 32208-,,,2161.46,,034228-0000,2026-01-20T22:22:38.022718,existing_csv,delinquent,False,0,32208-
10961 BURNT MILL RD 1618 JACKSONVILLE 32256-,,,2161.75,,167741-3204,2026-01-20T22:22:38.022718,existing_csv,delinquent,False,0,32256-
9526 DEVONSHIRE BLVD JACKSONVILLE 32208-,,,2162.83,,038753-0000,2026-01-20T22:22:38.022718,existing_csv,delinquent,True,4472.32,32208-
4715 E CASTLEWOOD DR JACKSONVILLE 32206-,,,2163.21,,031983-0000,2026-01-20T22:22:38.022718,existing_csv,delinquent,False,0,32206-
1465 GROTHE ST JACKSONVILLE 32209-,,,2164.62,,054252-0000,2026-01-20T22:22:38.022718,existing_csv,delinquent,False,0,32209-
3317 23RD ST JACKSONVILLE 32209-,,,2165.38,,047945-0160,2026-01-20T22:22:38.022718,existing_csv,delinquent,False,0,32209-
STARRATT RD JACKSONVILLE 32218-,,,2167.71,,106935-0510,2026-01-20T22:22:38.022718,existing_csv,delinquent,False,0,32218-
10335 E MCLAURIN RD JACKSONVILLE 32256-,,,2168.25,,155527-0100,2026-01-20T22:22:38.022718,existing_csv,delinquent,False,0,32256-
1317 W 20TH ST JACKSONVILLE 32209-,,,2168.26,,045778-0000,2026-01-20T22:22:38.022718,existing_csv,delinquent,False,0,32209-
,,,2168.68,,121604-0000,2026-01-20T22:22:38.022718,existing_csv,delinquent,False,0,32211-
6926 CORDAY RD JACKSONVILLE 32208-,,,2168.81,,025345-0000,2026-01-20T22:22:38.022718,existing_csv,delinquent,False,0,32208-
5787 TEELER AVE JACKSONVILLE 32208-,,,2169.11,,026498-0000,2026-01-20T22:22:38.022718,existing_csv,delinquent,False,0,32208-
1244 NORTH SHORE DR JACKSONVILLE 32208-,,,2170.23,,032558-0000,2026-01-20T22:22:38.022718,existing_csv,delinquent,False,0,32208-
835 CARROLLTON RD JACKSONVILLE 32208-,,,2171.89,,022904-0000,2026-01-20T22:22:38.022718,existing_csv,delinquent,False,0,32208-
17142 BOBCAT HIDEAWAY TRL JACKSONVILLE 32218-,,,2174.79,,019621-0040,2026-01-20T22:22:38.022718,existing_csv,delinquent,False,0,32218-
11249 IRMA RD JACKSONVILLE 32218-,,,2175,,044260-0040,2026-01-20T22:22:38.022718,existing_csv,delinquent,False,0,32218-
9062 7TH AVE JACKSONVILLE 32208-,,,2176.7,,036152-0000,2026-01-20T22:22:38.022718,existing_csv,delinquent,False,0,32208-
7015 CATALONIA AVE JACKSONVILLE 32217-,,,2176.82,,150313-0000,2026-01-20T22:22:38.022718,existing_csv,delinquent,False,0,32217-
9276 GREENLEAF RD JACKSONVILLE 32208-,,,2177.68,,038574-0000,2026-01-20T22:22:38.022718,existing_csv,delinquent,False,0,32208-
9141 ADAMS AVE JACKSONVILLE 32208-,,,2178.06,,037023-0020,2026-01-20T22:22:38.022718,existing_csv,delinquent,False,0,32208-
7701 TIMBERLIN PARK BLVD 934 JACKSONVILLE 32256-,,,2178.6,,149206-0370,2026-01-20T22:22:38.022718,existing_csv,delinquent,False,0,32256-
11524 CITRUS COVE CT JACKSONVILLE 32218-,,,2179.24,,044280-9685,2026-01-20T22:22:38.022718,existing_csv,delinquent,False,0,32218-
2229 E HOME PARK CIR JACKSONVILLE 32207-,,,2179.4,,125081-0000,2026-01-20T22:22:38.022718,existing_csv,delinquent,False,0,32207-
5067 S LINCOLN CIR JACKSONVILLE 32209-,,,2180.6,,040973-0000,2026-01-20T22:22:38.022718,existing_csv,delinquent,False,0,32209-
8670 3RD AVE JACKSONVILLE 32208-,,,2181.06,,036305-0000,2026-01-20T22:22:38.022718,existing_csv,delinquent,False,0,32208-
3801 CROWN POINT RD 1103 JACKSONVILLE 32257-,,,2181.86,,149016-7070,2026-01-20T22:22:38.022718,existing_csv,delinquent,False,0,32257-
8070 WAKEFIELD AVE JACKSONVILLE 32208-,,,2182.5,,033191-0000,2026-01-20T22:22:38.022718,existing_csv,delinquent,False,0,32208-
1427 W BLACKHAWK TRL JACKSONVILLE 32225-,,,2183.25,,162157-1072,2026-01-20T22:22:38.022718,existing_csv,delinquent,False,0,32225-
2525 N MAIN ST JACKSONVILLE 32206-,,,2183.47,,044831-0450,2026-01-20T22:22:38.023717,existing_csv,delinquent,False,0,32206-
5831 BEGONIA RD JACKSONVILLE 32209-,,,2183.55,,028042-0000,2026-01-20T22:22:38.023717,existing_csv,delinquent,False,0,32209-
3200 ANNISTON RD JACKSONVILLE 32246-,,,2184,,163488-0000,2026-01-20T22:22:38.023717,existing_csv,delinquent,False,0,32246-
5016 TALLYHO AVE JACKSONVILLE 32208-,,,2184.78,,038089-0000,2026-01-20T22:22:38.023717,existing_csv,delinquent,False,0,32208-
1439 ALETHA DR JACKSONVILLE 32211-,,,2184.81,,143372-0000,2026-01-20T22:22:38.023717,existing_csv,delinquent,False,0,32211-
5349 N TUBMAN DR JACKSONVILLE 32219-,,,2185.06,,041916-0705,2026-01-20T22:22:38.023717,existing_csv,delinquent,False,0,32219-
5630 ALTA ST JACKSONVILLE 32208-,,,2185.98,,111152-0000,2026-01-20T22:22:38.023717,existing_csv,delinquent,False,0,32208-
3729 N CANAL ST JACKSONVILLE 32209-,,,2186.51,,084368-0000,2026-01-20T22:22:38.023717,existing_csv,delinquent,False,0,32209-
4681 FREDERICKSBURG AVE JACKSONVILLE 32208-,,,2188.03,,037829-0000,2026-01-20T22:22:38.023717,existing_csv,delinquent,False,0,32208-
4036 BLANDING BLVD JACKSONVILLE 32210-,,,2190.06,,104822-0000,2026-01-20T22:22:38.023717,existing_csv,delinquent,False,0,32210-
2927 REDMOND AVE JACKSONVILLE 32207-,,,2190.09,,130473-0000,2026-01-20T22:22:38.023717,existing_csv,delinquent,False,0,32207-
7412 SYCAMORE ST JACKSONVILLE 32219-,,,2191.05,,004018-0600,2026-01-20T22:22:38.023717,existing_csv,delinquent,False,0,32219-
3324 LANNIE RD JACKSONVILLE 32218-,,,2191.11,,019622-0065,2026-01-20T22:22:38.023717,existing_csv,delinquent,False,0,32218-
2025 YULEE ST JACKSONVILLE 32209-,,,2191.72,,076877-0000,2026-01-20T22:22:38.023717,existing_csv,delinquent,False,0,32209-
5238 CHENANGO BLVD JACKSONVILLE 32254-,,,2192.37,,083816-0000,2026-01-20T22:22:38.023717,existing_csv,delinquent,False,0,32254-
1730 BASSETT RD JACKSONVILLE 32208-,,,2193.73,,032241-0000,2026-01-20T22:22:38.023717,existing_csv,delinquent,False,0,32208-
S ST JOHNS BLUFF RD JACKSONVILLE 32246-,,,2195.37,,163652-0000,2026-01-20T22:22:38.023717,existing_csv,delinquent,False,0,32246-
5831 BEGONIA RD JACKSONVILLE 32209-,,,2195.59,,028042-0000,2026-01-20T22:22:38.023717,existing_csv,delinquent,False,0,32209-
717 E 56TH ST JACKSONVILLE 32208-,,,2196.38,,033549-0000,2026-01-20T22:22:38.023717,existing_csv,delinquent,False,0,32208-
115 E 3RD ST JACKSONVILLE 32206-,,,2196.4,,070939-0010,2026-01-20T22:22:38.023717,existing_csv,delinquent,False,0,32206-
4315 PALMER AVE JACKSONVILLE 32210-,,,2196.68,,093834-0000,2026-01-20T22:22:38.023717,existing_csv,delinquent,False,0,32210-
39 W 58TH ST JACKSONVILLE 32208-,,,2196.76,,034903-0000,2026-01-20T22:22:38.023717,existing_csv,delinquent,False,0,32208-
754 SPEARING ST JACKSONVILLE 32202-,,,2197.48,,130814-0000,2026-01-20T22:22:38.023717,existing_csv,delinquent,False,0,32202-
5208 W MONCRIEF RD JACKSONVILLE 32209-,,,2198.03,,042076-0000,2026-01-20T22:22:38.023717,existing_csv,delinquent,False,0,32209-
8563 DARLINGTON DR JACKSONVILLE 32208-,,,2199,,039612-0000,2026-01-20T22:22:38.023717,existing_csv,delinquent,False,0,32208-
7127 W RHODE ISLAND DR JACKSONVILLE 32209-,,,2199.16,,040697-0000,2026-01-20T22:22:38.023717,existing_csv,delinquent,False,0,32209-
4530 LAMBING RD JACKSONVILLE 32210-,,,2199.24,,013165-0010,2026-01-20T22:22:38.023717,existing_csv,delinquent,False,0,32210-
7506 LUEDERS AVE JACKSONVILLE 32208-,,,2200.36,,024230-0000,2026-01-20T22:22:38.023717,existing_csv,delinquent,False,0,32208-
1999 W 4TH ST JACKSONVILLE 32209-,,,2200.73,,051833-0000,2026-01-20T22:22:38.023717,existing_csv,delinquent,False,0,32209-
4652 NELMAR PL JACKSONVILLE 32206-,,,2200.79,,032045-0000,2026-01-20T22:22:38.023717,existing_csv,delinquent,False,0,32206-
13139 COLE CT JACKSONVILLE 32218-,,,2201.24,,019690-0155,2026-01-20T22:22:38.023717,existing_csv,delinquent,False,0,32218-
7569 PARK CITY DR JACKSONVILLE 32244-,,,2201.32,,015994-0020,2026-01-20T22:22:38.024716,existing_csv,delinquent,False,0,32244-
140 W 42ND ST JACKSONVILLE 32208-,,,2202.68,,027557-0000,2026-01-20T22:22:38.024716,existing_csv,delinquent,False,0,32208-
1800 ROWE AVE JACKSONVILLE 32208-,,,2203.1,,026319-0000,2026-01-20T22:22:38.024716,existing_csv,delinquent,False,0,32208-
6220 CONNIE JEAN RD JACKSONVILLE 32222-,,,2203.64,,015371-0030,2026-01-20T22:22:38.024716,existing_csv,delinquent,False,0,32222-
5864 LISKA DR JACKSONVILLE 32244-,,,2205.57,,103529-6580,2026-01-20T22:22:38.024716,existing_csv,delinquent,False,0,32244-
6341 W PENNANT DR JACKSONVILLE 32244-,,,2206.73,,104274-0000,2026-01-20T22:22:38.024716,existing_csv,delinquent,False,0,32244-
3636 OLD KINGS RD JACKSONVILLE 32254-,,,2207.1,,084053-0010,2026-01-20T22:22:38.024716,existing_csv,delinquent,False,0,32254-
10710 MEADOWLEA DR JACKSONVILLE 32218-,,,2207.15,,020282-0230,2026-01-20T22:22:38.024716,existing_csv,delinquent,False,0,32218-
2002 FOURAKER RD JACKSONVILLE 32210-,,,2209.25,,010105-0000,2026-01-20T22:22:38.024716,existing_csv,delinquent,False,0,32210-
3158 ROSSELLE ST JACKSONVILLE 32205-,,,2209.25,,063504-0000,2026-01-20T22:22:38.024716,existing_csv,delinquent,False,0,32205-
MARBON RD JACKSONVILLE 32223-,,,2209.59,,158136-2012,2026-01-20T22:22:38.024716,existing_csv,delinquent,False,0,32223-
1987 ROWE AVE JACKSONVILLE 32208-,,,2210.02,,026444-0010,2026-01-20T22:22:38.024716,existing_csv,delinquent,False,0,32208-
5724 LIPPIA CT JACKSONVILLE 32209-,,,2211.37,,028624-0000,2026-01-20T22:22:38.024716,existing_csv,delinquent,False,0,32209-
16584 WARING BLVD JACKSONVILLE 32234-,,,2212.52,,000971-4095,2026-01-20T22:22:38.024716,existing_csv,delinquent,False,0,32234-
9613 EVESHAM RD JACKSONVILLE 32208-,,,2212.59,,038902-0000,2026-01-20T22:22:38.024716,existing_csv,delinquent,False,0,32208-
1569 E HOLLY OAKS LAKE RD JACKSONVILLE 32225-,,,2214.14,,161385-0000,2026-01-20T22:22:38.024716,existing_csv,delinquent,False,0,32225-
8776 5TH AVE JACKSONVILLE 32208-,,,2215.53,,036223-0000,2026-01-20T22:22:38.024716,existing_csv,delinquent,False,0,32208-
MAIN ST JACKSONVILLE 32206-,,,2215.7,,071025-0000,2026-01-20T22:22:38.024716,existing_csv,delinquent,False,0,32206-
1734 LAURA ST JACKSONVILLE 32206-,,,2215.98,,071612-0000,2026-01-20T22:22:38.024716,existing_csv,delinquent,False,0,32206-
9022 CASTLE BLVD JACKSONVILLE 32208-,,,2216.17,,038426-0000,2026-01-20T22:22:38.024716,existing_csv,delinquent,False,0,32208-
367 GREENCASTLE RD 76 JACKSONVILLE 32225-,,,2217.01,,162883-0153,2026-01-20T22:22:38.024716,existing_csv,delinquent,False,0,32225-
11531 CRICKET CT JACKSONVILLE 32218-,,,2217.51,,044281-0374,2026-01-20T22:22:38.024716,existing_csv,delinquent,False,0,32218-
9048 LEM TURNER RD JACKSONVILLE 32208-,,,2217.75,,036064-0000,2026-01-20T22:22:38.024716,existing_csv,delinquent,False,0,32208-
9166 3RD AVE JACKSONVILLE 32208-,,,2218.42,,036011-0000,2026-01-20T22:22:38.024716,existing_csv,delinquent,False,0,32208-
970 DOUGLAS CIR JACKSONVILLE 32254-,,,2218.95,,059434-0000,2026-01-20T22:22:38.024716,existing_csv,delinquent,False,0,32254-
5420 LOIS AVE JACKSONVILLE 32205-,,,2222.25,,060096-0000,2026-01-20T22:22:38.025716,existing_csv,delinquent,False,0,32205-
2791 BROWARD RD JACKSONVILLE 32218-,,,2222.51,,021035-0000,2026-01-20T22:22:38.025716,existing_csv,delinquent,False,0,32218-
5218 COLONIAL AVE JACKSONVILLE 32210-,,,2222.55,,094871-0000,2026-01-20T22:22:38.025716,existing_csv,delinquent,False,0,32210-
329 CENTURY ST JACKSONVILLE 32211-,,,2222.89,,143844-0000,2026-01-20T22:22:38.025716,existing_csv,delinquent,False,0,32211-
24 CLARK RD JACKSONVILLE 32218-,,,2223,,020688-0010,2026-01-20T22:22:38.025716,existing_csv,delinquent,False,0,32218-
6848 S BRANDEMERE RD JACKSONVILLE 32211-,,,2223.87,,141583-0000,2026-01-20T22:22:38.025716,existing_csv,delinquent,False,0,32211-
6808 E HOMER RD JACKSONVILLE 32209-,,,2224.91,,041225-0000,2026-01-20T22:22:38.025716,existing_csv,delinquent,False,0,32209-
1807 CLYDE ST JACKSONVILLE 32208-,,,2225.01,,037033-0000,2026-01-20T22:22:38.025716,existing_csv,delinquent,False,0,32208-
3811 PERRY ST JACKSONVILLE 32206-,,,2225.81,,086541-0000,2026-01-20T22:22:38.025716,existing_csv,delinquent,False,0,32206-
TAYLOR FIELD RD JACKSONVILLE 32222-,,,2225.94,,016258-0000,2026-01-20T22:22:38.025716,existing_csv,delinquent,False,0,32222-
7634 ORIOLE ST JACKSONVILLE 32208-,,,2225.99,,027028-0000,2026-01-20T22:22:38.025716,existing_csv,delinquent,False,0,32208-
3821 ROBSON ST JACKSONVILLE 32207-,,,2226.21,,070307-0000,2026-01-20T22:22:38.025716,existing_csv,delinquent,False,0,32207-
12832 OLD ST AUGUSTINE RD JACKSONVILLE 32258-2237,,,2228.67,,157968-0000,2026-01-20T22:22:38.025716,existing_csv,delinquent,False,0,32258-2237
FT CAROLINE RD JACKSONVILLE 32225-,,,2229.87,,112979-0000,2026-01-20T22:22:38.025716,existing_csv,delinquent,False,0,32225-
2199 BENEDICT RD JACKSONVILLE 32209-,,,2230.87,,086216-0000,2026-01-20T22:22:38.025716,existing_csv,delinquent,False,0,32209-
4915 BAYMEADOWS RD 8B JACKSONVILLE 32217-,,,2231.08,,148106-0775,2026-01-20T22:22:38.025716,existing_csv,delinquent,False,0,32217-
2319 BROOM ST JACKSONVILLE 32208-,,,2231.4,,036725-0000,2026-01-20T22:22:38.025716,existing_csv,delinquent,False,0,32208-
8522 OAK LEAF RD JACKSONVILLE 32208-,,,2231.83,,039698-0000,2026-01-20T22:22:38.025716,existing_csv,delinquent,False,0,32208-
6831 RESTLAWN DR JACKSONVILLE 32208-,,,2232.41,,025010-0000,2026-01-20T22:22:38.025716,existing_csv,delinquent,False,0,32208-
S US 301 HWY JACKSONVILLE 32234-,,,2232.57,,001142-0400,2026-01-20T22:22:38.025716,existing_csv,delinquent,False,0,32234-
8 CLARK RD JACKSONVILLE 32218-,,,2232.61,,020688-0000,2026-01-20T22:22:38.025716,existing_csv,delinquent,False,0,32218-
258 E 45TH ST JACKSONVILLE 32208-,,,2233.73,,031508-0000,2026-01-20T22:22:38.025716,existing_csv,delinquent,False,0,32208-
7920 MERRILL RD 1014 JACKSONVILLE 32277-,,,2235.92,,120609-2476,2026-01-20T22:22:38.025716,existing_csv,delinquent,False,0,32277-
3536 ROCKWOOD DR JACKSONVILLE 32254-,,,2237.12,,059082-0000,2026-01-20T22:22:38.025716,existing_csv,delinquent,False,0,32254-
3058 W 9TH ST JACKSONVILLE 32254-,,,2238.02,,050026-0000,2026-01-20T22:22:38.025716,existing_csv,delinquent,False,0,32254-
1637 CHATHAM RD JACKSONVILLE 32208-,,,2238.35,,024586-0000,2026-01-20T22:22:38.025716,existing_csv,delinquent,True,6909.28,32208-
1219 W SUMMIT OAKS DR JACKSONVILLE 32221-,,,2238.83,,008897-8320,2026-01-20T22:22:38.025716,existing_csv,delinquent,False,0,32221-
2811 N DAVIS ST JACKSONVILLE 32209-,,,2239.58,,045480-0000,2026-01-20T22:22:38.025716,existing_csv,delinquent,False,0,32209-
5532 WINDERMERE DR JACKSONVILLE 32211-,,,2240.7,,128551-0000,2026-01-20T22:22:38.025716,existing_csv,delinquent,False,0,32211-
HIDDEN MARSH CT JACKSONVILLE 32226-,,,2243.13,,160819-0120,2026-01-20T22:22:38.025716,existing_csv,delinquent,False,0,32226-
5078 FREDERICKSBURG AVE JACKSONVILLE 32208-,,,2243.16,,038019-0000,2026-01-20T22:22:38.025716,existing_csv,delinquent,False,0,32208-
4149 LOCKHART DR JACKSONVILLE 32209-,,,2243.38,,041109-0000,2026-01-20T22:22:38.025716,existing_csv,delinquent,False,0,32209-
3115 LAKE SHORE BLVD JACKSONVILLE 32210-,,,2244.26,,095391-0000,2026-01-20T22:22:38.025716,existing_csv,delinquent,False,0,32210-
4313 HARBOR VIEW DR JACKSONVILLE 32208-,,,2244.54,,039741-0000,2026-01-20T22:22:38.025716,existing_csv,delinquent,False,0,32208-
1517 W 14TH ST JACKSONVILLE 32209-,,,2244.57,,046448-0000,2026-01-20T22:22:38.025716,existing_csv,delinquent,False,0,32209-
1208 IDA ST JACKSONVILLE 32208-,,,2244.65,,026593-0000,2026-01-20T22:22:38.025716,existing_csv,delinquent,False,0,32208-
5015 ALPHA AVE JACKSONVILLE 32205-,,,2245.04,,066623-0000,2026-01-20T22:22:38.025716,existing_csv,delinquent,False,0,32205-
3344 SOUTEL DR JACKSONVILLE 32208-,,,2246.25,,023082-0000,2026-01-20T22:22:38.026714,existing_csv,delinquent,False,0,32208-
3737 LORETTO RD 402 JACKSONVILLE 32223-,,,2246.38,,158927-1066,2026-01-20T22:22:38.026714,existing_csv,delinquent,False,0,32223-
4335 S PLAZA GATE LN 201 JACKSONVILLE 32217-,,,2246.94,,148152-1266,2026-01-20T22:22:38.026714,existing_csv,delinquent,False,0,32217-
1114 NANTUCKET AVE JACKSONVILLE 32233-,,,2247.67,,168465-0000,2026-01-20T22:22:38.048706,existing_csv,delinquent,False,0,32233-
8540 HOWELL DR JACKSONVILLE 32208-,,,2247.82,,039724-0000,2026-01-20T22:22:38.048706,existing_csv,delinquent,False,0,32208-
2158 WILBERFORCE RD JACKSONVILLE 32209-,,,2248.2,,086140-0000,2026-01-20T22:22:38.049702,existing_csv,delinquent,False,0,32209-
6725 ARQUES RD JACKSONVILLE 32205-,,,2248.83,,011328-0000,2026-01-20T22:22:38.049702,existing_csv,delinquent,False,0,32205-
7920 MERRILL RD 1014 JACKSONVILLE 32277-,,,2249.18,,120609-2476,2026-01-20T22:22:38.049702,existing_csv,delinquent,False,0,32277-
2547 STEIN ST JACKSONVILLE 32216-,,,2250.87,,137922-0000,2026-01-20T22:22:38.049702,existing_csv,delinquent,False,0,32216-
4603 TUNIS ST JACKSONVILLE 32205-,,,2251.71,,065402-0000,2026-01-20T22:22:38.049702,existing_csv,delinquent,False,0,32205-
5911 N JOHN F KENNEDY DR JACKSONVILLE 32219-,,,2252.52,,030290-0006,2026-01-20T22:22:38.049702,existing_csv,delinquent,False,0,32219-
HARBOUR NORTH CT JACKSONVILLE 32225-,,,2252.62,,160265-0000,2026-01-20T22:22:38.049702,existing_csv,delinquent,False,0,32225-
1929 PERRY ST JACKSONVILLE 32206-,,,2253.69,,072053-0000,2026-01-20T22:22:38.049702,existing_csv,delinquent,False,0,32206-
8790 JEFFERSON AVE JACKSONVILLE 32208-,,,2254.77,,037404-0010,2026-01-20T22:22:38.049702,existing_csv,delinquent,False,0,32208-
5831 BEGONIA RD JACKSONVILLE 32209-,,,2254.81,,028042-0000,2026-01-20T22:22:38.049702,existing_csv,delinquent,False,0,32209-
4544 PEARL ST JACKSONVILLE 32206-,,,2254.88,,087823-0000,2026-01-20T22:22:38.049702,existing_csv,delinquent,False,0,32206-
3259 DELLWOOD AVE JACKSONVILLE 32205-,,,2255.8,,061023-0000,2026-01-20T22:22:38.050710,existing_csv,delinquent,False,0,32205-
347 BEVERLY LN JACKSONVILLE 32254-,,,2256.23,,005333-0000,2026-01-20T22:22:38.050710,existing_csv,delinquent,False,0,32254-
6974 ROBERT F KENNEDY CIR JACKSONVILLE 32209-,,,2256.34,,042177-0084,2026-01-20T22:22:38.050710,existing_csv,delinquent,False,0,32209-
DANCY ST JACKSONVILLE 32205-,,,2257.81,,091940-0010,2026-01-20T22:22:38.050710,existing_csv,delinquent,False,0,32205-
9427 SPOTTSWOOD RD JACKSONVILLE 32208-,,,2258.95,,038359-0000,2026-01-20T22:22:38.050710,existing_csv,delinquent,False,0,32208-
8338 SUSIE ST B JACKSONVILLE 32210-,,,2259.33,,013351-0015,2026-01-20T22:22:38.050710,existing_csv,delinquent,False,0,32210-
13146 N ANNANDALE DR JACKSONVILLE 32225-,,,2259.8,,167316-4310,2026-01-20T22:22:38.050710,existing_csv,delinquent,False,0,32225-
2260 FOREST HILLS RD JACKSONVILLE 32208-,,,2260.61,,024949-0000,2026-01-20T22:22:38.050710,existing_csv,delinquent,False,0,32208-
1814 N UNIVERSITY BLVD JACKSONVILLE 32211-,,,2261.73,,128733-0000,2026-01-20T22:22:38.050710,existing_csv,delinquent,False,0,32211-
4019 MONCRIEF RD JACKSONVILLE 32209-,,,2263.19,,088364-0000,2026-01-20T22:22:38.051705,existing_csv,delinquent,False,0,32209-
5933 CHARLES D EVERS DR JACKSONVILLE 32219-,,,2263.83,,030290-0050,2026-01-20T22:22:38.051705,existing_csv,delinquent,False,0,32219-
262 W 66TH ST JACKSONVILLE 32208-,,,2263.92,,033163-0000,2026-01-20T22:22:38.051705,existing_csv,delinquent,False,0,32208-
7921 LORIENT DR JACKSONVILLE 32210-,,,2264.32,,009724-0000,2026-01-20T22:22:38.051705,existing_csv,delinquent,False,0,32210-
2036 W DURKEE DR JACKSONVILLE 32209-,,,2264.78,,053426-0000,2026-01-20T22:22:38.051705,existing_csv,delinquent,False,0,32209-
11506 DELEGATE CT JACKSONVILLE 32246-,,,2265.86,,165288-5020,2026-01-20T22:22:38.051705,existing_csv,delinquent,False,0,32246-
1843 W 24TH ST JACKSONVILLE 32209-,,,2265.9,,087211-0000,2026-01-20T22:22:38.051705,existing_csv,delinquent,False,0,32209-
5726 HURDIA RD JACKSONVILLE 32244-,,,2267.66,,098338-0050,2026-01-20T22:22:38.051705,existing_csv,delinquent,False,0,32244-
2856 GILMORE ST JACKSONVILLE 32205-,,,2268.12,,063027-0000,2026-01-20T22:22:38.051705,existing_csv,delinquent,False,0,32205-
2839 MYRTIS RD JACKSONVILLE 32218-,,,2268.49,,020507-0000,2026-01-20T22:22:38.051705,existing_csv,delinquent,False,0,32218-
2811 AUBREY AVE JACKSONVILLE 32208-,,,2269.38,,025776-0000,2026-01-20T22:22:38.051705,existing_csv,delinquent,False,0,32208-
6859 OLD KINGS RD JACKSONVILLE 32219-,,,2272.35,,003475-0000,2026-01-20T22:22:38.051705,existing_csv,delinquent,False,0,32219-
475 S ELLIS RD JACKSONVILLE 32254-,,,2273.79,,059389-0100,2026-01-20T22:22:38.051705,existing_csv,delinquent,False,0,32254-
1597 W 19TH ST JACKSONVILLE 32209-,,,2274.53,,045967-0000,2026-01-20T22:22:38.051705,existing_csv,delinquent,False,0,32209-
7563 JONES RD JACKSONVILLE 32219-,,,2275.44,,002893-1000,2026-01-20T22:22:38.051705,existing_csv,delinquent,False,0,32219-
2983 MAYPORT RD JACKSONVILLE 32233-,,,2275.78,,168936-0000,2026-01-20T22:22:38.051705,existing_csv,delinquent,False,0,32233-
2402 S LANE AVE JACKSONVILLE 32210-,,,2276.49,,018470-0000,2026-01-20T22:22:38.051705,existing_csv,delinquent,False,0,32210-
11630 SIMMONS RD JACKSONVILLE 32218-,,,2276.51,,004264-0900,2026-01-20T22:22:38.051705,existing_csv,delinquent,False,0,32218-
6223 WOODLAWN CT JACKSONVILLE 32209-,,,2277.52,,042006-0000,2026-01-20T22:22:38.051705,existing_csv,delinquent,False,0,32209-
3857 MISSION DR 7 JACKSONVILLE 32217-,,,2279.6,,154039-8650,2026-01-20T22:22:38.051705,existing_csv,delinquent,False,0,32217-
3159 N LANE AVE JACKSONVILLE 32254-,,,2280.98,,004398-0000,2026-01-20T22:22:38.051705,existing_csv,delinquent,False,0,32254-
5007 E DIAN WOOD DR JACKSONVILLE 32210-,,,2280.99,,095562-0000,2026-01-20T22:22:38.051705,existing_csv,delinquent,False,0,32210-
5033 PRINCELY AVE JACKSONVILLE 32208-,,,2281.38,,038115-0000,2026-01-20T22:22:38.051705,existing_csv,delinquent,False,0,32208-
2417 QUAIL AVE JACKSONVILLE 32218-,,,2281.4,,043535-0000,2026-01-20T22:22:38.051705,existing_csv,delinquent,False,0,32218-
11269 N MAIN ST JACKSONVILLE 32218-,,,2281.44,,109463-0000,2026-01-20T22:22:38.051705,existing_csv,delinquent,False,0,32218-
NEW KINGS RD JACKSONVILLE 32219-,,,2283.52,,022279-0000,2026-01-20T22:22:38.051705,existing_csv,delinquent,False,0,32219-
7920 MERRILL RD 1014 JACKSONVILLE 32277-,,,2283.58,,120609-2476,2026-01-20T22:22:38.051705,existing_csv,delinquent,False,0,32277-
2305 W BEAVER ST JACKSONVILLE 32209-,,,2283.85,,055852-0000,2026-01-20T22:22:38.051705,existing_csv,delinquent,False,0,32209-
8959 CASTLE BLVD JACKSONVILLE 32208-,,,2284.52,,038009-0000,2026-01-20T22:22:38.051705,existing_csv,delinquent,False,0,32208-
1312 FRANKLIN ST JACKSONVILLE 32206-,,,2284.64,,114416-0000,2026-01-20T22:22:38.052700,existing_csv,delinquent,False,0,32206-
5929 N JOHN F KENNEDY DR JACKSONVILLE 32219-,,,2285.87,,030290-0010,2026-01-20T22:22:38.052700,existing_csv,delinquent,False,0,32219-
10585 MAIDSTONE COVE DR JACKSONVILLE 32218-,,,2286.24,,020282-2995,2026-01-20T22:22:38.052700,existing_csv,delinquent,False,0,32218-
957 GRANVILLE RD JACKSONVILLE 32205-,,,2287.14,,010773-0000,2026-01-20T22:22:38.052700,existing_csv,delinquent,False,0,32205-
1533 N LIBERTY ST JACKSONVILLE 32206-,,,2287.51,,072406-0000,2026-01-20T22:22:38.052700,existing_csv,delinquent,False,0,32206-
5714 POITIER DR JACKSONVILLE 32209-,,,2287.84,,031001-0000,2026-01-20T22:22:38.052700,existing_csv,delinquent,False,0,32209-
5525 HARROLD AVE JACKSONVILLE 32254-,,,2288.49,,059409-0000,2026-01-20T22:22:38.052700,existing_csv,delinquent,False,0,32254-
9675 COMMONWEALTH AVE JACKSONVILLE 32220-,,,2288.8,,004640-0010,2026-01-20T22:22:38.052700,existing_csv,delinquent,False,0,32220-
12595 PULASKI RD JACKSONVILLE 32218-,,,2288.81,,106700-0000,2026-01-20T22:22:38.052700,existing_csv,delinquent,False,0,32218-
4408 BLUFF AVE JACKSONVILLE 32225-,,,2288.9,,160575-0000,2026-01-20T22:22:38.052700,existing_csv,delinquent,False,0,32225-
9545 LEM TURNER RD JACKSONVILLE 32208-,,,2289.4,,029676-0000,2026-01-20T22:22:38.052700,existing_csv,delinquent,False,0,32208-
275 W 62ND ST JACKSONVILLE 32208-,,,2289.89,,035029-0000,2026-01-20T22:22:38.052700,existing_csv,delinquent,False,0,32208-
1512 EVERGREEN AVE JACKSONVILLE 32206-,,,2290.04,,114853-0000,2026-01-20T22:22:38.052700,existing_csv,delinquent,False,0,32206-
5230 ORTEGA FARMS BLVD JACKSONVILLE 32210-,,,2290.12,,103740-0000,2026-01-20T22:22:38.052700,existing_csv,delinquent,False,0,32210-
8117 MERIVALE RD JACKSONVILLE 32208-,,,2290.45,,024672-0000,2026-01-20T22:22:38.052700,existing_csv,delinquent,False,0,32208-
9831 DEL WEBB PKWY 4208 JACKSONVILLE 32256-,,,2291.43,,167749-0230,2026-01-20T22:22:38.052700,existing_csv,delinquent,False,0,32256-
6726 CAVALIER RD JACKSONVILLE 32208-,,,2292.93,,025524-0000,2026-01-20T22:22:38.052700,existing_csv,delinquent,False,0,32208-
6011 MARSHA DR JACKSONVILLE 32205-,,,2293.01,,066732-0000,2026-01-20T22:22:38.052700,existing_csv,delinquent,False,0,32205-
1985 W 30TH ST JACKSONVILLE 32209-,,,2293.69,,084207-0000,2026-01-20T22:22:38.052700,existing_csv,delinquent,False,0,32209-
2009 ART MUSEUM DR JACKSONVILLE 32207-,,,2294.39,,136812-0010,2026-01-20T22:22:38.052700,existing_csv,delinquent,False,0,32207-
5404 ROANOKE BLVD JACKSONVILLE 32208-,,,2294.46,,038709-0000,2026-01-20T22:22:38.052700,existing_csv,delinquent,False,0,32208-
4811 EVANSTON RD JACKSONVILLE 32208-,,,2294.46,,039457-0000,2026-01-20T22:22:38.052700,existing_csv,delinquent,False,0,32208-
6655 BELL TOWER CT 4 JACKSONVILLE 32217-,,,2296.37,,154039-8084,2026-01-20T22:22:38.052700,existing_csv,delinquent,False,0,32217-
816 N BROAD ST JACKSONVILLE 32202-,,,2298.53,,070490-0000,2026-01-20T22:22:38.052700,existing_csv,delinquent,False,0,32202-
1803 E 25TH ST JACKSONVILLE 32206-,,,2299.75,,131555-0000,2026-01-20T22:22:38.052700,existing_csv,delinquent,False,0,32206-
5673 NORMANDY BLVD JACKSONVILLE 32205-,,,2300.1,,059640-0065,2026-01-20T22:22:38.052700,existing_csv,delinquent,False,0,32205-
5831 BEGONIA RD JACKSONVILLE 32209-,,,2303.6,,028042-0000,2026-01-20T22:22:38.052700,existing_csv,delinquent,False,0,32209-
6050 W MONCRIEF RD JACKSONVILLE 32219-,,,2303.7,,022356-0000,2026-01-20T22:22:38.052700,existing_csv,delinquent,False,0,32219-
1051 WALNUT ST JACKSONVILLE 32206-,,,2303.99,,072922-0100,2026-01-20T22:22:38.052700,existing_csv,delinquent,False,0,32206-
8601 BEACH BLVD 112 JACKSONVILLE 32216-,,,2304.51,,136163-1562,2026-01-20T22:22:38.052700,existing_csv,delinquent,False,0,32216-
7462 RICHARDSON RD JACKSONVILLE 32209-,,,2304.93,,041535-0000,2026-01-20T22:22:38.052700,existing_csv,delinquent,False,0,32209-
7216 SILVER LAKE TER JACKSONVILLE 32216-,,,2305.4,,145267-0000,2026-01-20T22:22:38.052700,existing_csv,delinquent,False,0,32216-
8139 WHITE PLAINS RD JACKSONVILLE 32208-,,,2306.2,,024465-0000,2026-01-20T22:22:38.052700,existing_csv,delinquent,False,0,32208-
3330 COLUMBUS AVE JACKSONVILLE 32254-,,,2307.21,,058277-0000,2026-01-20T22:22:38.052700,existing_csv,delinquent,False,0,32254-
2048 CALJON RD JACKSONVILLE 32207-,,,2309.66,,126654-0000,2026-01-20T22:22:38.052700,existing_csv,delinquent,False,0,32207-
6186 BASSANOVA CT JACKSONVILLE 32209-,,,2310.57,,031164-0000,2026-01-20T22:22:38.052700,existing_csv,delinquent,False,0,32209-
2319 EUDINE DR JACKSONVILLE 32210-,,,2311.42,,019186-0000,2026-01-20T22:22:38.052700,existing_csv,delinquent,False,0,32210-
8337 PINEVERDE LN JACKSONVILLE 32244-,,,2311.56,,099134-1016,2026-01-20T22:22:38.052700,existing_csv,delinquent,False,0,32244-
5136 OLD KINGS RD JACKSONVILLE 32254-,,,2312.3,,083882-0000,2026-01-20T22:22:38.052700,existing_csv,delinquent,False,0,32254-
8619 DARLINGTON DR JACKSONVILLE 32208-,,,2312.7,,039563-0000,2026-01-20T22:22:38.053699,existing_csv,delinquent,False,0,32208-
9534 RIDGE BLVD JACKSONVILLE 32208-,,,2316.2,,037688-0000,2026-01-20T22:22:38.053699,existing_csv,delinquent,False,0,32208-
1709 BULLS BAY HWY JACKSONVILLE 32220-,,,2318.96,,004806-0000,2026-01-20T22:22:38.053699,existing_csv,delinquent,False,0,32220-
5518 SPELMAN RD JACKSONVILLE 32209-,,,2319.4,,086024-0000,2026-01-20T22:22:38.053699,existing_csv,delinquent,False,0,32209-
4541 FULTON AVE JACKSONVILLE 32207-,,,2320.72,,127874-0000,2026-01-20T22:22:38.054699,existing_csv,delinquent,False,0,32207-
1114 LAS ROBIDA DR JACKSONVILLE 32211-,,,2321.16,,129276-0000,2026-01-20T22:22:38.054699,existing_csv,delinquent,False,0,32211-
1725 CORTEZ RD JACKSONVILLE 32246-,,,2322.05,,164497-0000,2026-01-20T22:22:38.054699,existing_csv,delinquent,False,0,32246-
321 W 60TH ST JACKSONVILLE 32208-,,,2322.45,,035056-0000,2026-01-20T22:22:38.054699,existing_csv,delinquent,False,0,32208-
12334 S STOCKBRIDGE CT JACKSONVILLE 32258-,,,2323,,158093-7550,2026-01-20T22:22:38.054699,existing_csv,delinquent,False,0,32258-
5704 HURDIA RD JACKSONVILLE 32244-,,,2326.69,,098338-0000,2026-01-20T22:22:38.054699,existing_csv,delinquent,False,0,32244-
S ST JOHNS BLUFF RD JACKSONVILLE 32246-,,,2327.49,,163652-0000,2026-01-20T22:22:38.054699,existing_csv,delinquent,False,0,32246-
13700 N RICHMOND PARK DR 1201 JACKSONVILLE 32224-,,,2327.79,,167453-5210,2026-01-20T22:22:38.054699,existing_csv,delinquent,False,0,32224-
858 GRANVILLE RD JACKSONVILLE 32205-,,,2328.13,,010733-0000,2026-01-20T22:22:38.054699,existing_csv,delinquent,False,0,32205-
416 E CHURCH ST JACKSONVILLE 32202-,,,2329.14,,073641-0010,2026-01-20T22:22:38.054699,existing_csv,delinquent,False,0,32202-
2426 LANTANA AVE JACKSONVILLE 32209-,,,2329.3,,028493-0000,2026-01-20T22:22:38.054699,existing_csv,delinquent,False,0,32209-
524 W 17TH ST JACKSONVILLE 32206-,,,2329.52,,045194-0000,2026-01-20T22:22:38.054699,existing_csv,delinquent,False,0,32206-
6247 COMMODORE DR JACKSONVILLE 32244-,,,2329.54,,104227-0000,2026-01-20T22:22:38.054699,existing_csv,delinquent,False,0,32244-
1660 JAKE RD JACKSONVILLE 32226-,,,2329.74,,106150-0990,2026-01-20T22:22:38.054699,existing_csv,delinquent,False,0,32226-
107 W 27TH ST JACKSONVILLE 32206-,,,2330.46,,133597-0000,2026-01-20T22:22:38.054699,existing_csv,delinquent,False,0,32206-
280 W U S 90 BALDWIN 32234-,,,2330.8,,000771-0000,2026-01-20T22:22:38.054699,existing_csv,delinquent,False,0,32234-
8204 DANDY AVE JACKSONVILLE 32211-,,,2332.06,,144493-0000,2026-01-20T22:22:38.054699,existing_csv,delinquent,False,0,32211-
5335 LEXINGTON AVE JACKSONVILLE 32210-,,,2332.16,,068570-0000,2026-01-20T22:22:38.054699,existing_csv,delinquent,False,0,32210-
2435 CORTEZ RD JACKSONVILLE 32246-,,,2332.76,,164000-0000,2026-01-20T22:22:38.054699,existing_csv,delinquent,False,0,32246-
9034 HARRISON AVE JACKSONVILLE 32208-,,,2333.63,,037157-0000,2026-01-20T22:22:38.054699,existing_csv,delinquent,False,0,32208-
4504 CHARLES BENNETT DR JACKSONVILLE 32225-,,,2333.94,,160449-0000,2026-01-20T22:22:38.054699,existing_csv,delinquent,False,0,32225-
4715 TROUT RIVER BLVD JACKSONVILLE 32208-,,,2335.18,,037594-0000,2026-01-20T22:22:38.054699,existing_csv,delinquent,False,0,32208-
3604 MONCRIEF RD JACKSONVILLE 32209-,,,2336.27,,087246-0000,2026-01-20T22:22:38.056698,existing_csv,delinquent,False,0,32209-
5955 CHARLES D EVERS DR JACKSONVILLE 32219-,,,2336.63,,030290-0056,2026-01-20T22:22:38.056698,existing_csv,delinquent,False,0,32219-
6218 BLUEBIRD RD JACKSONVILLE 32219-,,,2336.93,,003663-0000,2026-01-20T22:22:38.056698,existing_csv,delinquent,False,0,32219-
6403 LOBELIA ST JACKSONVILLE 32209-,,,2337.34,,028387-0000,2026-01-20T22:22:38.056698,existing_csv,delinquent,False,0,32209-
4838 ROSSELLE ST JACKSONVILLE 32254-,,,2337.95,,060771-0000,2026-01-20T22:22:38.056698,existing_csv,delinquent,False,0,32254-
1038 BULLS BAY HWY JACKSONVILLE 32220-,,,2339.01,,004808-0005,2026-01-20T22:22:38.056698,existing_csv,delinquent,False,0,32220-
4905 ARROWSMITH RD JACKSONVILLE 32208-,,,2339.16,,039173-0000,2026-01-20T22:22:38.056698,existing_csv,delinquent,False,0,32208-
6525 DOR MIL CT JACKSONVILLE 32244-,,,2339.4,,103501-0040,2026-01-20T22:22:38.056698,existing_csv,delinquent,False,0,32244-
1169 LAKE SHORE BLVD JACKSONVILLE 32205-,,,2340.13,,067947-0000,2026-01-20T22:22:38.056698,existing_csv,delinquent,False,0,32205-
2252 W 45TH ST JACKSONVILLE 32209-,,,2340.22,,086314-0000,2026-01-20T22:22:38.056698,existing_csv,delinquent,False,0,32209-
11475 EMUNESS RD JACKSONVILLE 32218-,,,2340.27,,110314-0000,2026-01-20T22:22:38.056698,existing_csv,delinquent,False,0,32218-
2653 SANDRA LN JACKSONVILLE 32208-,,,2340.36,,025646-0000,2026-01-20T22:22:38.057698,existing_csv,delinquent,False,0,32208-
442 CRANES LANDING CT JACKSONVILLE 32216-,,,2340.71,,136240-0545,2026-01-20T22:22:38.057698,existing_csv,delinquent,False,0,32216-
1801 MYRTLE AVE JACKSONVILLE 32209-,,,2341.53,,053353-0000,2026-01-20T22:22:38.057698,existing_csv,delinquent,False,0,32209-
7824 PASCHAL ST JACKSONVILLE 32220-,,,2342.15,,005827-0010,2026-01-20T22:22:38.057698,existing_csv,delinquent,False,0,32220-
7249 KIVLER DR JACKSONVILLE 32210-,,,2342.65,,014233-0000,2026-01-20T22:22:38.057698,existing_csv,delinquent,False,0,32210-
7701 TIMBERLIN PARK BLVD 625 JACKSONVILLE 32256-,,,2342.72,,149206-0220,2026-01-20T22:22:38.057698,existing_csv,delinquent,False,0,32256-
6965 GOLDILOCKS LN JACKSONVILLE 32210-,,,2342.86,,018577-0000,2026-01-20T22:22:38.057698,existing_csv,delinquent,False,0,32210-
9021 VAN BUREN AVE JACKSONVILLE 32208-,,,2342.94,,037161-0000,2026-01-20T22:22:38.057698,existing_csv,delinquent,False,0,32208-
2475 DRAKE AVE JACKSONVILLE 32218-,,,2343.4,,043560-0000,2026-01-20T22:22:38.057698,existing_csv,delinquent,False,0,32218-
5041 FREDERICKSBURG AVE JACKSONVILLE 32208-,,,2343.93,,038219-0000,2026-01-20T22:22:38.057698,existing_csv,delinquent,False,0,32208-
1141 BRANDYWINE ST JACKSONVILLE 32208-,,,2344.04,,023498-0000,2026-01-20T22:22:38.057698,existing_csv,delinquent,False,0,32208-
8758 PINEVALLEY LN JACKSONVILLE 32244-,,,2345.09,,099134-3600,2026-01-20T22:22:38.057698,existing_csv,delinquent,False,0,32244-
15 E 25TH ST JACKSONVILLE 32206-,,,2346.03,,133426-0000,2026-01-20T22:22:38.057698,existing_csv,delinquent,False,0,32206-
5045 DONCASTER AVE JACKSONVILLE 32208-,,,2347.52,,038613-0000,2026-01-20T22:22:38.057698,existing_csv,delinquent,False,0,32208-
4632 N ABERDARE AVE JACKSONVILLE 32208-,,,2348.37,,039376-0000,2026-01-20T22:22:38.057698,existing_csv,delinquent,False,0,32208-
1610 PERRY ST JACKSONVILLE 32206-,,,2348.53,,071525-0000,2026-01-20T22:22:38.057698,existing_csv,delinquent,False,0,32206-
HENDERSON RD JACKSONVILLE 32254-,,,2349.31,,007442-0010,2026-01-20T22:22:38.057698,existing_csv,delinquent,False,0,32254-
7697 BRIDGES ST JACKSONVILLE 32216-,,,2349.8,,154260-0100,2026-01-20T22:22:38.057698,existing_csv,delinquent,False,0,32216-
5108 ABEL LN JACKSONVILLE 32254-,,,2350.96,,059566-0000,2026-01-20T22:22:38.057698,existing_csv,delinquent,False,0,32254-
5237 FREDERICKSBURG AVE JACKSONVILLE 32208-,,,2351.06,,038512-0000,2026-01-20T22:22:38.057698,existing_csv,delinquent,False,0,32208-
1161 BUNKER HILL BLVD JACKSONVILLE 32208-,,,2353.44,,023411-0000,2026-01-20T22:22:38.057698,existing_csv,delinquent,False,0,32208-
13413 SELLERS LN JACKSONVILLE 32220-,,,2354.01,,001702-0120,2026-01-20T22:22:38.057698,existing_csv,delinquent,False,0,32220-
135 W 45TH ST JACKSONVILLE 32208-,,,2355,,027411-0000,2026-01-20T22:22:38.057698,existing_csv,delinquent,False,0,32208-
3257 BREVE DR JACKSONVILLE 32209-,,,2355.08,,031015-0000,2026-01-20T22:22:38.057698,existing_csv,delinquent,False,0,32209-
1052 FIELDS RD JACKSONVILLE 32218-,,,2355.97,,106781-0010,2026-01-20T22:22:38.057698,existing_csv,delinquent,False,0,32218-
3547 RING LN JACKSONVILLE 32207-,,,2357.66,,127101-0000,2026-01-20T22:22:38.057698,existing_csv,delinquent,False,0,32207-
5429 NORTH RIVER RD JACKSONVILLE 32211-,,,2359.65,,128616-0000,2026-01-20T22:22:38.057698,existing_csv,delinquent,False,0,32211-
481 RYAN AVE JACKSONVILLE 32254-,,,2359.76,,058652-0000,2026-01-20T22:22:38.057698,existing_csv,delinquent,False,0,32254-
3667 SPRING PARK RD JACKSONVILLE 32207-,,,2361.34,,127107-0020,2026-01-20T22:22:38.057698,existing_csv,delinquent,False,0,32207-
4640 N ABERDARE AVE JACKSONVILLE 32208-,,,2362.67,,039377-0000,2026-01-20T22:22:38.057698,existing_csv,delinquent,False,0,32208-
10736 W MEADOWLEA CIR JACKSONVILLE 32218-,,,2364.2,,020282-0318,2026-01-20T22:22:38.057698,existing_csv,delinquent,False,0,32218-
7540 PEARL ST JACKSONVILLE 32208-,,,2365.14,,033172-0000,2026-01-20T22:22:38.057698,existing_csv,delinquent,False,0,32208-
9504 LITTLE JOHN RD JACKSONVILLE 32208-,,,2366.55,,038945-0000,2026-01-20T22:22:38.057698,existing_csv,delinquent,False,0,32208-
7920 MERRILL RD 207 JACKSONVILLE 32277-,,,2366.61,,120609-2062,2026-01-20T22:22:38.057698,existing_csv,delinquent,False,0,32277-
9070 LEM TURNER RD JACKSONVILLE 32208-,,,2367.29,,036063-0000,2026-01-20T22:22:38.057698,existing_csv,delinquent,False,0,32208-
2034 YULEE ST JACKSONVILLE 32209-,,,2367.4,,076805-0000,2026-01-20T22:22:38.057698,existing_csv,delinquent,False,0,32209-
6938 COMO RD JACKSONVILLE 32210-,,,2367.48,,014382-0000,2026-01-20T22:22:38.057698,existing_csv,delinquent,False,0,32210-
2618 N ECTOR RD JACKSONVILLE 32211-,,,2367.77,,118339-0000,2026-01-20T22:22:38.057698,existing_csv,delinquent,False,0,32211-
1550 W 2ND ST JACKSONVILLE 32209-,,,2368.05,,076255-0000,2026-01-20T22:22:38.058697,existing_csv,delinquent,False,0,32209-
7478 W JOHN F KENNEDY DR JACKSONVILLE 32219-,,,2370.07,,030290-0332,2026-01-20T22:22:38.058697,existing_csv,delinquent,False,0,32219-
7932 N GUERAD DR JACKSONVILLE 32210-,,,2371.18,,010359-0000,2026-01-20T22:22:38.058697,existing_csv,delinquent,False,0,32210-
700 DAY AVE JACKSONVILLE 32205-,,,2371.85,,060937-0000,2026-01-20T22:22:38.058697,existing_csv,delinquent,False,0,32205-
1268 W CHURCH ST JACKSONVILLE 32204-,,,2372,,076580-0010,2026-01-20T22:22:38.058697,existing_csv,delinquent,False,0,32204-
10725 LEORA DR JACKSONVILLE 32218-,,,2372.39,,043876-0000,2026-01-20T22:22:38.058697,existing_csv,delinquent,False,0,32218-
2180 DAVIS RD JACKSONVILLE 32218-,,,2374.99,,110903-0050,2026-01-20T22:22:38.058697,existing_csv,delinquent,False,0,32218-
883 S 7TH AVE JACKSONVILLE BEACH 32250-,,,2375.19,,176559-0000,2026-01-20T22:22:38.058697,existing_csv,delinquent,False,0,32250-
6916 LAFLAM CIR JACKSONVILLE 32208-,,,2376.05,,025491-0000,2026-01-20T22:22:38.058697,existing_csv,delinquent,False,0,32208-
2655 W EDGEWOOD AVE JACKSONVILLE 32209-,,,2376.32,,028243-0000,2026-01-20T22:22:38.058697,existing_csv,delinquent,False,0,32209-
2411 HOLMES ST JACKSONVILLE 32207-,,,2377.11,,125517-0000,2026-01-20T22:22:38.058697,existing_csv,delinquent,False,0,32207-
9524 GILCHRIST CT JACKSONVILLE 32219-,,,2378.29,,041916-0715,2026-01-20T22:22:38.058697,existing_csv,delinquent,False,0,32219-
5201 ATLANTIC BLVD 9 JACKSONVILLE 32207-,,,2379.91,,129957-5016,2026-01-20T22:22:38.058697,existing_csv,delinquent,False,0,32207-
7380 HARRELL ST JACKSONVILLE 32219-,,,2380.59,,004162-0000,2026-01-20T22:22:38.058697,existing_csv,delinquent,False,0,32219-
5865 110TH ST JACKSONVILLE 32244-,,,2380.59,,098000-0000,2026-01-20T22:22:38.058697,existing_csv,delinquent,False,0,32244-
7003 E KEN KNIGHT DR JACKSONVILLE 32209-,,,2380.84,,040184-0000,2026-01-20T22:22:38.058697,existing_csv,delinquent,False,0,32209-
7395 IRVING SCOTT DR JACKSONVILLE 32209-,,,2382.54,,041579-0000,2026-01-20T22:22:38.058697,existing_csv,delinquent,False,0,32209-
4853 NOLAN ST JACKSONVILLE 32254-,,,2382.64,,058626-0000,2026-01-20T22:22:38.058697,existing_csv,delinquent,False,0,32254-
6107 VINE ST JACKSONVILLE 32219-,,,2382.71,,020039-0000,2026-01-20T22:22:38.058697,existing_csv,delinquent,False,0,32219-
265 PECAN ST JACKSONVILLE 32211-,,,2382.97,,144198-0000,2026-01-20T22:22:38.058697,existing_csv,delinquent,False,0,32211-
4363 FLINTSHIRE RD JACKSONVILLE 32208-,,,2383.86,,039408-0314,2026-01-20T22:22:38.058697,existing_csv,delinquent,False,0,32208-
8925 9TH AVE JACKSONVILLE 32208-,,,2386.47,,036695-0000,2026-01-20T22:22:38.058697,existing_csv,delinquent,False,0,32208-
4830 S SAMONA DR JACKSONVILLE 32208-,,,2386.62,,039580-0000,2026-01-20T22:22:38.058697,existing_csv,delinquent,False,0,32208-
1478 BERTHA ST JACKSONVILLE 32218-,,,2388.09,,044175-0020,2026-01-20T22:22:38.058697,existing_csv,delinquent,False,0,32218-
9260 9TH AVE JACKSONVILLE 32208-,,,2388.32,,035917-0050,2026-01-20T22:22:38.058697,existing_csv,delinquent,False,0,32208-
8523 ADDISON RD JACKSONVILLE 32208-,,,2388.93,,039691-0000,2026-01-20T22:22:38.058697,existing_csv,delinquent,False,0,32208-
8959 COMMONWEALTH AVE JACKSONVILLE 32220-,,,2390.5,,004771-0000,2026-01-20T22:22:38.058697,existing_csv,delinquent,False,0,32220-
8601 BEACH BLVD 303 JACKSONVILLE 32216-,,,2390.63,,136163-1637,2026-01-20T22:22:38.058697,existing_csv,delinquent,False,0,32216-
8829 4TH AVE JACKSONVILLE 32208-,,,2391.32,,036809-1000,2026-01-20T22:22:38.058697,existing_csv,delinquent,False,0,32208-
3921 S VICTORIA LANDING DR JACKSONVILLE 32208-,,,2391.47,,029430-1220,2026-01-20T22:22:38.058697,existing_csv,delinquent,False,0,32208-
9158 SIBBALD RD JACKSONVILLE 32208-,,,2392.7,,039928-0084,2026-01-20T22:22:38.058697,existing_csv,delinquent,False,0,32208-
7362 WILDER AVE JACKSONVILLE 32208-,,,2392.93,,033938-0000,2026-01-20T22:22:38.058697,existing_csv,delinquent,False,0,32208-
8136 W COLONNADE CT JACKSONVILLE 32244-,,,2393.1,,015716-0390,2026-01-20T22:22:38.058697,existing_csv,delinquent,False,0,32244-
5974 CHARLES D EVERS DR JACKSONVILLE 32219-,,,2393.57,,030290-0092,2026-01-20T22:22:38.058697,existing_csv,delinquent,False,0,32219-
7398 WORTHINGTON RD JACKSONVILLE 32244-,,,2394.48,,016163-0000,2026-01-20T22:22:38.058697,existing_csv,delinquent,False,0,32244-
2804 SATURN AVE JACKSONVILLE 32206-,,,2395.23,,045517-0000,2026-01-20T22:22:38.058697,existing_csv,delinquent,False,0,32206-
8829 LEM TURNER RD JACKSONVILLE 32208-,,,2395.45,,037379-0000,2026-01-20T22:22:38.058697,existing_csv,delinquent,False,0,32208-
2108 DEER RUN TRL JACKSONVILLE 32246-,,,2395.97,,165270-1254,2026-01-20T22:22:38.058697,existing_csv,delinquent,False,0,32246-
6104 STRAWFLOWER PL JACKSONVILLE 32209-,,,2398.93,,028675-0000,2026-01-20T22:22:38.059696,existing_csv,delinquent,False,0,32209-
8201 STYERS CT JACKSONVILLE 32221-,,,2399.32,,007125-0286,2026-01-20T22:22:38.059696,existing_csv,delinquent,False,0,32221-
2298 ORCHARD ST JACKSONVILLE 32209-,,,2399.46,,055977-0000,2026-01-20T22:22:38.059696,existing_csv,delinquent,False,0,32209-
12854 CREST RIDGE DR JACKSONVILLE 32258-,,,2400.03,,158762-0848,2026-01-20T22:22:38.059696,existing_csv,delinquent,False,0,32258-
4337 LEXINGTON AVE JACKSONVILLE 32210-,,,2402.07,,093503-0000,2026-01-20T22:22:38.059696,existing_csv,delinquent,False,0,32210-
5120 PEARL ST JACKSONVILLE 32208-,,,2402.54,,027591-0000,2026-01-20T22:22:38.059696,existing_csv,delinquent,False,0,32208-
7834 W DENHAM RD JACKSONVILLE 32208-,,,2402.68,,024864-0000,2026-01-20T22:22:38.059696,existing_csv,delinquent,True,2341.22,32208-
2319 EUDINE DR JACKSONVILLE 32210-,,,2406.59,,019186-0000,2026-01-20T22:22:38.059696,existing_csv,delinquent,False,0,32210-
1518 JONES RD JACKSONVILLE 32220-,,,2406.99,,004752-0020,2026-01-20T22:22:38.059696,existing_csv,delinquent,False,0,32220-
9126 GREENLEAF RD JACKSONVILLE 32208-,,,2408.18,,038530-0000,2026-01-20T22:22:38.059696,existing_csv,delinquent,False,0,32208-
4707 E MARLBORO CIR JACKSONVILLE 32206-,,,2408.54,,032072-0000,2026-01-20T22:22:38.059696,existing_csv,delinquent,False,0,32206-
5528 BOEING DR JACKSONVILLE 32207-,,,2409.61,,153701-0000,2026-01-20T22:22:38.063701,existing_csv,delinquent,False,0,32207-
3511 WESTWOOD ST JACKSONVILLE 32254-,,,2409.74,,049161-0000,2026-01-20T22:22:38.063701,existing_csv,delinquent,False,0,32254-
1804 N LOYOLA DR JACKSONVILLE 32218-,,,2410.01,,042548-0000,2026-01-20T22:22:38.063701,existing_csv,delinquent,False,0,32218-
4204 KERLE ST JACKSONVILLE 32205-,,,2410.18,,061814-0000,2026-01-20T22:22:38.063701,existing_csv,delinquent,False,0,32205-
11959 DOWLING LN JACKSONVILLE 32246-,,,2410.38,,166355-0000,2026-01-20T22:22:38.064696,existing_csv,delinquent,False,0,32246-
11348 KITTRELL LN JACKSONVILLE 32220-,,,2410.49,,001820-0035,2026-01-20T22:22:38.064696,existing_csv,delinquent,False,0,32220-
8932 7TH AVE JACKSONVILLE 32208-,,,2410.84,,036708-0000,2026-01-20T22:22:38.064696,existing_csv,delinquent,False,0,32208-
7805 SISKIN AVE JACKSONVILLE 32219-,,,2411.41,,021333-0000,2026-01-20T22:22:38.064696,existing_csv,delinquent,False,0,32219-
4568 MERRIMAC AVE JACKSONVILLE 32210-,,,2411.52,,069064-0000,2026-01-20T22:22:38.064696,existing_csv,delinquent,False,0,32210-
2514 SPIREA ST JACKSONVILLE 32209-,,,2412.68,,028386-0000,2026-01-20T22:22:38.064696,existing_csv,delinquent,False,0,32209-
921 BRANDYWINE ST JACKSONVILLE 32208-,,,2415.06,,023517-0000,2026-01-20T22:22:38.064696,existing_csv,delinquent,False,0,32208-
5114 ROANOKE BLVD JACKSONVILLE 32208-,,,2415.25,,038722-0000,2026-01-20T22:22:38.064696,existing_csv,delinquent,False,0,32208-
3540 ST NICHOLAS AVE JACKSONVILLE 32207-,,,2415.46,,125484-0000,2026-01-20T22:22:38.064696,existing_csv,delinquent,False,0,32207-
POW MIA MEMORIAL PKWY JACKSONVILLE 32221-,,,2417.21,,002151-0000,2026-01-20T22:22:38.064696,existing_csv,delinquent,False,0,32221-
11832 W DUNNS BRANCH DR JACKSONVILLE 32218-,,,2418.17,,110756-0000,2026-01-20T22:22:38.064696,existing_csv,delinquent,False,0,32218-
4826 ROCHDALE RD JACKSONVILLE 32208-,,,2419.01,,039467-0000,2026-01-20T22:22:38.064696,existing_csv,delinquent,False,0,32208-
8771 S US 301 HWY JACKSONVILLE 32234-,,,2419.99,,001296-0000,2026-01-20T22:22:38.064696,existing_csv,delinquent,False,0,32234-
V C JOHNSON RD JACKSONVILLE 32218-,,,2420.81,,019446-1770,2026-01-20T22:22:38.064696,existing_csv,delinquent,False,0,32218-
1148 CASSAT AVE JACKSONVILLE 32205-,,,2421.93,,066622-0000,2026-01-20T22:22:38.065695,existing_csv,delinquent,False,0,32205-
3671 KIRKPATRICK CIR 15-14 JACKSONVILLE 32210-,,,2422.08,,012510-0478,2026-01-20T22:22:38.065695,existing_csv,delinquent,False,0,32210-
4652 TREVI DR JACKSONVILLE 32257-,,,2425.03,,148704-1520,2026-01-20T22:22:38.065695,existing_csv,delinquent,False,0,32257-
9941 CISCO DR JACKSONVILLE 32219-,,,2425.32,,002899-0010,2026-01-20T22:22:38.065695,existing_csv,delinquent,False,0,32219-
13550 GILLESPIE AVE JACKSONVILLE 32218-,,,2425.86,,107212-0000,2026-01-20T22:22:38.065695,existing_csv,delinquent,False,0,32218-
2684 WATER BLUFF DR JACKSONVILLE 32218-,,,2429.15,,108455-0140,2026-01-20T22:22:38.065695,existing_csv,delinquent,False,0,32218-
4504 WILLIAMSBURG AVE JACKSONVILLE 32208-,,,2431.18,,038268-0000,2026-01-20T22:22:38.065695,existing_csv,delinquent,False,0,32208-
4801 WINDRUSH LN A2A JACKSONVILLE 32217-,,,2431.46,,148320-0516,2026-01-20T22:22:38.065695,existing_csv,delinquent,False,0,32217-
5020 PRINCELY AVE JACKSONVILLE 32208-,,,2431.8,,038132-0000,2026-01-20T22:22:38.065695,existing_csv,delinquent,False,0,32208-
257 BEALL AVE JACKSONVILLE 32218-2819,,,2431.94,,107288-0000,2026-01-20T22:22:38.065695,existing_csv,delinquent,False,0,32218-2819
220 E 17TH ST JACKSONVILLE 32206-,,,2433.24,,044791-0000,2026-01-20T22:22:38.065695,existing_csv,delinquent,False,0,32206-
8524 BRAZIL RD JACKSONVILLE 32208-,,,2434.01,,039759-0000,2026-01-20T22:22:38.065695,existing_csv,delinquent,False,0,32208-
7920 MERRILL RD 1014 JACKSONVILLE 32277-,,,2434.79,,120609-2476,2026-01-20T22:22:38.065695,existing_csv,delinquent,False,0,32277-
3120 STUART ST JACKSONVILLE 32209-,,,2435.73,,084389-0000,2026-01-20T22:22:38.065695,existing_csv,delinquent,False,0,32209-
7649 ALTON AVE JACKSONVILLE 32211-,,,2437.96,,144828-0000,2026-01-20T22:22:38.065695,existing_csv,delinquent,False,0,32211-
2743 LANSDOWNE DR JACKSONVILLE 32211-,,,2439.18,,118765-0000,2026-01-20T22:22:38.065695,existing_csv,delinquent,False,0,32211-
1569 N PEACHTREE CIR JACKSONVILLE 32207-,,,2439.79,,099972-0000,2026-01-20T22:22:38.065695,existing_csv,delinquent,False,0,32207-
E ADAMS ST JACKSONVILLE 32202-,,,2440.44,,073440-0050,2026-01-20T22:22:38.065695,existing_csv,delinquent,False,0,32202-
7894 TORY CIR JACKSONVILLE 32208-,,,2443.82,,022506-0000,2026-01-20T22:22:38.065695,existing_csv,delinquent,False,0,32208-
5040 DONNYBROOK AVE JACKSONVILLE 32208-,,,2443.94,,038179-0000,2026-01-20T22:22:38.065695,existing_csv,delinquent,False,0,32208-
1331 W 30TH ST JACKSONVILLE 32209-,,,2445.72,,088498-0000,2026-01-20T22:22:38.065695,existing_csv,delinquent,False,0,32209-
243 W 7TH ST JACKSONVILLE 32206-,,,2446.12,,071570-0000,2026-01-20T22:22:38.065695,existing_csv,delinquent,False,0,32206-
8965 9TH AVE JACKSONVILLE 32208-,,,2447.18,,036700-0000,2026-01-20T22:22:38.065695,existing_csv,delinquent,False,0,32208-
6659 VAN GUNDY RD JACKSONVILLE 32208-,,,2448.58,,025262-0000,2026-01-20T22:22:38.065695,existing_csv,delinquent,False,0,32208-
4740 GUY ST JACKSONVILLE 32207-,,,2450.89,,147588-0000,2026-01-20T22:22:38.065695,existing_csv,delinquent,False,0,32207-
1914 W 44TH ST JACKSONVILLE 32209-,,,2453.23,,030066-0000,2026-01-20T22:22:38.065695,existing_csv,delinquent,False,0,32209-
5834 POITIER DR JACKSONVILLE 32209-,,,2453.91,,031032-0000,2026-01-20T22:22:38.065695,existing_csv,delinquent,False,0,32209-
126 E 45TH ST JACKSONVILLE 32208-,,,2455.41,,031498-0000,2026-01-20T22:22:38.065695,existing_csv,delinquent,False,0,32208-
13431 GILLESPIE AVE JACKSONVILLE 32218-,,,2455.61,,107170-0000,2026-01-20T22:22:38.065695,existing_csv,delinquent,False,0,32218-
6114 TUSCONY CIR JACKSONVILLE 32277-,,,2455.93,,108964-0556,2026-01-20T22:22:38.065695,existing_csv,delinquent,False,0,32277-
791 ASSISI LN 1007 JACKSONVILLE 32233-,,,2456.84,,169385-1138,2026-01-20T22:22:38.066700,existing_csv,delinquent,False,0,32233-
8934 SAN RAE RD JACKSONVILLE 32257-,,,2459.73,,149265-0010,2026-01-20T22:22:38.066700,existing_csv,delinquent,False,0,32257-
3524 N ARDISIA RD JACKSONVILLE 32209-,,,2460.1,,028328-0000,2026-01-20T22:22:38.066700,existing_csv,delinquent,False,0,32209-
9826 W CARBONDALE DR JACKSONVILLE 32208-,,,2461.25,,032120-0000,2026-01-20T22:22:38.066700,existing_csv,delinquent,False,0,32208-
220 E 16TH ST JACKSONVILLE 32206-,,,2462.55,,044864-0000,2026-01-20T22:22:38.066700,existing_csv,delinquent,False,0,32206-
1109 LAKE SHORE BLVD JACKSONVILLE 32205-,,,2465.26,,067852-0000,2026-01-20T22:22:38.066700,existing_csv,delinquent,False,0,32205-
543 W 19TH ST JACKSONVILLE 32206-,,,2465.33,,045056-0000,2026-01-20T22:22:38.066700,existing_csv,delinquent,False,0,32206-
775 MAMIE RD JACKSONVILLE 32205-,,,2466.4,,060012-0000,2026-01-20T22:22:38.066700,existing_csv,delinquent,False,0,32205-
5136 TROUT RIVER BLVD JACKSONVILLE 32208-,,,2467.92,,029851-0000,2026-01-20T22:22:38.066700,existing_csv,delinquent,False,0,32208-
1028 ANTISDALE ST JACKSONVILLE 32205-,,,2468.06,,079084-0000,2026-01-20T22:22:38.066700,existing_csv,delinquent,False,0,32205-
1117 MAPLE AVE JACKSONVILLE 32220-,,,2468.55,,006366-0140,2026-01-20T22:22:38.066700,existing_csv,delinquent,False,0,32220-
4355 BALTIC ST JACKSONVILLE 32210-,,,2468.66,,101800-0000,2026-01-20T22:22:38.066700,existing_csv,delinquent,False,0,32210-
1757 PALMDALE ST JACKSONVILLE 32208-,,,2469.64,,025858-0000,2026-01-20T22:22:38.066700,existing_csv,delinquent,False,0,32208-
8375 GULLEGE DR JACKSONVILLE 32219-,,,2470.03,,041916-0400,2026-01-20T22:22:38.066700,existing_csv,delinquent,False,0,32219-
5151 PLAYPEN DR 7-15 JACKSONVILLE 32210-,,,2470.38,,013830-1128,2026-01-20T22:22:38.066700,existing_csv,delinquent,False,0,32210-
3203 RHONE DR JACKSONVILLE 32208-,,,2470.67,,025273-0000,2026-01-20T22:22:38.066700,existing_csv,delinquent,False,0,32208-
3207 BRIDIER ST JACKSONVILLE 32206-,,,2471.4,,132597-0000,2026-01-20T22:22:38.066700,existing_csv,delinquent,False,0,32206-
11442 SQUIRE WAY LN JACKSONVILLE 32223-,,,2472.18,,156130-0338,2026-01-20T22:22:38.066700,existing_csv,delinquent,False,0,32223-
7932 DALE CT JACKSONVILLE 32208-,,,2472.37,,027020-0000,2026-01-20T22:22:38.066700,existing_csv,delinquent,False,0,32208-
8618 W SAMONA DR JACKSONVILLE 32208-,,,2472.48,,039575-0000,2026-01-20T22:22:38.066700,existing_csv,delinquent,False,0,32208-
2738 ROGERO RD JACKSONVILLE 32211-,,,2474.47,,118187-0000,2026-01-20T22:22:38.066700,existing_csv,delinquent,False,0,32211-
66 COLEMAN BLVD BALDWIN 32234-,,,2475.48,,000279-0000,2026-01-20T22:22:38.066700,existing_csv,delinquent,False,0,32234-
8920 GREENLEAF RD JACKSONVILLE 32208-,,,2475.88,,038517-0000,2026-01-20T22:22:38.066700,existing_csv,delinquent,False,0,32208-
2134 KINGS RD JACKSONVILLE 32209-,,,2476.17,,047336-0000,2026-01-20T22:22:38.066700,existing_csv,delinquent,False,0,32209-
6718 CORDAY CT JACKSONVILLE 32208-,,,2476.94,,025515-0000,2026-01-20T22:22:38.067696,existing_csv,delinquent,False,0,32208-
9240 CASTLE BLVD JACKSONVILLE 32208-,,,2479.5,,038447-0000,2026-01-20T22:22:38.067696,existing_csv,delinquent,False,0,32208-
4305 CLYDE DR JACKSONVILLE 32208-,,,2480.89,,039849-0000,2026-01-20T22:22:38.067696,existing_csv,delinquent,False,0,32208-
541 WOODBINE ST JACKSONVILLE 32206-,,,2481.76,,088022-0000,2026-01-20T22:22:38.067696,existing_csv,delinquent,False,0,32206-
7126 ELWOOD AVE JACKSONVILLE 32208-,,,2482.49,,035485-0000,2026-01-20T22:22:38.067696,existing_csv,delinquent,False,0,32208-
3414 BROOKHAVEN DR JACKSONVILLE 32254-,,,2486.36,,059051-0000,2026-01-20T22:22:38.067696,existing_csv,delinquent,False,0,32254-
7406 S BOWDEN CIR JACKSONVILLE 32216-,,,2486.42,,154362-0000,2026-01-20T22:22:38.067696,existing_csv,delinquent,False,0,32216-
9148 RIDGE BLVD JACKSONVILLE 32208-,,,2488.09,,029378-0100,2026-01-20T22:22:38.067696,existing_csv,delinquent,False,0,32208-
9232 NORFOLK BLVD JACKSONVILLE 32208-,,,2488.62,,037976-0000,2026-01-20T22:22:38.067696,existing_csv,delinquent,False,0,32208-
5727 HAVEN RD JACKSONVILLE 32216-,,,2488.67,,153135-0000,2026-01-20T22:22:38.067696,existing_csv,delinquent,False,0,32216-
9519 EVESHAM RD JACKSONVILLE 32208-,,,2488.77,,038907-0000,2026-01-20T22:22:38.067696,existing_csv,delinquent,False,0,32208-
4340 WILL SCARLET RD JACKSONVILLE 32208-,,,2489.23,,039408-0472,2026-01-20T22:22:38.067696,existing_csv,delinquent,False,0,32208-
3204 S SUNNYBROOK AVE JACKSONVILLE 32254-,,,2493.98,,057566-0000,2026-01-20T22:22:38.067696,existing_csv,delinquent,False,0,32254-
9247 WAYNESBORO AVE JACKSONVILLE 32208-,,,2494.07,,037766-0000,2026-01-20T22:22:38.067696,existing_csv,delinquent,False,0,32208-
11541 N WILLET CT JACKSONVILLE 32225-,,,2497.43,,162106-6030,2026-01-20T22:22:38.067696,existing_csv,delinquent,False,0,32225-
7446 CARRIAGE SIDE CT JACKSONVILLE 32256-,,,2498.37,,147984-0260,2026-01-20T22:22:38.067696,existing_csv,delinquent,False,0,32256-
8317 TUBMAN CT JACKSONVILLE 32219-,,,2498.42,,040067-5010,2026-01-20T22:22:38.067696,existing_csv,delinquent,False,0,32219-
2971 PHYLLIS ST JACKSONVILLE 32205-,,,2500.51,,063382-0100,2026-01-20T22:22:38.067696,existing_csv,delinquent,False,0,32205-
7319 SHINDLER DR L-7 JACKSONVILLE 32222-,,,2501.35,,016158-0000,2026-01-20T22:22:38.067696,existing_csv,delinquent,False,0,32222-
CLYDE DR JACKSONVILLE 32208-,,,2501.73,,036333-0100,2026-01-20T22:22:38.067696,existing_csv,delinquent,False,0,32208-
5956 S LANE CIR JACKSONVILLE 32254-,,,2502.13,,004914-0010,2026-01-20T22:22:38.067696,existing_csv,delinquent,False,0,32254-
5659 PINEHILL LN JACKSONVILLE 32244-,,,2502.16,,099134-1942,2026-01-20T22:22:38.067696,existing_csv,delinquent,False,0,32244-
6740 KINLOCK DR JACKSONVILLE 32219-,,,2502.48,,041841-0000,2026-01-20T22:22:38.067696,existing_csv,delinquent,False,0,32219-
444 E 2ND ST JACKSONVILLE 32206-,,,2503.36,,072706-0000,2026-01-20T22:22:38.067696,existing_csv,delinquent,False,0,32206-
7271 ELWOOD AVE JACKSONVILLE 32208-,,,2504.69,,035685-0000,2026-01-20T22:22:38.067696,existing_csv,delinquent,False,0,32208-
15750 CHEROKEE HAMMOCK LN JACKSONVILLE 32226-,,,2506.23,,159681-0325,2026-01-20T22:22:38.067696,existing_csv,delinquent,False,0,32226-
5930 MARTIN LUTHER KING DR JACKSONVILLE 32219-,,,2506.79,,030290-0180,2026-01-20T22:22:38.067696,existing_csv,delinquent,False,0,32219-
10110 ALLENE RD JACKSONVILLE 32219-,,,2508.74,,021183-0500,2026-01-20T22:22:38.067696,existing_csv,delinquent,False,0,32219-
2561 PHLOX ST JACKSONVILLE 32209-,,,2512.49,,028121-0000,2026-01-20T22:22:38.067696,existing_csv,delinquent,False,0,32209-
10332 LAWSON RD JACKSONVILLE 32246-,,,2512.53,,164470-0000,2026-01-20T22:22:38.067696,existing_csv,delinquent,False,0,32246-
270 E 45TH ST JACKSONVILLE 32208-,,,2513.65,,031509-0020,2026-01-20T22:22:38.067696,existing_csv,delinquent,False,0,32208-
9346 SIBBALD RD JACKSONVILLE 32208-,,,2515.4,,041916-0530,2026-01-20T22:22:38.068692,existing_csv,delinquent,False,0,32208-
7234 RICKER RD JACKSONVILLE 32244-,,,2515.49,,016030-0020,2026-01-20T22:22:38.068692,existing_csv,delinquent,False,0,32244-
4235 CARROLL RD JACKSONVILLE 32209-,,,2516.8,,031226-0000,2026-01-20T22:22:38.068692,existing_csv,delinquent,False,0,32209-
10318 LEM TURNER RD JACKSONVILLE 32218-,,,2516.94,,021068-0010,2026-01-20T22:22:38.068692,existing_csv,delinquent,False,0,32218-
3884 STARRATT RD JACKSONVILLE 32226-,,,2517.86,,108092-0150,2026-01-20T22:22:38.068692,existing_csv,delinquent,False,0,32226-
2135 KINGS RD JACKSONVILLE 32209-,,,2518.2,,052492-0000,2026-01-20T22:22:38.068692,existing_csv,delinquent,False,0,32209-
7124 S GAILLARDIA RD JACKSONVILLE 32211-,,,2518.49,,118564-0000,2026-01-20T22:22:38.068692,existing_csv,delinquent,False,0,32211-
477 N CELERY AVE JACKSONVILLE 32220-,,,2519.3,,006546-0000,2026-01-20T22:22:38.068692,existing_csv,delinquent,False,0,32220-
5328 ARROWSMITH RD JACKSONVILLE 32208-,,,2520.23,,039086-0000,2026-01-20T22:22:38.068692,existing_csv,delinquent,False,0,32208-
848 RUSHING ST JACKSONVILLE 32209-,,,2520.4,,076051-0000,2026-01-20T22:22:38.068692,existing_csv,delinquent,False,0,32209-
8106 S PATOU DR JACKSONVILLE 32210-,,,2525.54,,010065-0000,2026-01-20T22:22:38.068692,existing_csv,delinquent,False,0,32210-
S LANE AVE JACKSONVILLE 32210-,,,2528.54,,018922-0000,2026-01-20T22:22:38.068692,existing_csv,delinquent,False,0,32210-
4006 OLD ST AUGUSTINE RD JACKSONVILLE 32207-,,,2530.17,,069789-0000,2026-01-20T22:22:38.068692,existing_csv,delinquent,False,0,32207-
825 SUPERIOR ST JACKSONVILLE 32254-,,,2531.42,,056723-0000,2026-01-20T22:22:38.068692,existing_csv,delinquent,False,0,32254-
7639 GAINESVILLE AVE JACKSONVILLE 32208-,,,2532.46,,027035-0000,2026-01-20T22:22:38.068692,existing_csv,delinquent,False,0,32208-
451 BASSWOOD ST JACKSONVILLE 32206-,,,2532.72,,087950-0000,2026-01-20T22:22:38.068692,existing_csv,delinquent,False,0,32206-
4646 ALPHA AVE JACKSONVILLE 32205-,,,2532.97,,065788-0000,2026-01-20T22:22:38.068692,existing_csv,delinquent,False,0,32205-
9524 FLECHETTE AVE JACKSONVILLE 32208-,,,2534.64,,038809-0000,2026-01-20T22:22:38.068692,existing_csv,delinquent,False,0,32208-
1543 BROOK FOREST DR JACKSONVILLE 32208-,,,2536.45,,032711-4605,2026-01-20T22:22:38.068692,existing_csv,delinquent,False,0,32208-
4824 AMOS ST JACKSONVILLE 32209-,,,2537.16,,030338-0000,2026-01-20T22:22:38.068692,existing_csv,delinquent,False,0,32209-
8550 TOUCHTON RD 716 JACKSONVILLE 32216-,,,2537.96,,154166-5274,2026-01-20T22:22:38.068692,existing_csv,delinquent,False,0,32216-
W BEAVER ST JACKSONVILLE 32254-,,,2540.53,,058939-0115,2026-01-20T22:22:38.068692,existing_csv,delinquent,False,0,32254-
6365 WOODMAN DR JACKSONVILLE 32244-,,,2542.38,,105506-0000,2026-01-20T22:22:38.068692,existing_csv,delinquent,False,0,32244-
11595 EAST RIDE DR JACKSONVILLE 32223-,,,2543.16,,158926-0682,2026-01-20T22:22:38.068692,existing_csv,delinquent,False,0,32223-
5218 OLD KINGS RD JACKSONVILLE 32254-,,,2543.95,,042205-0000,2026-01-20T22:22:38.068692,existing_csv,delinquent,False,0,32254-
2837 W SYNHOFF DR JACKSONVILLE 32216-,,,2544.93,,154513-0000,2026-01-20T22:22:38.068692,existing_csv,delinquent,False,0,32216-
3462 BETZ LANDING DR JACKSONVILLE 32226-,,,2546.89,,109059-0035,2026-01-20T22:22:38.068692,existing_csv,delinquent,False,0,32226-
8096 DELAROCHE DR JACKSONVILLE 32210-,,,2548.91,,010136-0000,2026-01-20T22:22:38.068692,existing_csv,delinquent,False,0,32210-
9821 PRIORY AVE JACKSONVILLE 32208-,,,2549.63,,039196-0000,2026-01-20T22:22:38.068692,existing_csv,delinquent,False,0,32208-
617 N MCDUFF AVE JACKSONVILLE 32254-,,,2549.64,,056117-0000,2026-01-20T22:22:38.068692,existing_csv,delinquent,False,0,32254-
2129 HUGH EDWARDS DR JACKSONVILLE 32210-,,,2551.08,,018135-0000,2026-01-20T22:22:38.068692,existing_csv,delinquent,False,0,32210-
4033 BLANDING BLVD JACKSONVILLE 32210-,,,2552.57,,102998-0000,2026-01-20T22:22:38.069691,existing_csv,delinquent,False,0,32210-
2927 W 1ST ST JACKSONVILLE 32254-,,,2554.27,,049667-0005,2026-01-20T22:22:38.069691,existing_csv,delinquent,False,0,32254-
3522 NANCY ST JACKSONVILLE 32209-,,,2554.43,,047908-0080,2026-01-20T22:22:38.069691,existing_csv,delinquent,False,0,32209-
5865 110TH ST JACKSONVILLE 32244-,,,2554.77,,098000-0000,2026-01-20T22:22:38.069691,existing_csv,delinquent,False,0,32244-
8454 S LAKE MARIETTA DR JACKSONVILLE 32220-,,,2559.5,,006223-0270,2026-01-20T22:22:38.069691,existing_csv,delinquent,False,0,32220-
2478 WHISPERING WOODS BLVD 2 JACKSONVILLE 32246-,,,2560.31,,165289-3090,2026-01-20T22:22:38.069691,existing_csv,delinquent,False,0,32246-
1775 DEBUTANTE DR JACKSONVILLE 32246-,,,2560.75,,164709-0000,2026-01-20T22:22:38.069691,existing_csv,delinquent,False,0,32246-
4416 DETAILLE DR JACKSONVILLE 32209-,,,2561.42,,041176-0000,2026-01-20T22:22:38.069691,existing_csv,delinquent,False,0,32209-
869 SUPERIOR ST JACKSONVILLE 32254-,,,2562.47,,056818-0000,2026-01-20T22:22:38.069691,existing_csv,delinquent,False,0,32254-
2319 EUDINE DR JACKSONVILLE 32210-,,,2564.13,,019186-0000,2026-01-20T22:22:38.069691,existing_csv,delinquent,False,0,32210-
1868 VISTA AVE JACKSONVILLE 32210-,,,2564.74,,068429-0000,2026-01-20T22:22:38.069691,existing_csv,delinquent,False,0,32210-
1102 W 13TH ST JACKSONVILLE 32209-,,,2564.93,,053675-0000,2026-01-20T22:22:38.069691,existing_csv,delinquent,False,0,32209-
1334 E HOLLYHOCK CIR B JACKSONVILLE 32211-,,,2565.09,,141118-0020,2026-01-20T22:22:38.069691,existing_csv,delinquent,False,0,32211-
7515 MCCOWAN DR JACKSONVILLE 32244-,,,2567.33,,098926-1066,2026-01-20T22:22:38.069691,existing_csv,delinquent,False,0,32244-
2980 PHYLLIS ST JACKSONVILLE 32205-,,,2570.43,,063431-0000,2026-01-20T22:22:38.069691,existing_csv,delinquent,False,0,32205-
8236 NUSSBAUM DR JACKSONVILLE 32210-,,,2571.62,,013220-0020,2026-01-20T22:22:38.069691,existing_csv,delinquent,False,0,32210-
1456 W 20TH ST JACKSONVILLE 32209-,,,2573.42,,045985-0000,2026-01-20T22:22:38.069691,existing_csv,delinquent,False,0,32209-
OAK LANDINGS DR JACKSONVILLE 32225-,,,2573.48,,160663-1210,2026-01-20T22:22:38.069691,existing_csv,delinquent,False,0,32225-
1589 RUTLEDGE AVE JACKSONVILLE 32208-,,,2573.7,,026291-0000,2026-01-20T22:22:38.069691,existing_csv,delinquent,False,0,32208-
1227 ROGERO RD JACKSONVILLE 32211-,,,2574.24,,141558-0000,2026-01-20T22:22:38.069691,existing_csv,delinquent,False,0,32211-
5026 ASTRAL ST JACKSONVILLE 32205-,,,2574.36,,059760-0000,2026-01-20T22:22:38.069691,existing_csv,delinquent,False,0,32205-
7062 CHESHIRE CAT CT JACKSONVILLE 32210-,,,2574.91,,018713-0000,2026-01-20T22:22:38.069691,existing_csv,delinquent,False,0,32210-
2554 SOUTEL DR JACKSONVILLE 32208-,,,2574.97,,035948-0000,2026-01-20T22:22:38.069691,existing_csv,delinquent,False,0,32208-
4104 ANVERS BLVD JACKSONVILLE 32210-,,,2575.47,,016605-0000,2026-01-20T22:22:38.069691,existing_csv,delinquent,False,0,32210-
7426 RICHARDSON HEIGHTS PL JACKSONVILLE 32209-,,,2576.7,,041583-0000,2026-01-20T22:22:38.069691,existing_csv,delinquent,False,0,32209-
3115 N EDGEWOOD AVE 1 JACKSONVILLE 32254-,,,2578.95,,083869-0000,2026-01-20T22:22:38.069691,existing_csv,delinquent,False,0,32254-
7920 MERRILL RD 808 JACKSONVILLE 32277-,,,2579.54,,120609-2364,2026-01-20T22:22:38.069691,existing_csv,delinquent,False,0,32277-
6539 KINLOCK DR JACKSONVILLE 32219-,,,2581.15,,041007-0000,2026-01-20T22:22:38.069691,existing_csv,delinquent,False,0,32219-
6416 MITFORD RD JACKSONVILLE 32210-,,,2584.12,,016558-0000,2026-01-20T22:22:38.069691,existing_csv,delinquent,False,0,32210-
3329 WALLER ST JACKSONVILLE 32254-,,,2584.13,,060856-0000,2026-01-20T22:22:38.069691,existing_csv,delinquent,False,0,32254-
9104 SPOTTSWOOD RD JACKSONVILLE 32208-,,,2584.37,,038312-0000,2026-01-20T22:22:38.069691,existing_csv,delinquent,False,0,32208-
3318 FITZGERALD ST JACKSONVILLE 32254-,,,2585.47,,057187-0000,2026-01-20T22:22:38.069691,existing_csv,delinquent,False,0,32254-
832 S HALSEMA RD JACKSONVILLE 32221-,,,2585.93,,001926-0010,2026-01-20T22:22:38.069691,existing_csv,delinquent,False,0,32221-
6923 WELLAND RD JACKSONVILLE 32209-,,,2585.97,,042177-0044,2026-01-20T22:22:38.069691,existing_csv,delinquent,False,0,32209-
7812 SISKIN AVE JACKSONVILLE 32219-,,,2586.46,,021334-0010,2026-01-20T22:22:38.069691,existing_csv,delinquent,False,0,32219-
4920 ARROWSMITH RD JACKSONVILLE 32208-,,,2588.69,,039107-0000,2026-01-20T22:22:38.069691,existing_csv,delinquent,False,0,32208-
6561 ALVIN RD JACKSONVILLE 32222-,,,2590.98,,015496-1100,2026-01-20T22:22:38.069691,existing_csv,delinquent,False,0,32222-
7652 CONTOUR DR JACKSONVILLE 32221-,,,2591.1,,007283-0000,2026-01-20T22:22:38.070690,existing_csv,delinquent,False,0,32221-
6518 CHAMPLAIN RD JACKSONVILLE 32208-,,,2593.12,,025788-0000,2026-01-20T22:22:38.070690,existing_csv,delinquent,False,0,32208-
5203 CALIFORNIA AVE JACKSONVILLE 32210-,,,2595.36,,013385-1000,2026-01-20T22:22:38.070690,existing_csv,delinquent,False,0,32210-
14945 N MAIN ST JACKSONVILLE 32218-,,,2595.64,,108356-0020,2026-01-20T22:22:38.070690,existing_csv,delinquent,False,0,32218-
3619 ERNEST ST JACKSONVILLE 32205-,,,2595.88,,060471-0000,2026-01-20T22:22:38.070690,existing_csv,delinquent,False,0,32205-
2199 BENEDICT RD JACKSONVILLE 32209-,,,2596.68,,086216-0000,2026-01-20T22:22:38.070690,existing_csv,delinquent,False,0,32209-
1923 HUBBARD ST JACKSONVILLE 32206-,,,2596.72,,071913-0000,2026-01-20T22:22:38.070690,existing_csv,delinquent,False,0,32206-
1932 PEARL PL JACKSONVILLE 32206-,,,2596.8,,072043-0000,2026-01-20T22:22:38.070690,existing_csv,delinquent,False,0,32206-
7561 SONIA DR JACKSONVILLE 32244-,,,2597.56,,016020-0000,2026-01-20T22:22:38.070690,existing_csv,delinquent,False,0,32244-
6018 EDGEFIELD DR JACKSONVILLE 32205-,,,2601.16,,066751-0000,2026-01-20T22:22:38.070690,existing_csv,delinquent,False,0,32205-
3804 TROUT RIVER BLVD JACKSONVILLE 32208-,,,2601.98,,029305-0020,2026-01-20T22:22:38.070690,existing_csv,delinquent,False,0,32208-
3306 GREENFIELD BLVD JACKSONVILLE 32216-,,,2602.35,,154937-0000,2026-01-20T22:22:38.070690,existing_csv,delinquent,False,0,32216-
12289 AMANDA COVE TRL JACKSONVILLE 32225-,,,2604.22,,162223-1820,2026-01-20T22:22:38.070690,existing_csv,delinquent,False,0,32225-
HENDERSON RD JACKSONVILLE 32254-,,,2607.39,,007442-0010,2026-01-20T22:22:38.070690,existing_csv,delinquent,False,0,32254-
3850 HERSCHEL ST JACKSONVILLE 32205-,,,2608.9,,092797-0000,2026-01-20T22:22:38.070690,existing_csv,delinquent,False,0,32205-
4304 HOMER RD JACKSONVILLE 32209-,,,2609.71,,041663-0000,2026-01-20T22:22:38.070690,existing_csv,delinquent,False,0,32209-
5230 FREDERICKSBURG AVE JACKSONVILLE 32208-,,,2610.61,,038381-0000,2026-01-20T22:22:38.070690,existing_csv,delinquent,False,0,32208-
1415 BRANDEMERE CT JACKSONVILLE 32211-,,,2611.74,,141584-0000,2026-01-20T22:22:38.070690,existing_csv,delinquent,False,0,32211-
1431 E 28TH ST JACKSONVILLE 32206-,,,2612.7,,132581-0000,2026-01-20T22:22:38.071692,existing_csv,delinquent,False,0,32206-
9364 SIBBALD RD JACKSONVILLE 32208-,,,2615.29,,041916-0545,2026-01-20T22:22:38.071692,existing_csv,delinquent,False,0,32208-
10421 W OSPREY NEST DR JACKSONVILLE 32257-,,,2615.55,,155674-5244,2026-01-20T22:22:38.071692,existing_csv,delinquent,False,0,32257-
7100 CYPRESS COVE RD 56 JACKSONVILLE 32244-,,,2616.22,,099011-5113,2026-01-20T22:22:38.071692,existing_csv,delinquent,False,0,32244-
3801 CROWN POINT RD 1333 JACKSONVILLE 32257-,,,2617.92,,149016-7914,2026-01-20T22:22:38.071692,existing_csv,delinquent,False,0,32257-
1452 MYRTLE AVE JACKSONVILLE 32209-,,,2617.93,,052934-0000,2026-01-20T22:22:38.071692,existing_csv,delinquent,False,0,32209-
1312 E 26TH ST JACKSONVILLE 32206-,,,2618.28,,132719-0000,2026-01-20T22:22:38.071692,existing_csv,delinquent,False,0,32206-
3235 BROADWAY AVE JACKSONVILLE 32254-,,,2619.53,,058245-0000,2026-01-20T22:22:38.071692,existing_csv,delinquent,False,0,32254-
1534 CLARK ST JACKSONVILLE 32206-,,,2620.16,,072372-0000,2026-01-20T22:22:38.071692,existing_csv,delinquent,False,0,32206-
7932 FALCON ST JACKSONVILLE 32244-,,,2620.77,,097061-0000,2026-01-20T22:22:38.071692,existing_csv,delinquent,False,0,32244-
3722 ROSEMARY ST JACKSONVILLE 32207-,,,2620.86,,070232-0000,2026-01-20T22:22:38.071692,existing_csv,delinquent,False,0,32207-
3304 LENOX AVE JACKSONVILLE 32254-,,,2621.52,,060842-0000,2026-01-20T22:22:38.071692,existing_csv,delinquent,False,0,32254-
5923 W JAGUAR DR JACKSONVILLE 32244-,,,2621.63,,097343-0000,2026-01-20T22:22:38.071692,existing_csv,delinquent,False,0,32244-
5316 S DOSTIE DR JACKSONVILLE 32209-,,,2622.15,,042017-0000,2026-01-20T22:22:38.071692,existing_csv,delinquent,False,0,32209-
8601 BEACH BLVD 306 JACKSONVILLE 32216-,,,2623.39,,136163-1652,2026-01-20T22:22:38.071692,existing_csv,delinquent,False,0,32216-
412 PHELPS ST JACKSONVILLE 32206-,,,2625.59,,122842-0010,2026-01-20T22:22:38.071692,existing_csv,delinquent,False,0,32206-
1622 WOFFORD AVE JACKSONVILLE 32218-,,,2625.84,,042568-0000,2026-01-20T22:22:38.071692,existing_csv,delinquent,False,0,32218-
9504 SIBBALD RD JACKSONVILLE 32208-,,,2626.1,,041916-0595,2026-01-20T22:22:38.071692,existing_csv,delinquent,False,0,32208-
8880 S OLD KINGS RD 92 JACKSONVILLE 32257-,,,2629.2,,148657-1686,2026-01-20T22:22:38.071692,existing_csv,delinquent,False,0,32257-
6023 GREENLAND RD JACKSONVILLE 32258-,,,2629.26,,156762-0000,2026-01-20T22:22:38.071692,existing_csv,delinquent,False,0,32258-
3149 GILMORE ST JACKSONVILLE 32205-,,,2629.77,,063507-0000,2026-01-20T22:22:38.071692,existing_csv,delinquent,False,0,32205-
7671 LAS PALMAS WAY 206 JACKSONVILLE 32256-,,,2630.54,,148521-0206,2026-01-20T22:22:38.071692,existing_csv,delinquent,False,0,32256-
5239 ARCHERY AVE JACKSONVILLE 32208-,,,2631.13,,038395-0000,2026-01-20T22:22:38.071692,existing_csv,delinquent,False,0,32208-
13204 PEACEFUL RD JACKSONVILLE 32226-,,,2632.65,,106432-0010,2026-01-20T22:22:38.071692,existing_csv,delinquent,False,0,32226-
1545 N PEARL ST JACKSONVILLE 32206-,,,2634.24,,071182-0000,2026-01-20T22:22:38.071692,existing_csv,delinquent,False,0,32206-
6925 CARTIER CIR JACKSONVILLE 32208-,,,2634.88,,025364-0000,2026-01-20T22:22:38.071692,existing_csv,delinquent,False,0,32208-
5944 CHARLES D EVERS DR JACKSONVILLE 32219-,,,2635.07,,030290-0085,2026-01-20T22:22:38.071692,existing_csv,delinquent,False,0,32219-
725 LOCUST ST JACKSONVILLE 32205-,,,2635.26,,063884-0000,2026-01-20T22:22:38.072689,existing_csv,delinquent,False,0,32205-
9248 2ND AVE JACKSONVILLE 32208-,,,2636.6,,036501-0000,2026-01-20T22:22:38.072689,existing_csv,delinquent,False,0,32208-
8415 E SOPHIST CIR JACKSONVILLE 32219-,,,2638.04,,041916-0110,2026-01-20T22:22:38.072689,existing_csv,delinquent,False,0,32219-
7847 RENAULT DR JACKSONVILLE 32244-,,,2638.49,,097039-0000,2026-01-20T22:22:38.072689,existing_csv,delinquent,False,0,32244-
2115 BURGOYNE DR JACKSONVILLE 32208-,,,2640.21,,025988-0000,2026-01-20T22:22:38.072689,existing_csv,delinquent,False,0,32208-
7765 PICKETT ST JACKSONVILLE 32208-,,,2640.26,,026641-0010,2026-01-20T22:22:38.072689,existing_csv,delinquent,False,0,32208-
1615 MELSON AVE JACKSONVILLE 32254-,,,2641.83,,049974-0000,2026-01-20T22:22:38.072689,existing_csv,delinquent,False,0,32254-
7563 BRETT FOREST DR JACKSONVILLE 32222-,,,2642.07,,016272-0060,2026-01-20T22:22:38.072689,existing_csv,delinquent,False,0,32222-
2344 HARPER ST JACKSONVILLE 32204-,,,2643.76,,077675-0000,2026-01-20T22:22:38.072689,existing_csv,delinquent,False,0,32204-
7936 DELAROCHE DR JACKSONVILLE 32210-,,,2644.13,,009676-0000,2026-01-20T22:22:38.072689,existing_csv,delinquent,False,0,32210-
210 E 16TH ST JACKSONVILLE 32206-,,,2645.55,,044861-0000,2026-01-20T22:22:38.072689,existing_csv,delinquent,False,0,32206-
5548 SEABOARD AVE JACKSONVILLE 32244-,,,2646.03,,103756-0000,2026-01-20T22:22:38.072689,existing_csv,delinquent,False,0,32244-
1823 CALJON RD JACKSONVILLE 32207-,,,2647.54,,069796-0010,2026-01-20T22:22:38.072689,existing_csv,delinquent,False,0,32207-
15738 E NORTHSIDE DR JACKSONVILLE 32218-,,,2650.67,,108235-0200,2026-01-20T22:22:38.072689,existing_csv,delinquent,False,0,32218-
369 GREENCASTLE RD 75 JACKSONVILLE 32225-,,,2651.2,,162883-0152,2026-01-20T22:22:38.072689,existing_csv,delinquent,False,0,32225-
3434 BLANDING BLVD 213 JACKSONVILLE 32210-,,,2653.93,,104631-2150,2026-01-20T22:22:38.073689,existing_csv,delinquent,False,0,32210-
7542 E JOHN F KENNEDY DR JACKSONVILLE 32219-,,,2654.36,,030290-0234,2026-01-20T22:22:38.073689,existing_csv,delinquent,False,0,32219-
2211 BAYVIEW RD JACKSONVILLE 32210-,,,2655.18,,094676-0000,2026-01-20T22:22:38.073689,existing_csv,delinquent,False,0,32210-
4307 N TRENTON DR JACKSONVILLE 32209-,,,2656.16,,041245-0000,2026-01-20T22:22:38.073689,existing_csv,delinquent,False,0,32209-
6795 KINLOCK DR JACKSONVILLE 32219-,,,2657.3,,041860-0000,2026-01-20T22:22:38.073689,existing_csv,delinquent,False,0,32219-
12700 BARTRAM PARK BLVD 2432 JACKSONVILLE 32258-,,,2659.28,,158763-0748,2026-01-20T22:22:38.073689,existing_csv,delinquent,False,0,32258-
12043 DERRIS CT JACKSONVILLE 32246-,,,2659.75,,166367-0000,2026-01-20T22:22:38.073689,existing_csv,delinquent,False,0,32246-
2020 TALLADEGA RD JACKSONVILLE 32209-,,,2662.27,,086002-0000,2026-01-20T22:22:38.073689,existing_csv,delinquent,False,0,32209-
8401 HILMA RD JACKSONVILLE 32244-,,,2663.87,,016075-0090,2026-01-20T22:22:38.073689,existing_csv,delinquent,False,0,32244-
8339 S TUBMAN DR JACKSONVILLE 32219-,,,2670.51,,040067-5036,2026-01-20T22:22:38.073689,existing_csv,delinquent,False,0,32219-
2415 EDISON AVE JACKSONVILLE 32204-,,,2671.13,,055435-0000,2026-01-20T22:22:38.073689,existing_csv,delinquent,False,0,32204-
3820 WILLIAMSBURG PARK BLVD 3820-2 JACKSONVILLE 32257-,,,2672.13,,148733-0570,2026-01-20T22:22:38.073689,existing_csv,delinquent,False,0,32257-
5135 ACOMA AVE JACKSONVILLE 32210-,,,2672.16,,103603-0000,2026-01-20T22:22:38.073689,existing_csv,delinquent,False,0,32210-
10736 W MEADOWLEA CIR JACKSONVILLE 32218-,,,2675.99,,020282-0318,2026-01-20T22:22:38.073689,existing_csv,delinquent,False,0,32218-
8301 GULLEGE DR JACKSONVILLE 32219-,,,2677.82,,041916-0325,2026-01-20T22:22:38.073689,existing_csv,delinquent,False,0,32219-
2710 WACISSA AVE JACKSONVILLE 32254-,,,2677.96,,083864-0020,2026-01-20T22:22:38.074688,existing_csv,delinquent,False,0,32254-
4418 W MELISSA CT JACKSONVILLE 32210-,,,2678.23,,013861-1030,2026-01-20T22:22:38.074688,existing_csv,delinquent,False,0,32210-
7154 MATTHEW ST JACKSONVILLE 32210-,,,2679.42,,012292-0000,2026-01-20T22:22:38.074688,existing_csv,delinquent,False,0,32210-
9069 PROSPERITY LAKE DR JACKSONVILLE 32244-,,,2680.34,,016464-5684,2026-01-20T22:22:38.074688,existing_csv,delinquent,False,0,32244-
8300 PLAZA GATE LN 1023 JACKSONVILLE 32217-,,,2682.43,,148516-0006,2026-01-20T22:22:38.074688,existing_csv,delinquent,False,0,32217-
15306 NORMAN AVE JACKSONVILLE 32218-,,,2682.71,,108245-0000,2026-01-20T22:22:38.074688,existing_csv,delinquent,False,0,32218-
6804 NORWOOD AVE JACKSONVILLE 32208-,,,2683.47,,032454-0000,2026-01-20T22:22:38.074688,existing_csv,delinquent,False,0,32208-
5635 TELFAIR ST JACKSONVILLE 32208-,,,2684.82,,111157-0130,2026-01-20T22:22:38.074688,existing_csv,delinquent,False,0,32208-
6733 CINDERELLA RD JACKSONVILLE 32210-,,,2685.88,,017040-0000,2026-01-20T22:22:38.074688,existing_csv,delinquent,True,5495.62,32210-
13364 BEACH BLVD 801 JACKSONVILLE 32224-,,,2685.91,,167067-2180,2026-01-20T22:22:38.074688,existing_csv,delinquent,False,0,32224-
4915 CHIVALRY DR JACKSONVILLE 32208-,,,2688.21,,039013-0000,2026-01-20T22:22:38.074688,existing_csv,delinquent,False,0,32208-
535 N JACKSON AVE JACKSONVILLE 32220-,,,2689.02,,006029-0000,2026-01-20T22:22:38.074688,existing_csv,delinquent,False,0,32220-
1610 N MAIN ST JACKSONVILLE 32206-,,,2691.65,,071420-0000,2026-01-20T22:22:38.074688,existing_csv,delinquent,False,0,32206-
8965 9TH AVE JACKSONVILLE 32208-,,,2692.09,,036700-0000,2026-01-20T22:22:38.074688,existing_csv,delinquent,False,0,32208-
9735 EVANS RD JACKSONVILLE 32208-,,,2693.22,,032299-0000,2026-01-20T22:22:38.074688,existing_csv,delinquent,False,0,32208-
9260 9TH AVE JACKSONVILLE 32208-,,,2694.51,,035917-0050,2026-01-20T22:22:38.074688,existing_csv,delinquent,False,0,32208-
10638 DODD RD JACKSONVILLE 32218-,,,2695.15,,043704-0000,2026-01-20T22:22:38.074688,existing_csv,delinquent,False,0,32218-
9072 LEM TURNER RD JACKSONVILLE 32208-,,,2696.01,,036062-0000,2026-01-20T22:22:38.074688,existing_csv,delinquent,False,0,32208-
S ST JOHNS BLUFF RD JACKSONVILLE 32246-,,,2696.23,,163652-0000,2026-01-20T22:22:38.074688,existing_csv,delinquent,False,0,32246-
9749 PATTON RD JACKSONVILLE 32246-,,,2696.58,,124227-0000,2026-01-20T22:22:38.074688,existing_csv,delinquent,False,0,32246-
3065 WOODLAWN RD JACKSONVILLE 32209-,,,2697.42,,042003-0000,2026-01-20T22:22:38.074688,existing_csv,delinquent,False,0,32209-
4407 COLLINS RD JACKSONVILLE 32244-,,,2701.1,,100283-0000,2026-01-20T22:22:38.074688,existing_csv,delinquent,False,0,32244-
2422 WILMONT AVE JACKSONVILLE 32218-,,,2701.19,,043630-0000,2026-01-20T22:22:38.075687,existing_csv,delinquent,False,0,32218-
2010 E WILLESDON DR JACKSONVILLE 32246-,,,2701.72,,165262-5790,2026-01-20T22:22:38.075687,existing_csv,delinquent,False,0,32246-
7165 WENDY CIR JACKSONVILLE 32211-,,,2703.92,,144988-0000,2026-01-20T22:22:38.075687,existing_csv,delinquent,False,0,32211-
DAWSONS CREEK DR JACKSONVILLE 32222-,,,2704.52,,002331-0000,2026-01-20T22:22:38.075687,existing_csv,delinquent,False,0,32222-
2570 E EIFFEL CIR JACKSONVILLE 32210-,,,2705.39,,012442-5165,2026-01-20T22:22:38.075687,existing_csv,delinquent,False,0,32210-
6805 PETER PAN PL JACKSONVILLE 32210-,,,2706.1,,016940-0000,2026-01-20T22:22:38.075687,existing_csv,delinquent,False,0,32210-
50 E 2ND ST JACKSONVILLE 32206-,,,2706.89,,073030-0000,2026-01-20T22:22:38.075687,existing_csv,delinquent,False,0,32206-
7727 LAZEAU DR JACKSONVILLE 32211-,,,2706.96,,120015-0000,2026-01-20T22:22:38.075687,existing_csv,delinquent,False,0,32211-
13391 STONE POND DR JACKSONVILLE 32224-,,,2709.19,,167067-1742,2026-01-20T22:22:38.075687,existing_csv,delinquent,False,0,32224-
1111 CRESTDALE ST JACKSONVILLE 32211-,,,2709.41,,142312-0000,2026-01-20T22:22:38.075687,existing_csv,delinquent,False,0,32211-
965 WESTGATE DR JACKSONVILLE 32221-,,,2710.47,,007230-0000,2026-01-20T22:22:38.075687,existing_csv,delinquent,False,0,32221-
4023 PEACH DR JACKSONVILLE 32246-,,,2711.98,,124875-0000,2026-01-20T22:22:38.075687,existing_csv,delinquent,False,0,32246-
3927 ABBY LN JACKSONVILLE 32207-,,,2714.63,,127507-0010,2026-01-20T22:22:38.075687,existing_csv,delinquent,False,0,32207-
2330 HOLMES ST JACKSONVILLE 32207-,,,2714.7,,125533-0000,2026-01-20T22:22:38.075687,existing_csv,delinquent,False,0,32207-
2217 BILLS DR JACKSONVILLE 32210-,,,2717.31,,018033-0000,2026-01-20T22:22:38.075687,existing_csv,delinquent,False,0,32210-
9023 MORNINGTON DR JACKSONVILLE 32257-,,,2718.38,,148514-0594,2026-01-20T22:22:38.075687,existing_csv,delinquent,False,0,32257-
8945 TYLER AVE JACKSONVILLE 32208-,,,2720,,037519-0000,2026-01-20T22:22:38.075687,existing_csv,delinquent,False,0,32208-
4835 SPRITE RD JACKSONVILLE 32210-,,,2720.77,,096523-0000,2026-01-20T22:22:38.075687,existing_csv,delinquent,False,0,32210-
7811 PIPIT AVE JACKSONVILLE 32219-,,,2721.21,,021305-0000,2026-01-20T22:22:38.075687,existing_csv,delinquent,False,0,32219-
13703 N RICHMOND PARK DR 2803 JACKSONVILLE 32224-,,,2722.69,,167453-5506,2026-01-20T22:22:38.075687,existing_csv,delinquent,False,0,32224-
7008 E RHODE ISLAND DR JACKSONVILLE 32209-,,,2722.91,,040806-0000,2026-01-20T22:22:38.075687,existing_csv,delinquent,False,0,32209-
352 PONCE BLVD JACKSONVILLE 32218-,,,2724.06,,107005-0030,2026-01-20T22:22:38.075687,existing_csv,delinquent,False,0,32218-
1736 DEBUTANTE DR JACKSONVILLE 32246-,,,2724.53,,164675-0000,2026-01-20T22:22:38.075687,existing_csv,delinquent,False,0,32246-
2362 DOLPHIN AVE JACKSONVILLE 32218-,,,2724.57,,043481-0000,2026-01-20T22:22:38.075687,existing_csv,delinquent,False,0,32218-
13171 PEACEFUL RD JACKSONVILLE 32226-,,,2725.41,,106431-0000,2026-01-20T22:22:38.075687,existing_csv,delinquent,False,0,32226-
6907 RESTLAWN DR JACKSONVILLE 32208-,,,2726.04,,025018-0000,2026-01-20T22:22:38.075687,existing_csv,delinquent,False,0,32208-
3890 W DUNN AVE 902 JACKSONVILLE 32218-,,,2727.08,,020253-0920,2026-01-20T22:22:38.075687,existing_csv,delinquent,False,0,32218-
6546 MERCEL LN JACKSONVILLE 32205-,,,2729.93,,007462-0000,2026-01-20T22:22:38.075687,existing_csv,delinquent,False,0,32205-
2319 BETHUNE AVE JACKSONVILLE 32207-,,,2733.39,,081906-0000,2026-01-20T22:22:38.075687,existing_csv,delinquent,False,0,32207-
1640 W 2ND ST JACKSONVILLE 32209-,,,2734.57,,076679-0070,2026-01-20T22:22:38.075687,existing_csv,delinquent,False,0,32209-
4719 ATTLEBORO ST JACKSONVILLE 32205-,,,2736.75,,062579-0000,2026-01-20T22:22:38.075687,existing_csv,delinquent,False,0,32205-
12570 DARYL HILL RD JACKSONVILLE 32218-,,,2737.3,,106650-0225,2026-01-20T22:22:38.075687,existing_csv,delinquent,False,0,32218-
5905 MONCRIEF RD JACKSONVILLE 32209-,,,2737.51,,027195-0000,2026-01-20T22:22:38.075687,existing_csv,delinquent,False,0,32209-
6518 TROUT RIVER BLVD JACKSONVILLE 32219-,,,2739.73,,002797-0000,2026-01-20T22:22:38.079688,existing_csv,delinquent,False,0,32219-
10668 COLEMAN RD JACKSONVILLE 32257-,,,2740.99,,155675-1024,2026-01-20T22:22:38.081690,existing_csv,delinquent,False,0,32257-
2044 BURGOYNE DR JACKSONVILLE 32208-,,,2741.69,,025998-0000,2026-01-20T22:22:38.081690,existing_csv,delinquent,False,0,32208-
7525 S SHARBETH DR JACKSONVILLE 32210-,,,2741.82,,014053-0000,2026-01-20T22:22:38.081690,existing_csv,delinquent,False,0,32210-
4030 CANAL ST JACKSONVILLE 32209-,,,2743.68,,084351-0000,2026-01-20T22:22:38.081690,existing_csv,delinquent,False,0,32209-
5151 ARCHERY AVE JACKSONVILLE 32208-,,,2744.87,,038404-0000,2026-01-20T22:22:38.081690,existing_csv,delinquent,False,0,32208-
6102 TUSCONY CIR JACKSONVILLE 32277-,,,2745.38,,108964-0602,2026-01-20T22:22:38.081690,existing_csv,delinquent,False,0,32277-
7361 PROXIMA RD JACKSONVILLE 32210-,,,2745.53,,096317-0000,2026-01-20T22:22:38.081690,existing_csv,delinquent,False,0,32210-
961 LE BRUN DR JACKSONVILLE 32205-,,,2746.05,,010935-0000,2026-01-20T22:22:38.081690,existing_csv,delinquent,False,0,32205-
9360 CRAVEN RD 605 JACKSONVILLE 32257-,,,2747.3,,148704-0178,2026-01-20T22:22:38.081690,existing_csv,delinquent,False,0,32257-
3054 PINE AVE JACKSONVILLE 32218-,,,2748.07,,019902-0000,2026-01-20T22:22:38.081690,existing_csv,delinquent,False,0,32218-
10907 TARIN DR JACKSONVILLE 32218-,,,2748.23,,044052-0000,2026-01-20T22:22:38.081690,existing_csv,delinquent,False,0,32218-
2199 BENEDICT RD JACKSONVILLE 32209-,,,2750.41,,086216-0000,2026-01-20T22:22:38.081690,existing_csv,delinquent,False,0,32209-
5050 WEIGELA TER JACKSONVILLE 32244-,,,2750.82,,103338-0000,2026-01-20T22:22:38.081690,existing_csv,delinquent,False,0,32244-
8815 NORFOLK BLVD JACKSONVILLE 32208-,,,2750.87,,039421-0000,2026-01-20T22:22:38.081690,existing_csv,delinquent,False,0,32208-
10651 VILLANOVA RD JACKSONVILLE 32218-,,,2751.11,,043727-0000,2026-01-20T22:22:38.081690,existing_csv,delinquent,False,0,32218-
6266 DICKENS DR JACKSONVILLE 32244-,,,2751.41,,015192-2276,2026-01-20T22:22:38.081690,existing_csv,delinquent,False,0,32244-
MAIN ST ATLANTIC BEACH 32233-,,,2752.73,,172328-0500,2026-01-20T22:22:38.081690,existing_csv,delinquent,False,0,32233-
3709 OLD KINGS RD JACKSONVILLE 32254-,,,2753.09,,083956-0000,2026-01-20T22:22:38.081690,existing_csv,delinquent,False,0,32254-
9343 WAYNESBORO AVE JACKSONVILLE 32208-,,,2754.81,,037761-0000,2026-01-20T22:22:38.081690,existing_csv,delinquent,False,0,32208-
16564 S VILLAGE GREEN DR JACKSONVILLE 32234-,,,2756.56,,000971-1010,2026-01-20T22:22:38.081690,existing_csv,delinquent,False,0,32234-
9941 CISCO DR JACKSONVILLE 32219-,,,2757.39,,002899-0010,2026-01-20T22:22:38.081690,existing_csv,delinquent,False,0,32219-
1418 EASTER ST JACKSONVILLE 32211-,,,2759.33,,141199-0000,2026-01-20T22:22:38.081690,existing_csv,delinquent,False,0,32211-
5142 BANSHEE AVE JACKSONVILLE 32244-,,,2759.7,,104121-0000,2026-01-20T22:22:38.081690,existing_csv,delinquent,False,0,32244-
1830 MAYPORT RD ATLANTIC BEACH 32233-,,,2763.36,,172075-0200,2026-01-20T22:22:38.081690,existing_csv,delinquent,False,0,32233-
E NEW BERLIN RD JACKSONVILLE 32226-,,,2763.41,,108747-0000,2026-01-20T22:22:38.081690,existing_csv,delinquent,False,0,32226-
12288 W AUTUMNBROOK TRL JACKSONVILLE 32258-,,,2763.82,,158320-1520,2026-01-20T22:22:38.081690,existing_csv,delinquent,False,0,32258-
1490 CASSAT AVE JACKSONVILLE 32205-,,,2764.1,,067172-0000,2026-01-20T22:22:38.081690,existing_csv,delinquent,False,0,32205-
7405 WHITE BIRCH DR JACKSONVILLE 32277-,,,2764.8,,113190-0000,2026-01-20T22:22:38.081690,existing_csv,delinquent,False,0,32277-
2879 DICKIE CT JACKSONVILLE 32216-,,,2767.16,,154503-5600,2026-01-20T22:22:38.081690,existing_csv,delinquent,False,0,32216-
7682 ORTEGA BLUFF PKWY JACKSONVILLE 32244-,,,2767.17,,099135-3710,2026-01-20T22:22:38.081690,existing_csv,delinquent,False,0,32244-
5007 PORTSMOUTH AVE JACKSONVILLE 32208-,,,2768.36,,038048-0000,2026-01-20T22:22:38.081690,existing_csv,delinquent,False,0,32208-
5258 NATHAN HALE RD JACKSONVILLE 32221-,,,2770.61,,002309-0000,2026-01-20T22:22:38.081690,existing_csv,delinquent,False,0,32221-
1142 BRIERFIELD DR JACKSONVILLE 32205-,,,2770.72,,079105-0000,2026-01-20T22:22:38.081690,existing_csv,delinquent,False,0,32205-
6362 BADNUR DR JACKSONVILLE 32210-,,,2772.07,,105286-0000,2026-01-20T22:22:38.081690,existing_csv,delinquent,False,0,32210-
2603 ROGERO RD JACKSONVILLE 32211-,,,2772.47,,118023-0000,2026-01-20T22:22:38.081690,existing_csv,delinquent,False,0,32211-
8603 HOWELL DR JACKSONVILLE 32208-,,,2780.76,,039734-0000,2026-01-20T22:22:38.082685,existing_csv,delinquent,False,0,32208-
7168 BUNION DR JACKSONVILLE 32222-,,,2780.94,,016187-0000,2026-01-20T22:22:38.082685,existing_csv,delinquent,False,0,32222-
NOROAD JACKSONVILLE 32210-,,,2781.23,,012955-0010,2026-01-20T22:22:38.082685,existing_csv,delinquent,False,0,32210-
6056 S ROBBINS CIR JACKSONVILLE 32211-,,,2781.34,,134396-0000,2026-01-20T22:22:38.082685,existing_csv,delinquent,False,0,32211-
5924 CEDAR HILLS BLVD JACKSONVILLE 32210-,,,2782.32,,104829-0000,2026-01-20T22:22:38.082685,existing_csv,delinquent,False,0,32210-
2189 EL LAGO WAY JACKSONVILLE 32224-,,,2783.77,,167132-8155,2026-01-20T22:22:38.082685,existing_csv,delinquent,False,0,32224-
5146 PARK ST JACKSONVILLE 32205-,,,2784.96,,068008-0000,2026-01-20T22:22:38.082685,existing_csv,delinquent,False,0,32205-
1912 W DURKEE DR JACKSONVILLE 32209-,,,2785.41,,053418-0000,2026-01-20T22:22:38.082685,existing_csv,delinquent,False,0,32209-
7546 E JOHN F KENNEDY DR JACKSONVILLE 32219-,,,2786.1,,030290-0230,2026-01-20T22:22:38.082685,existing_csv,delinquent,False,0,32219-
1271 HART ST JACKSONVILLE 32209-,,,2786.84,,053841-0000,2026-01-20T22:22:38.082685,existing_csv,delinquent,False,0,32209-
5243 SUNDERLAND RD JACKSONVILLE 32210-,,,2787.9,,094901-0000,2026-01-20T22:22:38.082685,existing_csv,delinquent,False,0,32210-
3311 ST AUGUSTINE RD JACKSONVILLE 32207-,,,2788.33,,070152-0000,2026-01-20T22:22:38.082685,existing_csv,delinquent,False,0,32207-
1920 PULLMAN CT JACKSONVILLE 32209-,,,2789.73,,046688-0000,2026-01-20T22:22:38.082685,existing_csv,delinquent,False,0,32209-
8052 MONCRIEF-DINSMORE RD JACKSONVILLE 32219-,,,2789.84,,022003-0000,2026-01-20T22:22:38.082685,existing_csv,delinquent,False,0,32219-
8539 W GATE PKWY 9409 JACKSONVILLE 32216-,,,2791.09,,154166-2460,2026-01-20T22:22:38.082685,existing_csv,delinquent,False,0,32216-
1311 GROVE PARK BLVD JACKSONVILLE 32216-,,,2793.01,,140252-0000,2026-01-20T22:22:38.082685,existing_csv,delinquent,False,0,32216-
8047 NUSSBAUM DR JACKSONVILLE 32210-,,,2796.31,,013216-0050,2026-01-20T22:22:38.082685,existing_csv,delinquent,False,0,32210-
5030 BIRKENHEAD RD JACKSONVILLE 32210-,,,2796.4,,094194-0000,2026-01-20T22:22:38.082685,existing_csv,delinquent,False,0,32210-
8254 MATHONIA AVE JACKSONVILLE 32211-,,,2797.4,,121520-0000,2026-01-20T22:22:38.082685,existing_csv,delinquent,False,0,32211-
3632 CLYDE DR JACKSONVILLE 32208-,,,2799.07,,030099-0010,2026-01-20T22:22:38.082685,existing_csv,delinquent,False,0,32208-
5612 DOEBOY ST JACKSONVILLE 32208-,,,2801.07,,022742-0010,2026-01-20T22:22:38.082685,existing_csv,delinquent,False,0,32208-
3801 ALCOY RD JACKSONVILLE 32221-,,,2802.97,,002215-0010,2026-01-20T22:22:38.082685,existing_csv,delinquent,False,0,32221-
2031 BROWARD RD JACKSONVILLE 32218-,,,2803.71,,042642-0000,2026-01-20T22:22:38.082685,existing_csv,delinquent,False,0,32218-
2415 GLEN GARDNER DR JACKSONVILLE 32246-,,,2803.79,,165291-1018,2026-01-20T22:22:38.082685,existing_csv,delinquent,False,0,32246-
9716 DEVONSHIRE BLVD JACKSONVILLE 32208-,,,2805.21,,038765-0000,2026-01-20T22:22:38.082685,existing_csv,delinquent,False,0,32208-
MCLAURIN RD JACKSONVILLE 32256-,,,2806,,167813-0000,2026-01-20T22:22:38.082685,existing_csv,delinquent,False,0,32256-
9729 LILY RD JACKSONVILLE 32246-,,,2806.23,,123741-0000,2026-01-20T22:22:38.082685,existing_csv,delinquent,False,0,32246-
4550 BLOUNT AVE JACKSONVILLE 32210-,,,2806.39,,102157-0000,2026-01-20T22:22:38.082685,existing_csv,delinquent,False,0,32210-
1335 QUAIL ROOST LN JACKSONVILLE 32220-,,,2806.44,,004746-0170,2026-01-20T22:22:38.082685,existing_csv,delinquent,False,0,32220-
7085 GREENHOLLY DR JACKSONVILLE 32277-,,,2807.11,,117254-0000,2026-01-20T22:22:38.082685,existing_csv,delinquent,False,0,32277-
8972 CASTLE BLVD JACKSONVILLE 32208-,,,2810.23,,037989-0000,2026-01-20T22:22:38.082685,existing_csv,delinquent,False,0,32208-
5010 CERISE ST JACKSONVILLE 32258-,,,2810.94,,157747-0000,2026-01-20T22:22:38.082685,existing_csv,delinquent,False,0,32258-
2839 PALMDALE ST JACKSONVILLE 32208-,,,2811.14,,025828-0000,2026-01-20T22:22:38.082685,existing_csv,delinquent,False,0,32208-
3725 RODBY DR JACKSONVILLE 32210-,,,2813.14,,016628-0000,2026-01-20T22:22:38.082685,existing_csv,delinquent,False,0,32210-
2362 EDWARDS AVE JACKSONVILLE 32254-,,,2814,,056151-0005,2026-01-20T22:22:38.082685,existing_csv,delinquent,False,0,32254-
3257 W SHETLAND RD JACKSONVILLE 32277-,,,2817.79,,119513-0000,2026-01-20T22:22:38.082685,existing_csv,delinquent,False,0,32277-
6851 BIDDY LN JACKSONVILLE 32210-,,,2818.03,,017636-0000,2026-01-20T22:22:38.082685,existing_csv,delinquent,False,0,32210-
2438 WILMONT AVE JACKSONVILLE 32218-,,,2818.78,,043632-0000,2026-01-20T22:22:38.082685,existing_csv,delinquent,False,0,32218-
10221 BEAM ST JACKSONVILLE 32218-,,,2818.89,,021112-0000,2026-01-20T22:22:38.082685,existing_csv,delinquent,False,0,32218-
14596 BRADLEY MAX CT JACKSONVILLE 32218-,,,2818.95,,108407-0155,2026-01-20T22:22:38.082685,existing_csv,delinquent,False,0,32218-
1438 W 15TH ST JACKSONVILLE 32209-,,,2821.97,,046423-0002,2026-01-20T22:22:38.083685,existing_csv,delinquent,False,0,32209-
4926 LOCKSLEY AVE JACKSONVILLE 32208-,,,2823.65,,039021-0000,2026-01-20T22:22:38.083685,existing_csv,delinquent,False,0,32208-
2421 GLEN GARDNER DR JACKSONVILLE 32246-,,,2823.67,,165291-1020,2026-01-20T22:22:38.083685,existing_csv,delinquent,False,0,32246-
4251 MIGRATION DR 5-9 JACKSONVILLE 32257-,,,2824.06,,148702-0632,2026-01-20T22:22:38.083685,existing_csv,delinquent,False,0,32257-
1615 TYLER ST JACKSONVILLE 32209-,,,2824.49,,052636-0000,2026-01-20T22:22:38.083685,existing_csv,delinquent,False,0,32209-
1848 SUNRISE DR JACKSONVILLE 32246-,,,2824.5,,164759-0000,2026-01-20T22:22:38.083685,existing_csv,delinquent,False,0,32246-
5865 110TH ST JACKSONVILLE 32244-,,,2824.82,,098000-0000,2026-01-20T22:22:38.083685,existing_csv,delinquent,False,0,32244-
4322 S PLAZA GATE LN 202 JACKSONVILLE 32217-,,,2828.78,,148152-1170,2026-01-20T22:22:38.083685,existing_csv,delinquent,False,0,32217-
7462 S SKYE DR JACKSONVILLE 32221-,,,2829.92,,008034-0000,2026-01-20T22:22:38.083685,existing_csv,delinquent,False,0,32221-
6304 E TINTERN CIR JACKSONVILLE 32244-,,,2831.3,,014633-0000,2026-01-20T22:22:38.083685,existing_csv,delinquent,False,0,32244-
5865 110TH ST JACKSONVILLE 32244-,,,2833.79,,098000-0000,2026-01-20T22:22:38.083685,existing_csv,delinquent,False,0,32244-
10388 LAWSON RD JACKSONVILLE 32246-,,,2835.96,,164478-0000,2026-01-20T22:22:38.083685,existing_csv,delinquent,False,0,32246-
2350 W LOURDES DR JACKSONVILLE 32210-,,,2837.39,,010189-0000,2026-01-20T22:22:38.083685,existing_csv,delinquent,False,0,32210-
8601 BEACH BLVD 309 JACKSONVILLE 32216-,,,2838.55,,136163-1667,2026-01-20T22:22:38.083685,existing_csv,delinquent,False,0,32216-
6813 TOM THUMB DR JACKSONVILLE 32210-,,,2838.75,,016904-0000,2026-01-20T22:22:38.083685,existing_csv,delinquent,True,5802.56,32210-
4647 BLOUNT AVE JACKSONVILLE 32210-,,,2839.65,,102213-0000,2026-01-20T22:22:38.083685,existing_csv,delinquent,False,0,32210-
8866 HOGAN RD JACKSONVILLE 32216-,,,2839.78,,154184-0020,2026-01-20T22:22:38.083685,existing_csv,delinquent,False,0,32216-
1902 KINGS RD JACKSONVILLE 32209-,,,2840.86,,051271-0000,2026-01-20T22:22:38.083685,existing_csv,delinquent,False,0,32209-
324 KIRK RD JACKSONVILLE 32218-,,,2842.8,,108321-0010,2026-01-20T22:22:38.083685,existing_csv,delinquent,False,0,32218-
3947 MACGREGOR DR JACKSONVILLE 32210-,,,2843.82,,017088-0000,2026-01-20T22:22:38.083685,existing_csv,delinquent,False,0,32210-
8098 PIPIT AVE JACKSONVILLE 32219-,,,2844.71,,021896-0000,2026-01-20T22:22:38.083685,existing_csv,delinquent,False,0,32219-
11727 SAINTS RD JACKSONVILLE 32246-,,,2844.77,,165287-9914,2026-01-20T22:22:38.083685,existing_csv,delinquent,False,0,32246-
4511 ZAMBITO AVE JACKSONVILLE 32210-,,,2846.79,,013025-0500,2026-01-20T22:22:38.083685,existing_csv,delinquent,False,0,32210-
6743 ECTOR RD JACKSONVILLE 32211-,,,2846.91,,141704-0000,2026-01-20T22:22:38.083685,existing_csv,delinquent,False,0,32211-
156 ANDRESS ST JACKSONVILLE 32208-,,,2851.5,,034956-0000,2026-01-20T22:22:38.084686,existing_csv,delinquent,False,0,32208-
8436 TANGERINE ST JACKSONVILLE 32234-,,,2854.44,,001155-0000,2026-01-20T22:22:38.084686,existing_csv,delinquent,False,0,32234-
7032 DEER LODGE CIR 108 JACKSONVILLE 32256-,,,2856.56,,152594-9954,2026-01-20T22:22:38.084686,existing_csv,delinquent,False,0,32256-
1628 RIVERVIEW DR JACKSONVILLE 32224-,,,2857.36,,167253-0000,2026-01-20T22:22:38.084686,existing_csv,delinquent,False,0,32224-
3502 WINDY HILL PL JACKSONVILLE 32246-,,,2857.71,,128051-0000,2026-01-20T22:22:38.084686,existing_csv,delinquent,False,0,32246-
1495 FIELDVIEW DR JACKSONVILLE 32225-,,,2860.34,,120799-0184,2026-01-20T22:22:38.084686,existing_csv,delinquent,False,0,32225-
BLANDING BLVD JACKSONVILLE 32210-,,,2861.97,,102958-0002,2026-01-20T22:22:38.084686,existing_csv,delinquent,False,0,32210-
5144 TROUT RIVER BLVD JACKSONVILLE 32208-,,,2862.83,,029850-0000,2026-01-20T22:22:38.084686,existing_csv,delinquent,False,0,32208-
10351 ATLANTIC CIR JACKSONVILLE 32246-,,,2863.61,,164655-0000,2026-01-20T22:22:38.084686,existing_csv,delinquent,False,0,32246-
1249 GRANT ST JACKSONVILLE 32202-,,,2864.16,,122621-0020,2026-01-20T22:22:38.084686,existing_csv,delinquent,False,0,32202-
4150 GRANT RD JACKSONVILLE 32207-,,,2864.22,,147410-0000,2026-01-20T22:22:38.084686,existing_csv,delinquent,False,0,32207-
1943 RAYBEN DR JACKSONVILLE 32246-,,,2864.41,,164928-0000,2026-01-20T22:22:38.084686,existing_csv,delinquent,False,0,32246-
10610 PRIM DR JACKSONVILLE 32225-,,,2867.85,,161323-0000,2026-01-20T22:22:38.084686,existing_csv,delinquent,False,0,32225-
10720 RUTGERS RD JACKSONVILLE 32218-,,,2868.06,,044113-0030,2026-01-20T22:22:38.084686,existing_csv,delinquent,False,0,32218-
5113 TROUT RIVER BLVD JACKSONVILLE 32208-,,,2870.23,,029922-0020,2026-01-20T22:22:38.084686,existing_csv,delinquent,False,0,32208-
3205 SEARCHWOOD DR JACKSONVILLE 32277-,,,2871.77,,119353-0000,2026-01-20T22:22:38.084686,existing_csv,delinquent,False,0,32277-
2814 RUTH DR JACKSONVILLE 32207-,,,2873.31,,147602-0000,2026-01-20T22:22:38.084686,existing_csv,delinquent,False,0,32207-
1903 SUNRISE DR JACKSONVILLE 32246-,,,2873.33,,164806-0000,2026-01-20T22:22:38.084686,existing_csv,delinquent,False,0,32246-
4737 SHELBY AVE JACKSONVILLE 32210-,,,2873.57,,069501-0000,2026-01-20T22:22:38.084686,existing_csv,delinquent,False,0,32210-
6565 N BRANDEMERE RD JACKSONVILLE 32211-,,,2875.46,,142385-0000,2026-01-20T22:22:38.084686,existing_csv,delinquent,False,0,32211-
1603 W 25TH ST JACKSONVILLE 32209-,,,2876.84,,087067-0000,2026-01-20T22:22:38.084686,existing_csv,delinquent,False,0,32209-
11468 JERRY ADAM DR JACKSONVILLE 32218-,,,2876.94,,019974-2100,2026-01-20T22:22:38.085682,existing_csv,delinquent,False,0,32218-
2873 W 6TH ST JACKSONVILLE 32254-,,,2877.23,,048661-0020,2026-01-20T22:22:38.085682,existing_csv,delinquent,False,0,32254-
8615 W SAMONA DR JACKSONVILLE 32208-,,,2877.44,,039591-0000,2026-01-20T22:22:38.085682,existing_csv,delinquent,False,0,32208-
8529 BRAZIL RD JACKSONVILLE 32208-,,,2878.38,,039783-0000,2026-01-20T22:22:38.085682,existing_csv,delinquent,False,0,32208-
7154 SANS SOUCI RD JACKSONVILLE 32216-,,,2879.57,,137402-0000,2026-01-20T22:22:38.085682,existing_csv,delinquent,False,0,32216-
NEW BERLIN RD JACKSONVILLE 32226-,,,2882.36,,108433-0200,2026-01-20T22:22:38.085682,existing_csv,delinquent,False,0,32226-
10352 HEARTHSIDE DR JACKSONVILLE 32221-,,,2882.51,,008891-1305,2026-01-20T22:22:38.085682,existing_csv,delinquent,False,0,32221-
9210 3RD AVE JACKSONVILLE 32208-,,,2882.56,,036511-0000,2026-01-20T22:22:38.085682,existing_csv,delinquent,False,0,32208-
7842 SUMMER STAR CT JACKSONVILLE 32221-,,,2882.81,,008130-2610,2026-01-20T22:22:38.085682,existing_csv,delinquent,False,0,32221-
7250 ZAPATA DR JACKSONVILLE 32210-,,,2883.26,,013900-0000,2026-01-20T22:22:38.085682,existing_csv,delinquent,False,0,32210-
8839 DANDY AVE JACKSONVILLE 32211-,,,2884.42,,144687-0000,2026-01-20T22:22:38.085682,existing_csv,delinquent,False,0,32211-
9010 TAYLOR FIELD RD JACKSONVILLE 32222-,,,2885.64,,016272-0010,2026-01-20T22:22:38.085682,existing_csv,delinquent,False,0,32222-
956 WAYNE ST JACKSONVILLE 32208-,,,2885.89,,023352-0000,2026-01-20T22:22:38.085682,existing_csv,delinquent,False,0,32208-
1551 W EDGEWOOD AVE JACKSONVILLE 32208-,,,2886.31,,026983-0000,2026-01-20T22:22:38.085682,existing_csv,delinquent,False,0,32208-
5216 QUAN DR JACKSONVILLE 32205-,,,2887.53,,067779-0000,2026-01-20T22:22:38.085682,existing_csv,delinquent,False,0,32205-
7118 LENOX AVE JACKSONVILLE 32205-,,,2889.87,,011672-0000,2026-01-20T22:22:38.085682,existing_csv,delinquent,False,0,32205-
9220 REDTAIL DR JACKSONVILLE 32222-,,,2890.4,,016409-0425,2026-01-20T22:22:38.085682,existing_csv,delinquent,False,0,32222-
3531 KINGSTON ST JACKSONVILLE 32254-,,,2890.47,,049287-0000,2026-01-20T22:22:38.085682,existing_csv,delinquent,False,0,32254-
1638 DERITO DR JACKSONVILLE 32221-,,,2890.53,,009297-0000,2026-01-20T22:22:38.085682,existing_csv,delinquent,False,0,32221-
5209 DELPHIN LN JACKSONVILLE 32244-,,,2890.66,,103200-0000,2026-01-20T22:22:38.085682,existing_csv,delinquent,False,0,32244-
1929 W 10TH ST JACKSONVILLE 32209-,,,2892.15,,051738-0000,2026-01-20T22:22:38.085682,existing_csv,delinquent,False,0,32209-
65 EDGAR ST ATLANTIC BEACH 32233-,,,2892.65,,172241-0010,2026-01-20T22:22:38.085682,existing_csv,delinquent,False,0,32233-
9623 FLECHETTE AVE JACKSONVILLE 32208-,,,2892.76,,038868-0000,2026-01-20T22:22:38.085682,existing_csv,delinquent,False,0,32208-
8360 S BRACKRIDGE BLVD JACKSONVILLE 32216-,,,2895.71,,154713-0000,2026-01-20T22:22:38.085682,existing_csv,delinquent,False,0,32216-
1304 N 15TH AVE JACKSONVILLE BEACH 32250-,,,2896.31,,175333-0000,2026-01-20T22:22:38.085682,existing_csv,delinquent,False,0,32250-
6724 WILSON BLVD JACKSONVILLE 32210-,,,2898.79,,017279-0000,2026-01-20T22:22:38.085682,existing_csv,delinquent,False,0,32210-
7641 SADDLE RD JACKSONVILLE 32221-,,,2899.54,,007385-0000,2026-01-20T22:22:38.085682,existing_csv,delinquent,False,0,32221-
6669 RESTLAWN DR JACKSONVILLE 32208-,,,2901.82,,025654-0000,2026-01-20T22:22:38.085682,existing_csv,delinquent,False,0,32208-
906 CARROLLTON RD JACKSONVILLE 32208-,,,2902.82,,022812-0000,2026-01-20T22:22:38.085682,existing_csv,delinquent,False,0,32208-
7625 MAYAPPLE RD JACKSONVILLE 32211-,,,2903.37,,118994-0000,2026-01-20T22:22:38.085682,existing_csv,delinquent,False,0,32211-
4360 BEDIVERE RD JACKSONVILLE 32208-,,,2904.89,,039408-0388,2026-01-20T22:22:38.085682,existing_csv,delinquent,False,0,32208-
318 W 70TH ST JACKSONVILLE 32208-,,,2906.31,,032980-0000,2026-01-20T22:22:38.085682,existing_csv,delinquent,False,0,32208-
1133 MARBLEHEAD RD JACKSONVILLE 32218-,,,2906.31,,044110-0420,2026-01-20T22:22:38.085682,existing_csv,delinquent,False,0,32218-
7900 W MONCRIEF RD JACKSONVILLE 32219-,,,2907.03,,003297-0000,2026-01-20T22:22:38.085682,existing_csv,delinquent,False,0,32219-
100 E 56TH ST JACKSONVILLE 32208-,,,2907.07,,034169-0000,2026-01-20T22:22:38.085682,existing_csv,delinquent,False,0,32208-
249 S SHAMROCK AVE JACKSONVILLE 32218-,,,2909.07,,107248-0000,2026-01-20T22:22:38.085682,existing_csv,delinquent,False,0,32218-
3024 COLUMBUS AVE JACKSONVILLE 32254-,,,2909.3,,058135-0000,2026-01-20T22:22:38.085682,existing_csv,delinquent,False,0,32254-
8434 E CONCORD BLVD JACKSONVILLE 32208-,,,2910.04,,024049-0000,2026-01-20T22:22:38.086681,existing_csv,delinquent,False,0,32208-
5720 CEDAR PARK LN JACKSONVILLE 32210-,,,2912.69,,104582-0000,2026-01-20T22:22:38.086681,existing_csv,delinquent,False,0,32210-
10708 MAJURO DR JACKSONVILLE 32246-,,,2912.75,,162830-0000,2026-01-20T22:22:38.086681,existing_csv,delinquent,False,0,32246-
5769 FLORAL AVE JACKSONVILLE 32211-,,,2912.9,,128804-0000,2026-01-20T22:22:38.086681,existing_csv,delinquent,False,0,32211-
5546 SHARON TER JACKSONVILLE 32207-,,,2914.31,,135649-0000,2026-01-20T22:22:38.086681,existing_csv,delinquent,False,0,32207-
2501 N MINOSA CIR JACKSONVILLE 32209-,,,2914.85,,030704-0000,2026-01-20T22:22:38.086681,existing_csv,delinquent,False,0,32209-
1619 N LAURA ST JACKSONVILLE 32206-,,,2915.76,,071402-0000,2026-01-20T22:22:38.086681,existing_csv,delinquent,False,0,32206-
7920 SHANE RD JACKSONVILLE 32219-,,,2920.86,,002890-0060,2026-01-20T22:22:38.086681,existing_csv,delinquent,False,0,32219-
375 GREENCASTLE RD 72 JACKSONVILLE 32225-,,,2924.3,,162883-0146,2026-01-20T22:22:38.086681,existing_csv,delinquent,False,0,32225-
5925 FLICKER AVE JACKSONVILLE 32219-,,,2924.77,,021409-0000,2026-01-20T22:22:38.086681,existing_csv,delinquent,False,0,32219-
1470 OTTAWA AVE JACKSONVILLE 32210-,,,2927.04,,011449-0050,2026-01-20T22:22:38.086681,existing_csv,delinquent,False,0,32210-
3592 ATHERTON ST JACKSONVILLE 32207-,,,2928.68,,135957-0040,2026-01-20T22:22:38.086681,existing_csv,delinquent,False,0,32207-
825 CASSAT AVE JACKSONVILLE 32205-,,,2928.74,,078713-0000,2026-01-20T22:22:38.086681,existing_csv,delinquent,False,0,32205-
3633 W EVE DR JACKSONVILLE 32246-,,,2929.76,,124588-0000,2026-01-20T22:22:38.086681,existing_csv,delinquent,False,0,32246-
5774 PENNY LN JACKSONVILLE 32244-,,,2931.66,,103462-0060,2026-01-20T22:22:38.086681,existing_csv,delinquent,False,0,32244-
STAFFORD ST JACKSONVILLE 32209-,,,2935.08,,050783-0000,2026-01-20T22:22:38.086681,existing_csv,delinquent,False,0,32209-
8876 BELLROSE AVE JACKSONVILLE 32222-,,,2935.58,,015210-0000,2026-01-20T22:22:38.086681,existing_csv,delinquent,False,0,32222-
8772 PATRICIA CT JACKSONVILLE 32221-,,,2936.64,,009291-0000,2026-01-20T22:22:38.086681,existing_csv,delinquent,False,0,32221-
4010 LAURELWOOD DR JACKSONVILLE 32257-,,,2937.15,,149017-4102,2026-01-20T22:22:38.086681,existing_csv,delinquent,False,0,32257-
1663 DAVIDSON ST JACKSONVILLE 32207-,,,2937.35,,069927-0000,2026-01-20T22:22:38.086681,existing_csv,delinquent,False,0,32207-
9217 N WHISPER GLEN DR JACKSONVILLE 32222-,,,2938.48,,015530-1060,2026-01-20T22:22:38.086681,existing_csv,delinquent,False,0,32222-
11727 SAINTS RD JACKSONVILLE 32246-,,,2938.98,,165287-9914,2026-01-20T22:22:38.086681,existing_csv,delinquent,False,0,32246-
6421 HARLOW BLVD JACKSONVILLE 32210-,,,2947.65,,016802-0000,2026-01-20T22:22:38.086681,existing_csv,delinquent,False,0,32210-
4015 E COBALT AVE JACKSONVILLE 32210-,,,2948.16,,016681-0000,2026-01-20T22:22:38.086681,existing_csv,delinquent,False,0,32210-
6724 S NIGHTINGALE RD JACKSONVILLE 32216-,,,2948.47,,139467-0000,2026-01-20T22:22:38.086681,existing_csv,delinquent,False,0,32216-
3147 CATHEDRAL LN JACKSONVILLE 32277-,,,2952.74,,119244-0000,2026-01-20T22:22:38.086681,existing_csv,delinquent,False,0,32277-
1520 ENGLISH ST JACKSONVILLE 32208-,,,2952.83,,022656-0060,2026-01-20T22:22:38.086681,existing_csv,delinquent,False,0,32208-
2257 HILLY RD JACKSONVILLE 32208-,,,2953.01,,029782-0000,2026-01-20T22:22:38.086681,existing_csv,delinquent,False,0,32208-
1750 ASHLAND ST JACKSONVILLE 32207-,,,2956.39,,069859-0000,2026-01-20T22:22:38.086681,existing_csv,delinquent,False,0,32207-
1123 DENAUD ST JACKSONVILLE 32205-,,,2957.21,,066676-0000,2026-01-20T22:22:38.086681,existing_csv,delinquent,False,0,32205-
1749 BISCAYNE BAY CIR JACKSONVILLE 32218-,,,2957.24,,019701-3645,2026-01-20T22:22:38.086681,existing_csv,delinquent,False,0,32218-
2524 E MAYAPPLE RD JACKSONVILLE 32211-,,,2957.62,,119028-0000,2026-01-20T22:22:38.086681,existing_csv,delinquent,False,0,32211-
13365 GROVER RD JACKSONVILLE 32226-,,,2961.68,,106381-0590,2026-01-20T22:22:38.087680,existing_csv,delinquent,False,0,32226-
3903 CAMBAY PL JACKSONVILLE 32210-,,,2963.79,,105084-0000,2026-01-20T22:22:38.087680,existing_csv,delinquent,False,0,32210-
2405 PALMDALE ST JACKSONVILLE 32208-,,,2972.06,,025879-0000,2026-01-20T22:22:38.087680,existing_csv,delinquent,False,0,32208-
1366 W 16TH ST JACKSONVILLE 32209-,,,2974.11,,046389-0000,2026-01-20T22:22:38.087680,existing_csv,delinquent,False,0,32209-
3807 ERNJO RD JACKSONVILLE 32209-,,,2976.17,,027731-0000,2026-01-20T22:22:38.087680,existing_csv,delinquent,False,0,32209-
5077 FREDERICKSBURG AVE JACKSONVILLE 32208-,,,2979.64,,038046-0000,2026-01-20T22:22:38.087680,existing_csv,delinquent,False,0,32208-
6704 W GASPAR CIR JACKSONVILLE 32219-,,,2984.25,,041890-0000,2026-01-20T22:22:38.087680,existing_csv,delinquent,False,0,32219-
1820 EVERGREEN AVE JACKSONVILLE 32206-,,,2984.77,,113874-0210,2026-01-20T22:22:38.087680,existing_csv,delinquent,False,0,32206-
8539 W GATE PKWY 1732 JACKSONVILLE 32216-,,,2987.82,,154166-2854,2026-01-20T22:22:38.087680,existing_csv,delinquent,False,0,32216-
5217 BOILARD DR JACKSONVILLE 32209-,,,2988.42,,042152-0000,2026-01-20T22:22:38.087680,existing_csv,delinquent,False,0,32209-
3065 BEAUCLERC OAKS CT JACKSONVILLE 32257-,,,2988.65,,149620-0162,2026-01-20T22:22:38.087680,existing_csv,delinquent,False,0,32257-
2109 CAMDEN AVE JACKSONVILLE 32207-,,,2989.76,,125192-0000,2026-01-20T22:22:38.087680,existing_csv,delinquent,False,0,32207-
11356 S SWEET CHERRY LN JACKSONVILLE 32225-,,,2990.41,,160683-5485,2026-01-20T22:22:38.087680,existing_csv,delinquent,False,0,32225-
8376 W EARL CIR JACKSONVILLE 32219-,,,2991.51,,041915-0949,2026-01-20T22:22:38.087680,existing_csv,delinquent,False,0,32219-
906 CARROLLTON RD JACKSONVILLE 32208-,,,2995.07,,022812-0000,2026-01-20T22:22:38.087680,existing_csv,delinquent,False,0,32208-
7230 SANDY BLUFF DR JACKSONVILLE 32277-,,,2997.66,,113108-0000,2026-01-20T22:22:38.087680,existing_csv,delinquent,False,0,32277-
8872 W SCOTT WOODS DR JACKSONVILLE 32208-,,,2997.97,,029430-2025,2026-01-20T22:22:38.087680,existing_csv,delinquent,False,0,32208-
1222 MULL ST JACKSONVILLE 32205-,,,2998.08,,066860-0000,2026-01-20T22:22:38.087680,existing_csv,delinquent,False,0,32205-
5065 FREDERICKSBURG AVE JACKSONVILLE 32208-,,,2999.06,,038222-0000,2026-01-20T22:22:38.087680,existing_csv,delinquent,False,0,32208-
7043 HIELO DR JACKSONVILLE 32211-,,,3000.33,,118697-0000,2026-01-20T22:22:38.087680,existing_csv,delinquent,False,0,32211-
1829 W AGAVE CIR JACKSONVILLE 32246-,,,3000.8,,164865-0000,2026-01-20T22:22:38.087680,existing_csv,delinquent,False,0,32246-
5153 PENNANT DR JACKSONVILLE 32244-,,,3001.63,,104207-0000,2026-01-20T22:22:38.087680,existing_csv,delinquent,False,0,32244-
5416 ENCHANTED DR JACKSONVILLE 32244-,,,3001.99,,015088-0000,2026-01-20T22:22:38.087680,existing_csv,delinquent,False,0,32244-
4730 N SEFA CIR JACKSONVILLE 32210-,,,3004.08,,068087-0000,2026-01-20T22:22:38.087680,existing_csv,delinquent,False,0,32210-
HIDE-A-WAY DR JACKSONVILLE 32258-,,,3008.45,,157903-0010,2026-01-20T22:22:38.087680,existing_csv,delinquent,False,0,32258-
7514 S DALEHURST DR JACKSONVILLE 32277-,,,3012,,119840-0000,2026-01-20T22:22:38.087680,existing_csv,delinquent,False,0,32277-
1818 THE WOODS DR JACKSONVILLE 32246-,,,3015.06,,167444-0134,2026-01-20T22:22:38.087680,existing_csv,delinquent,False,0,32246-
3131 BRIDGEVIEW DR JACKSONVILLE 32216-,,,3015.57,,154503-1046,2026-01-20T22:22:38.087680,existing_csv,delinquent,False,0,32216-
13810 N SUTTON PARK DR 927 JACKSONVILLE 32224-,,,3016.96,,167734-2145,2026-01-20T22:22:38.087680,existing_csv,delinquent,False,0,32224-
7425 N GOLDEN GROVE RD JACKSONVILLE 32244-,,,3017.69,,014861-0000,2026-01-20T22:22:38.087680,existing_csv,delinquent,False,0,32244-
3740 FOREST BLVD JACKSONVILLE 32246-,,,3017.84,,146185-0000,2026-01-20T22:22:38.087680,existing_csv,delinquent,False,0,32246-
515 E 3RD ST JACKSONVILLE 32206-,,,3017.9,,072514-0000,2026-01-20T22:22:38.087680,existing_csv,delinquent,False,0,32206-
406 E 3RD ST JACKSONVILLE 32206-,,,3019.62,,072638-0000,2026-01-20T22:22:38.087680,existing_csv,delinquent,False,0,32206-
4035 HARBOR VIEW DR JACKSONVILLE 32208-,,,3020.21,,039825-0000,2026-01-20T22:22:38.087680,existing_csv,delinquent,False,0,32208-
5106 ALPHA AVE JACKSONVILLE 32205-,,,3021.52,,066651-0020,2026-01-20T22:22:38.087680,existing_csv,delinquent,False,0,32205-
7425 MAYAPPLE RD JACKSONVILLE 32211-,,,3021.73,,118919-0000,2026-01-20T22:22:38.087680,existing_csv,delinquent,False,0,32211-
3952 N VICTORIA LANDING DR JACKSONVILLE 32208-,,,3022.27,,029430-1255,2026-01-20T22:22:38.087680,existing_csv,delinquent,False,0,32208-
8227 PASCHAL ST JACKSONVILLE 32220-,,,3023,,005767-0000,2026-01-20T22:22:38.088680,existing_csv,delinquent,False,0,32220-
2600 ORCHARD ST JACKSONVILLE 32254-,,,3024.05,,056728-0000,2026-01-20T22:22:38.088680,existing_csv,delinquent,False,0,32254-
2321 HAMILTON ST JACKSONVILLE 32210-,,,3025.49,,094403-0000,2026-01-20T22:22:38.088680,existing_csv,delinquent,False,0,32210-
DOOLITTLE RD JACKSONVILLE 32254-,,,3026.1,,059141-0020,2026-01-20T22:22:38.088680,existing_csv,delinquent,False,0,32254-
406 E 3RD ST JACKSONVILLE 32206-,,,3027.06,,072638-0000,2026-01-20T22:22:38.088680,existing_csv,delinquent,False,0,32206-
2642 JOHN LN JACKSONVILLE 32207-,,,3029.39,,147819-0040,2026-01-20T22:22:38.088680,existing_csv,delinquent,False,0,32207-
2041 BROWARD RD JACKSONVILLE 32218-,,,3029.87,,042641-0000,2026-01-20T22:22:38.088680,existing_csv,delinquent,False,0,32218-
11127 LEM TURNER RD JACKSONVILLE 32218-,,,3030.38,,020382-0100,2026-01-20T22:22:38.088680,existing_csv,delinquent,False,0,32218-
5870 S GASPAR CIR JACKSONVILLE 32219-,,,3031.37,,041894-0000,2026-01-20T22:22:38.088680,existing_csv,delinquent,False,0,32219-
10430 CIVIC CLUB DR JACKSONVILLE 32219-,,,3031.81,,002673-0100,2026-01-20T22:22:38.088680,existing_csv,delinquent,False,0,32219-
2913 ROSSELLE ST JACKSONVILLE 32205-,,,3032.61,,063450-0000,2026-01-20T22:22:38.088680,existing_csv,delinquent,False,0,32205-
5925 TAVERNIER ST JACKSONVILLE 32258-,,,3032.81,,168084-2630,2026-01-20T22:22:38.088680,existing_csv,delinquent,False,0,32258-
5524 COMMUNITY OAKS CT JACKSONVILLE 32207-,,,3033.82,,147979-1012,2026-01-20T22:22:38.088680,existing_csv,delinquent,False,0,32207-
1181 HAMILTON ST JACKSONVILLE 32205-,,,3038.68,,065486-0000,2026-01-20T22:22:38.088680,existing_csv,delinquent,False,0,32205-
6544 PICKETTVILLE RD JACKSONVILLE 32254-,,,3039.99,,004360-0000,2026-01-20T22:22:38.088680,existing_csv,delinquent,False,0,32254-
6214 PINELOCK DR JACKSONVILLE 32211-,,,3042.22,,142166-0000,2026-01-20T22:22:38.088680,existing_csv,delinquent,False,0,32211-
366 SAGO AVE JACKSONVILLE 32218-,,,3042.57,,107038-0000,2026-01-20T22:22:38.088680,existing_csv,delinquent,False,0,32218-
9917 BAYVIEW AVE JACKSONVILLE 32208-,,,3043.28,,029759-0000,2026-01-20T22:22:38.088680,existing_csv,delinquent,False,0,32208-
60 SIMMONS RD ATLANTIC BEACH 32233-,,,3043.64,,172175-0000,2026-01-20T22:22:38.088680,existing_csv,delinquent,False,0,32233-
1211 N BLUEHILL DR JACKSONVILLE 32218-,,,3044.14,,044112-0190,2026-01-20T22:22:38.088680,existing_csv,delinquent,False,0,32218-
16190 SAWPIT RD JACKSONVILLE 32226-,,,3045.18,,159665-0332,2026-01-20T22:22:38.088680,existing_csv,delinquent,False,0,32226-
219 S MCDUFF AVE JACKSONVILLE 32254-,,,3046.53,,056568-0000,2026-01-20T22:22:38.088680,existing_csv,delinquent,False,0,32254-
2403 EDISON AVE JACKSONVILLE 32204-,,,3049.3,,055802-0000,2026-01-20T22:22:38.088680,existing_csv,delinquent,False,0,32204-
3519 HICKORYNUT ST JACKSONVILLE 32208-,,,3050.05,,023027-0000,2026-01-20T22:22:38.088680,existing_csv,delinquent,False,0,32208-
6148 SUDBURY AVE JACKSONVILLE 32210-,,,3051.94,,104990-0000,2026-01-20T22:22:38.088680,existing_csv,delinquent,False,0,32210-
8945 REGINA RD JACKSONVILLE 32257-,,,3052.63,,149234-0000,2026-01-20T22:22:38.089680,existing_csv,delinquent,False,0,32257-
7819 MATTOX AVE JACKSONVILLE 32219-,,,3053.14,,021352-0010,2026-01-20T22:22:38.089680,existing_csv,delinquent,False,0,32219-
1050 CONGLETON TER JACKSONVILLE 32205-,,,3055.69,,079053-0000,2026-01-20T22:22:38.089680,existing_csv,delinquent,False,0,32205-
5956 REDBERRY LN JACKSONVILLE 32211-,,,3057.29,,116314-0000,2026-01-20T22:22:38.089680,existing_csv,delinquent,False,0,32211-
5636 OLD KINGS RD JACKSONVILLE 32254-,,,3057.47,,083347-0000,2026-01-20T22:22:38.089680,existing_csv,delinquent,False,0,32254-
2264 W 28TH ST JACKSONVILLE 32209-,,,3058.71,,047393-0010,2026-01-20T22:22:38.089680,existing_csv,delinquent,False,0,32209-
533 BIRD RD JACKSONVILLE 32218-,,,3059,,106227-0000,2026-01-20T22:22:38.089680,existing_csv,delinquent,False,0,32218-
2631 BETHEL RD JACKSONVILLE 32210-,,,3059.6,,012565-0000,2026-01-20T22:22:38.089680,existing_csv,delinquent,False,0,32210-
1714 LAWSON RD JACKSONVILLE 32246-,,,3060.07,,164698-0000,2026-01-20T22:22:38.089680,existing_csv,delinquent,False,0,32246-
3909 MUSKET TRL JACKSONVILLE 32277-,,,3060.87,,111414-0260,2026-01-20T22:22:38.089680,existing_csv,delinquent,False,0,32277-
1201 CASSAT AVE JACKSONVILLE 32205-,,,3062.78,,066334-0000,2026-01-20T22:22:38.089680,existing_csv,delinquent,False,0,32205-
4850 PARETE CIR JACKSONVILLE 32218-,,,3063.32,,019596-0000,2026-01-20T22:22:38.089680,existing_csv,delinquent,False,0,32218-
15 HYATT LN JACKSONVILLE 32218-,,,3065.6,,107854-0040,2026-01-20T22:22:38.089680,existing_csv,delinquent,False,0,32218-
5340 TIMUQUANA RD JACKSONVILLE 32210-,,,3068.1,,103243-0000,2026-01-20T22:22:38.089680,existing_csv,delinquent,False,0,32210-
942 WONDERWOOD DR JACKSONVILLE 32233-,,,3068.49,,168390-0000,2026-01-20T22:22:38.089680,existing_csv,delinquent,False,0,32233-
183 E MAY ST BALDWIN 32234-,,,3068.85,,000472-1020,2026-01-20T22:22:38.089680,existing_csv,delinquent,True,9592.69,32234-
2802 COACHMAN LAKES DR JACKSONVILLE 32246-,,,3069.51,,166286-8035,2026-01-20T22:22:38.089680,existing_csv,delinquent,False,0,32246-
2318 W 13TH ST JACKSONVILLE 32209-,,,3069.54,,047240-0000,2026-01-20T22:22:38.089680,existing_csv,delinquent,False,0,32209-
9926 LEAHY RD JACKSONVILLE 32246-,,,3069.55,,124040-0000,2026-01-20T22:22:38.089680,existing_csv,delinquent,False,0,32246-
932 S HALSEMA RD JACKSONVILLE 32221-,,,3072.3,,001929-0100,2026-01-20T22:22:38.089680,existing_csv,delinquent,False,0,32221-
11731 SAINTS RD 1 JACKSONVILLE 32246-,,,3072.6,,165287-9918,2026-01-20T22:22:38.089680,existing_csv,delinquent,False,0,32246-
3920 HICKORY GROVE DR JACKSONVILLE 32277-,,,3073.98,,112853-0682,2026-01-20T22:22:38.089680,existing_csv,delinquent,False,0,32277-
8904 DEVONSHIRE BLVD JACKSONVILLE 32208-,,,3074.13,,038001-0000,2026-01-20T22:22:38.089680,existing_csv,delinquent,False,0,32208-
2725 CLARA RD JACKSONVILLE 32216-,,,3074.18,,154590-0000,2026-01-20T22:22:38.089680,existing_csv,delinquent,False,0,32216-
7944 FALLON OAKS LN JACKSONVILLE 32277-,,,3076.04,,109044-4276,2026-01-20T22:22:38.089680,existing_csv,delinquent,False,0,32277-
7686 STRATO RD JACKSONVILLE 32210-,,,3077.56,,014273-2008,2026-01-20T22:22:38.089680,existing_csv,delinquent,False,0,32210-
6226 E MERCER CIR JACKSONVILLE 32217-,,,3079.24,,146842-0000,2026-01-20T22:22:38.089680,existing_csv,delinquent,False,0,32217-
7990 E BAYMEADOWS RD 1012 JACKSONVILLE 32256-,,,3079.88,,167747-1146,2026-01-20T22:22:38.089680,existing_csv,delinquent,False,0,32256-
9156 LEM TURNER RD JACKSONVILLE 32208-,,,3082.92,,036053-0000,2026-01-20T22:22:38.089680,existing_csv,delinquent,False,0,32208-
5865 110TH ST JACKSONVILLE 32244-,,,3083.07,,098000-0000,2026-01-20T22:22:38.089680,existing_csv,delinquent,False,0,32244-
5328 S DOSTIE DR JACKSONVILLE 32209-,,,3083.34,,042016-0000,2026-01-20T22:22:38.089680,existing_csv,delinquent,False,0,32209-
5103 THORDEN RD JACKSONVILLE 32207-,,,3085.27,,136598-0020,2026-01-20T22:22:38.089680,existing_csv,delinquent,False,0,32207-
3517 PEELER RD 13 JACKSONVILLE 32277-,,,3086.17,,113313-1026,2026-01-20T22:22:38.089680,existing_csv,delinquent,False,0,32277-
2354 N EDGEWOOD AVE JACKSONVILLE 32254-,,,3089.43,,048866-0000,2026-01-20T22:22:38.089680,existing_csv,delinquent,False,0,32254-
729 WEST ST JACKSONVILLE 32204-,,,3089.84,,064886-0000,2026-01-20T22:22:38.090678,existing_csv,delinquent,False,0,32204-
2479 EGRETS GLADE DR JACKSONVILLE 32224-,,,3095.9,,167444-9245,2026-01-20T22:22:38.090678,existing_csv,delinquent,False,0,32224-
122 KIRK RD JACKSONVILLE 32218-,,,3097.97,,108325-0000,2026-01-20T22:22:38.090678,existing_csv,delinquent,False,0,32218-
4678 SUNBEAM RD JACKSONVILLE 32257-,,,3099.24,,149020-0000,2026-01-20T22:22:38.090678,existing_csv,delinquent,False,0,32257-
5652 FINCH AVE JACKSONVILLE 32219-,,,3102.81,,041915-0986,2026-01-20T22:22:38.090678,existing_csv,delinquent,False,0,32219-
1056 ALMEDA ST JACKSONVILLE 32209-,,,3103.64,,050638-0000,2026-01-20T22:22:38.090678,existing_csv,delinquent,False,0,32209-
1842 FAYE RD JACKSONVILLE 32218-,,,3104.15,,110724-0000,2026-01-20T22:22:38.090678,existing_csv,delinquent,False,0,32218-
3103 N EDGEWOOD AVE JACKSONVILLE 32254-,,,3110.36,,083870-0010,2026-01-20T22:22:38.090678,existing_csv,delinquent,False,0,32254-
315 N 15TH ST JACKSONVILLE BEACH 32250-,,,3114.04,,178069-0000,2026-01-20T22:22:38.090678,existing_csv,delinquent,False,0,32250-
2815 SOUTHSIDE BLVD JACKSONVILLE 32216-,,,3116.4,,123768-0000,2026-01-20T22:22:38.090678,existing_csv,delinquent,False,0,32216-
1405 TRACY RD JACKSONVILLE 32211-,,,3116.46,,120872-0000,2026-01-20T22:22:38.090678,existing_csv,delinquent,False,0,32211-
2040 TAUNTON RD JACKSONVILLE 32207-,,,3120.39,,135353-0000,2026-01-20T22:22:38.090678,existing_csv,delinquent,False,0,32207-
8100 W CONCORD BLVD JACKSONVILLE 32208-,,,3121.28,,023335-0000,2026-01-20T22:22:38.090678,existing_csv,delinquent,False,0,32208-
330 E 1ST ST JACKSONVILLE 32206-,,,3124.29,,072879-0000,2026-01-20T22:22:38.090678,existing_csv,delinquent,False,0,32206-
13700 N RICHMOND PARK DR 306 JACKSONVILLE 32224-,,,3124.84,,167453-5052,2026-01-20T22:22:38.090678,existing_csv,delinquent,False,0,32224-
1542 PARKWOOD ST JACKSONVILLE 32207-,,,3125.8,,069918-0000,2026-01-20T22:22:38.090678,existing_csv,delinquent,False,0,32207-
4808 HIGHWAY AVE JACKSONVILLE 32254-,,,3126.12,,060693-0000,2026-01-20T22:22:38.090678,existing_csv,delinquent,False,0,32254-
4147 SKYCREST DR JACKSONVILLE 32246-,,,3126.18,,128141-0000,2026-01-20T22:22:38.091678,existing_csv,delinquent,False,0,32246-
5309 HOLLYCREST DR JACKSONVILLE 32205-,,,3129.42,,067482-0000,2026-01-20T22:22:38.091678,existing_csv,delinquent,False,0,32205-
637 FERNWORTH DR JACKSONVILLE 32211-,,,3129.62,,128914-0000,2026-01-20T22:22:38.091678,existing_csv,delinquent,False,0,32211-
2304 LEONID RD JACKSONVILLE 32218-,,,3130.51,,043495-0000,2026-01-20T22:22:38.091678,existing_csv,delinquent,False,0,32218-
837 FERNWAY ST JACKSONVILLE 32208-,,,3134.41,,031774-0000,2026-01-20T22:22:38.091678,existing_csv,delinquent,False,0,32208-
3147 GREENFIELD BLVD JACKSONVILLE 32216-,,,3137.33,,154899-0000,2026-01-20T22:22:38.091678,existing_csv,delinquent,False,0,32216-
10150 LONE STAR RD JACKSONVILLE 32225-,,,3138.35,,162885-0135,2026-01-20T22:22:38.091678,existing_csv,delinquent,False,0,32225-
2054 WILSON AVE JACKSONVILLE 32207-,,,3142.1,,135366-0070,2026-01-20T22:22:38.091678,existing_csv,delinquent,False,0,32207-
6856 SNOW WHITE DR JACKSONVILLE 32210-,,,3143.19,,016920-0000,2026-01-20T22:22:38.091678,existing_csv,delinquent,False,0,32210-
1827 MARKET ST JACKSONVILLE 32206-,,,3148.53,,071865-0000,2026-01-20T22:22:38.091678,existing_csv,delinquent,False,0,32206-
6376 BARRY DR JACKSONVILLE 32208-,,,3148.59,,026019-0000,2026-01-20T22:22:38.091678,existing_csv,delinquent,False,0,32208-
2822 STANWOOD AVE JACKSONVILLE 32207-,,,3150.85,,125700-0000,2026-01-20T22:22:38.091678,existing_csv,delinquent,False,0,32207-
11731 SAINTS RD 1 JACKSONVILLE 32246-,,,3153.69,,165287-9918,2026-01-20T22:22:38.091678,existing_csv,delinquent,False,0,32246-
107 W 18TH ST JACKSONVILLE 32206-,,,3156.75,,044382-0000,2026-01-20T22:22:38.091678,existing_csv,delinquent,False,0,32206-
1132 EDGEWOOD AVE JACKSONVILLE 32205-,,,3158.17,,061520-0010,2026-01-20T22:22:38.091678,existing_csv,delinquent,False,0,32205-
365 DURAY CT JACKSONVILLE 32208-,,,3159.14,,035490-0000,2026-01-20T22:22:38.091678,existing_csv,delinquent,False,0,32208-
5536 BISHOP LN JACKSONVILLE 32207-,,,3159.54,,147707-0000,2026-01-20T22:22:38.091678,existing_csv,delinquent,False,0,32207-
503 E 63RD ST JACKSONVILLE 32208-,,,3159.83,,033778-0000,2026-01-20T22:22:38.091678,existing_csv,delinquent,False,0,32208-
1650 ACADEMY ST JACKSONVILLE 32209-,,,3161.83,,051351-0000,2026-01-20T22:22:38.091678,existing_csv,delinquent,False,0,32209-
8652 APRIL ST JACKSONVILLE 32244-,,,3163.11,,013583-0420,2026-01-20T22:22:38.091678,existing_csv,delinquent,False,0,32244-
2032 REED AVE JACKSONVILLE 32207-,,,3164.82,,080174-0000,2026-01-20T22:22:38.091678,existing_csv,delinquent,False,0,32207-
7627 ELVIA DR JACKSONVILLE 32211-,,,3165.34,,119041-0000,2026-01-20T22:22:38.091678,existing_csv,delinquent,False,0,32211-
850 TAMMY COVE LN JACKSONVILLE 32218-,,,3167.1,,044281-6870,2026-01-20T22:22:38.091678,existing_csv,delinquent,False,0,32218-
210 CAHOON RD JACKSONVILLE 32220-,,,3168.2,,005601-0000,2026-01-20T22:22:38.092678,existing_csv,delinquent,False,0,32220-
7523 N MAIN ST JACKSONVILLE 32208-,,,3168.6,,033983-0000,2026-01-20T22:22:38.092678,existing_csv,delinquent,False,0,32208-
3585 CAROLINE VALE BLVD JACKSONVILLE 32277-,,,3169.54,,113014-6355,2026-01-20T22:22:38.092678,existing_csv,delinquent,False,0,32277-
6621 SHADY OAK DR JACKSONVILLE 32277-,,,3170.19,,116865-0000,2026-01-20T22:22:38.092678,existing_csv,delinquent,False,0,32277-
4713 HATTERAS RD JACKSONVILLE 32208-,,,3172.44,,039516-0000,2026-01-20T22:22:38.092678,existing_csv,delinquent,False,0,32208-
5118 PARK ST JACKSONVILLE 32205-,,,3172.49,,068003-0000,2026-01-20T22:22:38.092678,existing_csv,delinquent,False,0,32205-
7266 VELVET OAKS CT JACKSONVILLE 32277-,,,3172.61,,111493-1790,2026-01-20T22:22:38.092678,existing_csv,delinquent,False,0,32277-
5620 REDPOLL AVE JACKSONVILLE 32219-,,,3175,,021293-0010,2026-01-20T22:22:38.092678,existing_csv,delinquent,False,0,32219-
1630 LAUDER AVE JACKSONVILLE 32208-,,,3177.91,,032193-0050,2026-01-20T22:22:38.092678,existing_csv,delinquent,False,0,32208-
410 KIRK RD JACKSONVILLE 32218-,,,3181.36,,108319-0010,2026-01-20T22:22:38.092678,existing_csv,delinquent,False,0,32218-
2547 DELLWOOD AVE JACKSONVILLE 32204-,,,3181.41,,065030-0000,2026-01-20T22:22:38.092678,existing_csv,delinquent,False,0,32204-
2005 BLAIR RD JACKSONVILLE 32221-,,,3183.84,,009007-0050,2026-01-20T22:22:38.092678,existing_csv,delinquent,False,0,32221-
4531 LAMBING RD JACKSONVILLE 32210-,,,3185.54,,013179-0000,2026-01-20T22:22:38.092678,existing_csv,delinquent,False,0,32210-
4125 W RUBY DR JACKSONVILLE 32246-,,,3186.78,,124771-0000,2026-01-20T22:22:38.092678,existing_csv,delinquent,False,0,32246-
1695 CANTERBURY ST JACKSONVILLE 32205-,,,3188.05,,092584-0000,2026-01-20T22:22:38.092678,existing_csv,delinquent,False,0,32205-
1449 CARPATHIAN DR JACKSONVILLE 32218-,,,3188.16,,019586-1865,2026-01-20T22:22:38.092678,existing_csv,delinquent,False,0,32218-
2318 N LANTANA AVE JACKSONVILLE 32209-,,,3189.64,,028510-0000,2026-01-20T22:22:38.092678,existing_csv,delinquent,False,0,32209-
707 FERNWORTH DR JACKSONVILLE 32211-,,,3189.74,,128915-0000,2026-01-20T22:22:38.092678,existing_csv,delinquent,False,0,32211-
2430 HUGH EDWARDS DR JACKSONVILLE 32210-,,,3190.25,,018001-0000,2026-01-20T22:22:38.092678,existing_csv,delinquent,False,0,32210-
781 LIBRA ST JACKSONVILLE 32216-,,,3191.44,,145183-5064,2026-01-20T22:22:38.092678,existing_csv,delinquent,False,0,32216-
4022 W GILLISLEE DR JACKSONVILLE 32209-,,,3192.63,,027714-0000,2026-01-20T22:22:38.092678,existing_csv,delinquent,False,0,32209-
115 W 10TH ST JACKSONVILLE 32206-,,,3194.11,,073093-0000,2026-01-20T22:22:38.092678,existing_csv,delinquent,False,0,32206-
9371 HOLLAND ST JACKSONVILLE 32211-,,,3194.6,,120730-0000,2026-01-20T22:22:38.096678,existing_csv,delinquent,False,0,32211-
7550 BOWDEN RD JACKSONVILLE 32216-,,,3197.33,,154492-0010,2026-01-20T22:22:38.096678,existing_csv,delinquent,False,0,32216-
3133 POST ST JACKSONVILLE 32205-,,,3197.41,,064098-0000,2026-01-20T22:22:38.096678,existing_csv,delinquent,False,0,32205-
6182 LAKE LUGANO DR 6182 JACKSONVILLE 32256-,,,3198.11,,148632-0652,2026-01-20T22:22:38.096678,existing_csv,delinquent,False,0,32256-
3639 RENDALE DR JACKSONVILLE 32210-,,,3199.07,,104750-0000,2026-01-20T22:22:38.096678,existing_csv,delinquent,False,0,32210-
2549 DELLWOOD AVE JACKSONVILLE 32204-,,,3202.01,,065030-0100,2026-01-20T22:22:38.096678,existing_csv,delinquent,False,0,32204-
,,,3204.06,,000426-0005,2026-01-20T22:22:38.096678,existing_csv,delinquent,False,0,32234-
3922 ORLANDO TER JACKSONVILLE 32207-,,,3204.19,,069770-0000,2026-01-20T22:22:38.096678,existing_csv,delinquent,False,0,32207-
122 ST JOHNS BLUFF RD JACKSONVILLE 32225-,,,3208.29,,163181-0000,2026-01-20T22:22:38.096678,existing_csv,delinquent,False,0,32225-
FRANCES ST JACKSONVILLE 32225-,,,3209.96,,163194-0000,2026-01-20T22:22:38.096678,existing_csv,delinquent,False,0,32225-
1927 N LIBERTY ST JACKSONVILLE 32206-,,,3210,,072136-0000,2026-01-20T22:22:38.096678,existing_csv,delinquent,False,0,32206-
1736 W FOREST LAKE CIR 3 JACKSONVILLE 32225-,,,3211.02,,161132-7567,2026-01-20T22:22:38.096678,existing_csv,delinquent,False,0,32225-
239 E 18TH ST JACKSONVILLE 32206-,,,3211.53,,044635-0000,2026-01-20T22:22:38.096678,existing_csv,delinquent,False,0,32206-
1236 AMERICAN EAGLE LN JACKSONVILLE 32225-,,,3212.52,,162109-4550,2026-01-20T22:22:38.096678,existing_csv,delinquent,False,0,32225-
3591 S KERNAN BLVD 214 JACKSONVILLE 32224-,,,3213.79,,167067-6460,2026-01-20T22:22:38.096678,existing_csv,delinquent,False,0,32224-
7718 ALPHONS ST JACKSONVILLE 32256-,,,3215.06,,168021-0000,2026-01-20T22:22:38.096678,existing_csv,delinquent,False,0,32256-
791 ASSISI LN 1508 JACKSONVILLE 32233-,,,3215.39,,169385-1220,2026-01-20T22:22:38.096678,existing_csv,delinquent,False,0,32233-
1916 N UNIVERSITY BLVD JACKSONVILLE 32211-,,,3217.57,,128670-0000,2026-01-20T22:22:38.097676,existing_csv,delinquent,False,0,32211-
939 FIELDS RD 1 JACKSONVILLE 32218-,,,3219.16,,106808-0020,2026-01-20T22:22:38.097676,existing_csv,delinquent,False,0,32218-
2132 W 40TH ST JACKSONVILLE 32209-,,,3219.47,,086437-0000,2026-01-20T22:22:38.097676,existing_csv,delinquent,False,0,32209-
2205 S BARRY DR JACKSONVILLE 32208-,,,3219.83,,026147-0000,2026-01-20T22:22:38.097676,existing_csv,delinquent,False,0,32208-
5530 TIMUQUANA RD JACKSONVILLE 32210-,,,3220.96,,103165-0000,2026-01-20T22:22:38.097676,existing_csv,delinquent,False,0,32210-
6853 SEABOARD AVE JACKSONVILLE 32244-,,,3221.09,,098374-1000,2026-01-20T22:22:38.097676,existing_csv,delinquent,False,0,32244-
3255 CLYDE DR JACKSONVILLE 32208-,,,3226.64,,023298-0000,2026-01-20T22:22:38.097676,existing_csv,delinquent,False,0,32208-
12672 MEADOWSWEET LN JACKSONVILLE 32225-,,,3227.75,,162224-5100,2026-01-20T22:22:38.097676,existing_csv,delinquent,False,0,32225-
5865 110TH ST JACKSONVILLE 32244-,,,3229.34,,098000-0000,2026-01-20T22:22:38.097676,existing_csv,delinquent,False,0,32244-
11731 SAINTS RD 2 JACKSONVILLE 32246-,,,3229.48,,165287-9920,2026-01-20T22:22:38.097676,existing_csv,delinquent,False,0,32246-
6916 KEITHAN RD JACKSONVILLE 32220-,,,3229.64,,004425-0000,2026-01-20T22:22:38.097676,existing_csv,delinquent,True,3168.53,32220-
1584 PALM AVE 1584 JACKSONVILLE 32207-,,,3234.75,,080620-1174,2026-01-20T22:22:38.097676,existing_csv,delinquent,False,0,32207-
780 GARDENIA LN JACKSONVILLE 32208-,,,3235.03,,022821-0000,2026-01-20T22:22:38.097676,existing_csv,delinquent,False,0,32208-
3611 MONCRIEF RD JACKSONVILLE 32209-,,,3237.52,,088762-0000,2026-01-20T22:22:38.097676,existing_csv,delinquent,False,0,32209-
9358 SIBBALD RD JACKSONVILLE 32208-,,,3238.19,,041916-0540,2026-01-20T22:22:38.097676,existing_csv,delinquent,False,0,32208-
5310 PLYMOUTH ST JACKSONVILLE 32205-,,,3240,,067543-0000,2026-01-20T22:22:38.097676,existing_csv,delinquent,False,0,32205-
2344 FOREST HILLS RD JACKSONVILLE 32208-,,,3240.12,,024944-0000,2026-01-20T22:22:38.097676,existing_csv,delinquent,False,0,32208-
11660 MARINA DR JACKSONVILLE 32246-,,,3240.4,,165583-0000,2026-01-20T22:22:38.097676,existing_csv,delinquent,False,0,32246-
8210 GREEN PARROT RD 101 JACKSONVILLE 32256-,,,3244.89,,147984-2020,2026-01-20T22:22:38.097676,existing_csv,delinquent,False,0,32256-
1718 FOREST BLVD JACKSONVILLE 32246-,,,3245.3,,123158-0000,2026-01-20T22:22:38.097676,existing_csv,delinquent,False,0,32246-
2078 CASSAT AVE JACKSONVILLE 32210-,,,3246.8,,095035-0000,2026-01-20T22:22:38.097676,existing_csv,delinquent,False,0,32210-
906 CARROLLTON RD JACKSONVILLE 32208-,,,3252.16,,022812-0000,2026-01-20T22:22:38.097676,existing_csv,delinquent,False,0,32208-
5746 TEMPEST ST JACKSONVILLE 32244-,,,3255.68,,097178-0000,2026-01-20T22:22:38.097676,existing_csv,delinquent,False,0,32244-
3740 CULP DR JACKSONVILLE 32277-,,,3259.01,,111695-0000,2026-01-20T22:22:38.097676,existing_csv,delinquent,False,0,32277-
2141 E MAPLE LEAF DR JACKSONVILLE 32211-,,,3260.31,,116421-0000,2026-01-20T22:22:38.097676,existing_csv,delinquent,False,0,32211-
115 W 8TH ST JACKSONVILLE 32206-,,,3260.39,,071794-0000,2026-01-20T22:22:38.097676,existing_csv,delinquent,False,0,32206-
2253 N US 301 HWY JACKSONVILLE 32234-,,,3260.48,,000006-0100,2026-01-20T22:22:38.097676,existing_csv,delinquent,False,0,32234-
6805 ELWOOD AVE JACKSONVILLE 32208-,,,3262.28,,035525-0000,2026-01-20T22:22:38.097676,existing_csv,delinquent,False,0,32208-
7521 PINNACLE DR JACKSONVILLE 32221-,,,3264.01,,007643-0000,2026-01-20T22:22:38.097676,existing_csv,delinquent,False,0,32221-
1148 CASSAT AVE 1 JACKSONVILLE 32205-,,,3265.86,,066624-0000,2026-01-20T22:22:38.097676,existing_csv,delinquent,False,0,32205-
6796 KINLOCK DR JACKSONVILLE 32219-,,,3267.89,,041854-0000,2026-01-20T22:22:38.097676,existing_csv,delinquent,False,0,32219-
2145 N UNIVERSITY BLVD JACKSONVILLE 32211-,,,3270.97,,117296-0000,2026-01-20T22:22:38.097676,existing_csv,delinquent,False,0,32211-
7801 POINT MEADOWS DR 5407 JACKSONVILLE 32256-,,,3272.31,,167745-2572,2026-01-20T22:22:38.097676,existing_csv,delinquent,False,0,32256-
1044 HIBISCUS ST ATLANTIC BEACH 32233-,,,3274.25,,171002-0065,2026-01-20T22:22:38.098675,existing_csv,delinquent,False,0,32233-
839 A PHILIP RANDOLPH BLVD JACKSONVILLE 32206-,,,3274.34,,122401-0000,2026-01-20T22:22:38.098675,existing_csv,delinquent,False,0,32206-
5865 110TH ST JACKSONVILLE 32244-,,,3275.04,,098000-0000,2026-01-20T22:22:38.098675,existing_csv,delinquent,False,0,32244-
LENOX AVE JACKSONVILLE 32205-,,,3277,,067125-0000,2026-01-20T22:22:38.098675,existing_csv,delinquent,False,0,32205-
5029 CAPE ROMAIN CT JACKSONVILLE 32277-,,,3277.27,,112332-3335,2026-01-20T22:22:38.098675,existing_csv,delinquent,False,0,32277-
5518 KILCULLEN LN JACKSONVILLE 32244-,,,3283.64,,099135-0030,2026-01-20T22:22:38.098675,existing_csv,delinquent,False,0,32244-
6528 SUNSET DR JACKSONVILLE 32208-,,,3283.94,,034359-0000,2026-01-20T22:22:38.098675,existing_csv,delinquent,False,0,32208-
12544 SAPP RD JACKSONVILLE 32226-,,,3289.33,,106916-0000,2026-01-20T22:22:38.098675,existing_csv,delinquent,False,0,32226-
2261 SPRING PARK RD JACKSONVILLE 32207-,,,3289.42,,125245-0000,2026-01-20T22:22:38.098675,existing_csv,delinquent,False,0,32207-
11623 DUNN CREEK RD JACKSONVILLE 32218-,,,3292.58,,110640-0030,2026-01-20T22:22:38.098675,existing_csv,delinquent,False,0,32218-
6342 ORTEGA FARMS BLVD JACKSONVILLE 32244-,,,3297.83,,103347-0010,2026-01-20T22:22:38.098675,existing_csv,delinquent,False,0,32244-
4553 POST ST JACKSONVILLE 32205-,,,3298.69,,062393-0000,2026-01-20T22:22:38.098675,existing_csv,delinquent,False,0,32205-
2524 QUAIL AVE JACKSONVILLE 32218-,,,3299.07,,043552-0000,2026-01-20T22:22:38.098675,existing_csv,delinquent,False,0,32218-
1902 ROGERO RD JACKSONVILLE 32211-,,,3299.37,,142053-0000,2026-01-20T22:22:38.098675,existing_csv,delinquent,False,0,32211-
961 ARDMORE ST JACKSONVILLE 32208-,,,3299.45,,032421-0000,2026-01-20T22:22:38.098675,existing_csv,delinquent,False,0,32208-
4333 ROTH DR JACKSONVILLE 32209-,,,3303.68,,041669-0000,2026-01-20T22:22:38.098675,existing_csv,delinquent,False,0,32209-
3817 E COPPER CIR JACKSONVILLE 32207-,,,3309.6,,126353-0000,2026-01-20T22:22:38.098675,existing_csv,delinquent,False,0,32207-
4296 S KATANGA DR JACKSONVILLE 32209-,,,3309.98,,041374-0000,2026-01-20T22:22:38.098675,existing_csv,delinquent,False,0,32209-
11748 COLLINS CREEK DR JACKSONVILLE 32258-,,,3312.1,,157191-1530,2026-01-20T22:22:38.098675,existing_csv,delinquent,False,0,32258-
3805 ANVERS BLVD JACKSONVILLE 32210-,,,3313.21,,016612-0000,2026-01-20T22:22:38.098675,existing_csv,delinquent,False,0,32210-
137 ORANGEDALE AVE JACKSONVILLE 32218-,,,3314.82,,108022-0000,2026-01-20T22:22:38.098675,existing_csv,delinquent,False,0,32218-
10050 NOROAD JACKSONVILLE 32210-,,,3316.17,,012960-0000,2026-01-20T22:22:38.098675,existing_csv,delinquent,False,0,32210-
4154 TROUT RIVER BLVD JACKSONVILLE 32208-,,,3316.37,,029290-0000,2026-01-20T22:22:38.098675,existing_csv,delinquent,False,0,32208-
324 WOODBINE ST JACKSONVILLE 32206-,,,3317.85,,086505-0000,2026-01-20T22:22:38.098675,existing_csv,delinquent,False,0,32206-
1142 N LIBERTY ST JACKSONVILLE 32206-,,,3319.03,,072763-0000,2026-01-20T22:22:38.098675,existing_csv,delinquent,False,0,32206-
6835 KEITHAN RD JACKSONVILLE 32220-,,,3319.33,,004433-0000,2026-01-20T22:22:38.098675,existing_csv,delinquent,False,0,32220-
5839 CEDAR OAKS DR JACKSONVILLE 32210-,,,3323.66,,104681-0000,2026-01-20T22:22:38.098675,existing_csv,delinquent,False,0,32210-
3210 RIBAULT SCENIC DR JACKSONVILLE 32208-,,,3325.3,,025465-0000,2026-01-20T22:22:38.098675,existing_csv,delinquent,False,0,32208-
4925 AVENT DR JACKSONVILLE 32244-,,,3327.8,,098545-0000,2026-01-20T22:22:38.098675,existing_csv,delinquent,False,0,32244-
2519 SOUTEL DR JACKSONVILLE 32208-,,,3328.44,,035778-0000,2026-01-20T22:22:38.098675,existing_csv,delinquent,False,0,32208-
N CHAFFEE RD JACKSONVILLE 32220-,,,3328.9,,001474-0110,2026-01-20T22:22:38.098675,existing_csv,delinquent,False,0,32220-
6525 SHINDLER DR JACKSONVILLE 32222-,,,3329.17,,015714-0025,2026-01-20T22:22:38.098675,existing_csv,delinquent,False,0,32222-
1456 DAKAR ST JACKSONVILLE 32205-,,,3335.5,,066014-0000,2026-01-20T22:22:38.098675,existing_csv,delinquent,False,0,32205-
45 5TH ST JACKSONVILLE 32206-,,,3337.23,,071227-0010,2026-01-20T22:22:38.098675,existing_csv,delinquent,False,0,32206-
2524 COMMUNITY RD JACKSONVILLE 32207-,,,3340.35,,147939-0000,2026-01-20T22:22:38.098675,existing_csv,delinquent,False,0,32207-
4639 ANVERS BLVD JACKSONVILLE 32210-,,,3340.96,,017187-0000,2026-01-20T22:22:38.098675,existing_csv,delinquent,False,0,32210-
8202 OLD ENGLISH DR JACKSONVILLE 32244-,,,3345.11,,015192-0216,2026-01-20T22:22:38.098675,existing_csv,delinquent,False,0,32244-
3808 SAN REMO DR JACKSONVILLE 32217-,,,3347.01,,151719-0000,2026-01-20T22:22:38.098675,existing_csv,delinquent,False,0,32217-
10140 LONE STAR RD JACKSONVILLE 32225-,,,3348.35,,162885-0120,2026-01-20T22:22:38.098675,existing_csv,delinquent,False,0,32225-
1116 DIVISION ST JACKSONVILLE 32254-,,,3349.16,,050412-0000,2026-01-20T22:22:38.098675,existing_csv,delinquent,False,0,32254-
8614 POSEY RD JACKSONVILLE 32220-,,,3351.41,,006972-0000,2026-01-20T22:22:38.099674,existing_csv,delinquent,False,0,32220-
7155 MATTHEW ST JACKSONVILLE 32210-,,,3352.6,,012286-0000,2026-01-20T22:22:38.099674,existing_csv,delinquent,False,0,32210-
2526 N LIBERTY ST JACKSONVILLE 32206-,,,3352.77,,044850-0000,2026-01-20T22:22:38.099674,existing_csv,delinquent,False,0,32206-
2550 NEW BERLIN RD JACKSONVILLE 32226-,,,3354.24,,106508-0000,2026-01-20T22:22:38.099674,existing_csv,delinquent,False,0,32226-
139 NAUGATUCK DR JACKSONVILLE 32225-,,,3354.45,,167316-1385,2026-01-20T22:22:38.099674,existing_csv,delinquent,False,0,32225-
2829 OAKCOVE LN JACKSONVILLE 32277-,,,3355.22,,116797-0000,2026-01-20T22:22:38.099674,existing_csv,delinquent,False,0,32277-
4560 OAKBROOKE CT JACKSONVILLE 32277-,,,3355.33,,108927-1706,2026-01-20T22:22:38.099674,existing_csv,delinquent,False,0,32277-
5030 JIES CT JACKSONVILLE 32209-,,,3355.35,,041628-0000,2026-01-20T22:22:38.099674,existing_csv,delinquent,False,0,32209-
6645 ALINE RD JACKSONVILLE 32244-,,,3355.87,,098262-0000,2026-01-20T22:22:38.099674,existing_csv,delinquent,False,0,32244-
8550 ARGYLE BUSINESS LOOP 1507 JACKSONVILLE 32244-,,,3357.74,,100705-3240,2026-01-20T22:22:38.099674,existing_csv,delinquent,False,0,32244-
9239 CASTLE BLVD JACKSONVILLE 32208-,,,3358.55,,038496-0000,2026-01-20T22:22:38.099674,existing_csv,delinquent,False,0,32208-
PARETE RD JACKSONVILLE 32218-,,,3360.19,,019595-0170,2026-01-20T22:22:38.099674,existing_csv,delinquent,False,0,32218-
1734 E 8TH ST JACKSONVILLE 32206-,,,3362.87,,115858-0000,2026-01-20T22:22:38.099674,existing_csv,delinquent,False,0,32206-
5345 BRIGHTON PARK LN JACKSONVILLE 32210-,,,3363.41,,012992-0055,2026-01-20T22:22:38.099674,existing_csv,delinquent,False,0,32210-
1740 DAVIDSON ST JACKSONVILLE 32207-,,,3366.38,,069971-0000,2026-01-20T22:22:38.099674,existing_csv,delinquent,False,0,32207-
1349 W 14TH ST JACKSONVILLE 32209-,,,3367.64,,046412-0000,2026-01-20T22:22:38.099674,existing_csv,delinquent,False,0,32209-
536 SAPELO RD JACKSONVILLE 32216-,,,3368.12,,138939-0000,2026-01-20T22:22:38.099674,existing_csv,delinquent,False,0,32216-
7531 PROXIMA RD JACKSONVILLE 32210-,,,3368.14,,096304-0000,2026-01-20T22:22:38.099674,existing_csv,delinquent,False,0,32210-
2422 W UNIVERSITY BLVD JACKSONVILLE 32217-,,,3372.09,,146760-0000,2026-01-20T22:22:38.099674,existing_csv,delinquent,False,0,32217-
670 N EDGEWOOD AVE JACKSONVILLE 32254-,,,3372.51,,059141-0060,2026-01-20T22:22:38.099674,existing_csv,delinquent,False,0,32254-
2679 W BEAVER ST JACKSONVILLE 32254-,,,3372.89,,057720-0000,2026-01-20T22:22:38.099674,existing_csv,delinquent,False,0,32254-
2147 BURGOYNE DR JACKSONVILLE 32208-,,,3375.36,,025985-0000,2026-01-20T22:22:38.099674,existing_csv,delinquent,False,0,32208-
538 SPRING FOREST AVE JACKSONVILLE 32216-,,,3378.63,,138842-0000,2026-01-20T22:22:38.099674,existing_csv,delinquent,False,0,32216-
659 S US 301 HWY BALDWIN 32234-,,,3382.19,,000531-0190,2026-01-20T22:22:38.099674,existing_csv,delinquent,False,0,32234-
7302 IRVING SCOTT DR JACKSONVILLE 32209-,,,3382.35,,041001-0000,2026-01-20T22:22:38.099674,existing_csv,delinquent,False,0,32209-
10185 NOROAD JACKSONVILLE 32210-,,,3382.66,,012962-0000,2026-01-20T22:22:38.099674,existing_csv,delinquent,False,0,32210-
4434 TIMBER BLUFF CT JACKSONVILLE 32224-,,,3383.09,,167457-2030,2026-01-20T22:22:38.099674,existing_csv,delinquent,False,0,32224-
1826 BANBURY RD JACKSONVILLE 32211-,,,3383.21,,117875-0000,2026-01-20T22:22:38.099674,existing_csv,delinquent,False,0,32211-
5900 LA MOYA AVE JACKSONVILLE 32210-,,,3383.8,,097567-0000,2026-01-20T22:22:38.099674,existing_csv,delinquent,False,0,32210-
7006 S TAMPICO RD JACKSONVILLE 32244-,,,3387.6,,096751-0000,2026-01-20T22:22:38.099674,existing_csv,delinquent,False,0,32244-
1515 N OLD MIDDLEBURG RD JACKSONVILLE 32210-,,,3388.91,,011649-0000,2026-01-20T22:22:38.099674,existing_csv,delinquent,False,0,32210-
5868 LENOX AVE JACKSONVILLE 32205-,,,3389.61,,011733-0000,2026-01-20T22:22:38.099674,existing_csv,delinquent,False,0,32205-
1815 NIBLICK DR JACKSONVILLE 32210-,,,3391.53,,068725-0000,2026-01-20T22:22:38.099674,existing_csv,delinquent,False,0,32210-
1642 LAUDER AVE JACKSONVILLE 32208-,,,3392.55,,032196-0000,2026-01-20T22:22:38.099674,existing_csv,delinquent,False,0,32208-
5904 ORTEGA FARMS BLVD JACKSONVILLE 32244-,,,3397.07,,103234-0060,2026-01-20T22:22:38.100674,existing_csv,delinquent,False,0,32244-
3510 BOUGAINVILLEA ST JACKSONVILLE 32254-,,,3397.14,,049080-0000,2026-01-20T22:22:38.100674,existing_csv,delinquent,False,0,32254-
2264 W 28TH ST JACKSONVILLE 32209-,,,3400.18,,047393-0010,2026-01-20T22:22:38.100674,existing_csv,delinquent,False,0,32209-
3132 ANNISTON RD JACKSONVILLE 32246-,,,3401.21,,164350-0000,2026-01-20T22:22:38.100674,existing_csv,delinquent,False,0,32246-
2604 BLUEBERRY LN JACKSONVILLE 32211-,,,3403.7,,116637-0000,2026-01-20T22:22:38.100674,existing_csv,delinquent,False,0,32211-
7274 TOWNSEND VILLAGE LN JACKSONVILLE 32277-,,,3403.91,,111368-1130,2026-01-20T22:22:38.100674,existing_csv,delinquent,False,0,32277-
1932 E ADAMS ST JACKSONVILLE 32202-,,,3404.03,,130603-0000,2026-01-20T22:22:38.100674,existing_csv,delinquent,False,0,32202-
6146 SUWANEE RD JACKSONVILLE 32217-,,,3404.38,,146757-0000,2026-01-20T22:22:38.100674,existing_csv,delinquent,False,0,32217-
10729 LEM TURNER RD JACKSONVILLE 32218-,,,3404.5,,020429-0000,2026-01-20T22:22:38.100674,existing_csv,delinquent,False,0,32218-
5515 SHARON TER JACKSONVILLE 32207-,,,3417.87,,135665-0000,2026-01-20T22:22:38.100674,existing_csv,delinquent,False,0,32207-
406 E 3RD ST JACKSONVILLE 32206-,,,3418.44,,072638-0000,2026-01-20T22:22:38.100674,existing_csv,delinquent,False,0,32206-
1299 W 45TH ST JACKSONVILLE 32208-,,,3419.16,,022738-0070,2026-01-20T22:22:38.101674,existing_csv,delinquent,False,0,32208-
7631 N CREST DR JACKSONVILLE 32221-,,,3421.99,,007349-0000,2026-01-20T22:22:38.101674,existing_csv,delinquent,False,0,32221-
8080 S TRIUMPH LN JACKSONVILLE 32244-,,,3425.98,,015192-0604,2026-01-20T22:22:38.101674,existing_csv,delinquent,False,0,32244-
702 MOORE AVE JACKSONVILLE 32208-,,,3427.27,,022397-0000,2026-01-20T22:22:38.101674,existing_csv,delinquent,False,0,32208-
5865 110TH ST JACKSONVILLE 32244-,,,3430.75,,098000-0000,2026-01-20T22:22:38.101674,existing_csv,delinquent,False,0,32244-
9626 W SPOTTSWOOD RD JACKSONVILLE 32208-,,,3431.02,,039408-0124,2026-01-20T22:22:38.101674,existing_csv,delinquent,False,0,32208-
2619 RENTZ RD JACKSONVILLE 32211-,,,3431.15,,118908-0000,2026-01-20T22:22:38.101674,existing_csv,delinquent,False,0,32211-
3718 N LYDIA ESTATES DR JACKSONVILLE 32218-,,,3431.23,,020170-1985,2026-01-20T22:22:38.101674,existing_csv,delinquent,False,0,32218-
E NEW BERLIN RD JACKSONVILLE 32226-,,,3431.8,,108755-0000,2026-01-20T22:22:38.101674,existing_csv,delinquent,False,0,32226-
1168 DANCY ST JACKSONVILLE 32205-,,,3436.5,,092383-0000,2026-01-20T22:22:38.101674,existing_csv,delinquent,False,0,32205-
1943 BANBURY RD JACKSONVILLE 32211-,,,3438.01,,117887-0000,2026-01-20T22:22:38.101674,existing_csv,delinquent,False,0,32211-
8457 RUCKMAN AVE JACKSONVILLE 32221-,,,3443.32,,008806-0318,2026-01-20T22:22:38.101674,existing_csv,delinquent,False,0,32221-
1471 MURRAY DR JACKSONVILLE 32205-,,,3447.5,,066085-0000,2026-01-20T22:22:38.101674,existing_csv,delinquent,False,0,32205-
1850 MAYPORT RD ATLANTIC BEACH 32233-,,,3450.54,,172075-0000,2026-01-20T22:22:38.101674,existing_csv,delinquent,False,0,32233-
2325 LIGUSTRUM RD JACKSONVILLE 32211-,,,3450.55,,118134-0000,2026-01-20T22:22:38.101674,existing_csv,delinquent,False,0,32211-
6024 S TERRY PARKER DR JACKSONVILLE 32211-,,,3452.54,,117697-0000,2026-01-20T22:22:38.101674,existing_csv,delinquent,False,0,32211-
2053 BULLS BAY HWY JACKSONVILLE 32220-,,,3457.23,,004860-0000,2026-01-20T22:22:38.101674,existing_csv,delinquent,False,0,32220-
4719 COLLEGE ST JACKSONVILLE 32205-,,,3457.23,,062877-0000,2026-01-20T22:22:38.101674,existing_csv,delinquent,False,0,32205-
2211 RIBAULT SCENIC DR JACKSONVILLE 32208-,,,3457.48,,025080-0000,2026-01-20T22:22:38.101674,existing_csv,delinquent,False,0,32208-
406 E 3RD ST JACKSONVILLE 32206-,,,3457.89,,072638-0000,2026-01-20T22:22:38.101674,existing_csv,delinquent,False,0,32206-
1835 SILVER ST JACKSONVILLE 32206-,,,3461.59,,071779-0000,2026-01-20T22:22:38.101674,existing_csv,delinquent,False,0,32206-
3464 NATALIE MEL LN JACKSONVILLE 32218-,,,3461.6,,020343-1375,2026-01-20T22:22:38.101674,existing_csv,delinquent,False,0,32218-
9420 WAGNER RD JACKSONVILLE 32219-,,,3462.78,,039978-0000,2026-01-20T22:22:38.101674,existing_csv,delinquent,False,0,32219-
1906 KINGS RD JACKSONVILLE 32209-,,,3464.26,,051272-0000,2026-01-20T22:22:38.101674,existing_csv,delinquent,False,0,32209-
1831 OAK WATER DR JACKSONVILLE 32225-,,,3464.35,,161230-5110,2026-01-20T22:22:38.102673,existing_csv,delinquent,False,0,32225-
4617 MORLEY LN JACKSONVILLE 32210-,,,3464.88,,017647-0000,2026-01-20T22:22:38.102673,existing_csv,delinquent,False,0,32210-
2510 FIRESTONE RD JACKSONVILLE 32210-,,,3467.07,,012405-0010,2026-01-20T22:22:38.102673,existing_csv,delinquent,False,0,32210-
7864 VOLVO ST JACKSONVILLE 32244-,,,3468.74,,097218-0000,2026-01-20T22:22:38.102673,existing_csv,delinquent,False,0,32244-
11537 W MONTEGO BAY DR JACKSONVILLE 32218-,,,3468.83,,044281-0668,2026-01-20T22:22:38.102673,existing_csv,delinquent,False,0,32218-
1445 GATELY RD JACKSONVILLE 32225-,,,3469.44,,162126-0110,2026-01-20T22:22:38.102673,existing_csv,delinquent,False,0,32225-
6933 OAKWOOD ST JACKSONVILLE 32208-,,,3469.56,,034106-0000,2026-01-20T22:22:38.102673,existing_csv,delinquent,False,0,32208-
6325 W CRANBERRY LN JACKSONVILLE 32244-,,,3479.91,,014603-4560,2026-01-20T22:22:38.102673,existing_csv,delinquent,True,7070.77,32244-
4107 PINEY BRANCH CT JACKSONVILLE 32257-,,,3481.4,,149077-1074,2026-01-20T22:22:38.102673,existing_csv,delinquent,False,0,32257-
7352 COLONY COVE LN JACKSONVILLE 32277-,,,3481.99,,111493-7066,2026-01-20T22:22:38.102673,existing_csv,delinquent,False,0,32277-
2745 W BEAVER ST JACKSONVILLE 32254-,,,3485.59,,057712-0000,2026-01-20T22:22:38.102673,existing_csv,delinquent,False,0,32254-
7879 LANCIA ST JACKSONVILLE 32244-,,,3486.7,,097052-0000,2026-01-20T22:22:38.102673,existing_csv,delinquent,False,0,32244-
9466 IRVINE ST JACKSONVILLE 32220-,,,3488.04,,006946-0000,2026-01-20T22:22:38.102673,existing_csv,delinquent,False,0,32220-
7228 PAUL HOWARD DR JACKSONVILLE 32222-,,,3488.71,,016175-0095,2026-01-20T22:22:38.102673,existing_csv,delinquent,False,0,32222-
10367 E MCLAURIN RD JACKSONVILLE 32256-,,,3491.44,,155534-0000,2026-01-20T22:22:38.102673,existing_csv,delinquent,False,0,32256-
12157 VERSAILLES ST JACKSONVILLE 32224-,,,3494.26,,166042-0010,2026-01-20T22:22:38.102673,existing_csv,delinquent,False,0,32224-
3915 N VICTORIA LANDING DR JACKSONVILLE 32208-,,,3496.03,,029430-1120,2026-01-20T22:22:38.102673,existing_csv,delinquent,False,0,32208-
2506 E MAYAPPLE RD JACKSONVILLE 32211-,,,3499.86,,119030-0000,2026-01-20T22:22:38.102673,existing_csv,delinquent,False,0,32211-
2056 REDWING ST JACKSONVILLE 32206-,,,3501.85,,055208-0000,2026-01-20T22:22:38.102673,existing_csv,delinquent,False,0,32206-
446 W 22ND ST JACKSONVILLE 32206-,,,3505.64,,087407-0000,2026-01-20T22:22:38.102673,existing_csv,delinquent,False,0,32206-
4207 RIBAULT RIVER LN JACKSONVILLE 32208-,,,3509.75,,030111-0000,2026-01-20T22:22:38.102673,existing_csv,delinquent,False,0,32208-
11614 CHAPPARELL RD JACKSONVILLE 32218-,,,3511.52,,019622-0130,2026-01-20T22:22:38.102673,existing_csv,delinquent,True,7092.11,32218-
5283 BRIGHTON PARK LN JACKSONVILLE 32210-,,,3511.55,,012992-0150,2026-01-20T22:22:38.102673,existing_csv,delinquent,False,0,32210-
2534 SEYMOUR ST JACKSONVILLE 32246-,,,3515.5,,165289-5008,2026-01-20T22:22:38.102673,existing_csv,delinquent,False,0,32246-
13163 SANDY DR JACKSONVILLE 32225-,,,3516.03,,162157-0010,2026-01-20T22:22:38.102673,existing_csv,delinquent,False,0,32225-
8925 EASTON RIVER DR JACKSONVILLE 32257-,,,3516.27,,148657-1115,2026-01-20T22:22:38.102673,existing_csv,delinquent,False,0,32257-
1405 TRACY RD JACKSONVILLE 32211-,,,3522.8,,120872-0000,2026-01-20T22:22:38.102673,existing_csv,delinquent,False,0,32211-
744 WEST ST JACKSONVILLE 32204-,,,3523.27,,064837-0100,2026-01-20T22:22:38.102673,existing_csv,delinquent,False,0,32204-
7615 ARGYLE FOREST BLVD JACKSONVILLE 32244-,,,3523.7,,016476-0000,2026-01-20T22:22:38.102673,existing_csv,delinquent,False,0,32244-
1886 BISCAYNE BAY CIR JACKSONVILLE 32218-,,,3524.46,,019701-4165,2026-01-20T22:22:38.102673,existing_csv,delinquent,False,0,32218-
619 IVA PL JACKSONVILLE 32208-,,,3525.45,,022571-0000,2026-01-20T22:22:38.102673,existing_csv,delinquent,False,0,32208-
4006 PEARL ST JACKSONVILLE 32206-,,,3533.33,,088056-0000,2026-01-20T22:22:38.102673,existing_csv,delinquent,False,0,32206-
5176 JOHNSON CREEK DR JACKSONVILLE 32218-,,,3533.76,,020028-0665,2026-01-20T22:22:38.102673,existing_csv,delinquent,False,0,32218-
2016 UNIVERSITY BLVD JACKSONVILLE 32211-,,,3535.99,,128607-0000,2026-01-20T22:22:38.102673,existing_csv,delinquent,False,0,32211-
812 ACOSTA ST JACKSONVILLE 32204-,,,3538.19,,065097-0000,2026-01-20T22:22:38.102673,existing_csv,delinquent,False,0,32204-
6541 S LOU DR JACKSONVILLE 32216-,,,3538.22,,137683-0000,2026-01-20T22:22:38.102673,existing_csv,delinquent,False,0,32216-
857 PINE MOSS RD JACKSONVILLE 32218-,,,3539.81,,110606-0155,2026-01-20T22:22:38.103672,existing_csv,delinquent,False,0,32218-
2551 LEON RD JACKSONVILLE 32246-,,,3540.7,,165365-0000,2026-01-20T22:22:38.103672,existing_csv,delinquent,False,0,32246-
3308 N PEARL ST JACKSONVILLE 32206-,,,3540.82,,087465-0000,2026-01-20T22:22:38.103672,existing_csv,delinquent,False,0,32206-
5440 S LORI DR JACKSONVILLE 32207-,,,3542.68,,137211-0000,2026-01-20T22:22:38.103672,existing_csv,delinquent,False,0,32207-
11011 TRACI LYNN DR JACKSONVILLE 32218-,,,3544.4,,044180-0565,2026-01-20T22:22:38.103672,existing_csv,delinquent,False,0,32218-
11353 OLD GAINESVILLE RD JACKSONVILLE 32221-,,,3544.95,,002055-0000,2026-01-20T22:22:38.103672,existing_csv,delinquent,False,0,32221-
8589 HILMA RD JACKSONVILLE 32244-,,,3546.31,,016063-0060,2026-01-20T22:22:38.103672,existing_csv,delinquent,False,0,32244-
6077 LONGCHAMP DR JACKSONVILLE 32244-,,,3547.68,,098976-0000,2026-01-20T22:22:38.103672,existing_csv,delinquent,False,0,32244-
2426 W BEAVER ST JACKSONVILLE 32209-,,,3550.11,,056141-0000,2026-01-20T22:22:38.103672,existing_csv,delinquent,False,0,32209-
1820 MAYPORT RD ATLANTIC BEACH 32233-,,,3551.84,,172075-0100,2026-01-20T22:22:38.103672,existing_csv,delinquent,False,0,32233-
8989 MONETTE RD JACKSONVILLE 32234-,,,3552,,001265-0000,2026-01-20T22:22:38.103672,existing_csv,delinquent,False,0,32234-
2700 STRATTON RD JACKSONVILLE 32221-,,,3554.53,,012839-0030,2026-01-20T22:22:38.103672,existing_csv,delinquent,False,0,32221-
10205 NEW BERLIN RD JACKSONVILLE 32226-,,,3554.87,,108751-0000,2026-01-20T22:22:38.103672,existing_csv,delinquent,False,0,32226-
925 W BEAVER ST JACKSONVILLE 32204-,,,3558.91,,075201-0000,2026-01-20T22:22:38.103672,existing_csv,delinquent,False,0,32204-
8322 APRIL ST JACKSONVILLE 32244-,,,3562.17,,013612-0000,2026-01-20T22:22:38.103672,existing_csv,delinquent,False,0,32244-
9378 HECKSCHER DR JACKSONVILLE 32226-,,,3563.06,,168275-0000,2026-01-20T22:22:38.103672,existing_csv,delinquent,False,0,32226-
902 S EDGEWOOD AVE JACKSONVILLE 32205-,,,3567.03,,061815-0000,2026-01-20T22:22:38.103672,existing_csv,delinquent,False,0,32205-
7603 LEM TURNER RD JACKSONVILLE 32208-,,,3567.14,,024255-0000,2026-01-20T22:22:38.103672,existing_csv,delinquent,False,0,32208-
6672 BANBURY RD JACKSONVILLE 32211-,,,3569.54,,142457-0000,2026-01-20T22:22:38.103672,existing_csv,delinquent,False,0,32211-
412 KIRK RD JACKSONVILLE 32218-,,,3572.18,,108319-0000,2026-01-20T22:22:38.103672,existing_csv,delinquent,False,0,32218-
3147 GREENFIELD BLVD JACKSONVILLE 32216-,,,3572.72,,154899-0000,2026-01-20T22:22:38.103672,existing_csv,delinquent,False,0,32216-
4508 LAKESIDE DR JACKSONVILLE 32210-,,,3574.74,,093325-0000,2026-01-20T22:22:38.103672,existing_csv,delinquent,False,0,32210-
2855 E TULIP CIR JACKSONVILLE 32246-,,,3575.49,,166471-0000,2026-01-20T22:22:38.103672,existing_csv,delinquent,False,0,32246-
2133 CORTEZ RD JACKSONVILLE 32246-,,,3576.19,,164038-0000,2026-01-20T22:22:38.103672,existing_csv,delinquent,False,0,32246-
4482 WAGENHALS LN JACKSONVILLE 32210-,,,3576.29,,013145-0020,2026-01-20T22:22:38.103672,existing_csv,delinquent,False,0,32210-
7380 NEW KINGS RD JACKSONVILLE 32219-,,,3576.55,,041649-0010,2026-01-20T22:22:38.103672,existing_csv,delinquent,False,0,32219-
6937 WAIKIKI RD JACKSONVILLE 32216-,,,3580.91,,139722-0000,2026-01-20T22:22:38.103672,existing_csv,delinquent,False,0,32216-
12443 SAN JOSE BLVD 203 JACKSONVILLE 32223-,,,3581,,159134-0510,2026-01-20T22:22:38.103672,existing_csv,delinquent,False,0,32223-
12430 ERIC AVE JACKSONVILLE 32218-,,,3583.83,,107029-0000,2026-01-20T22:22:38.104671,existing_csv,delinquent,False,0,32218-
4455 LOYS DR JACKSONVILLE 32246-,,,3586.97,,167512-0000,2026-01-20T22:22:38.104671,existing_csv,delinquent,False,0,32246-
3537 HEDRICK ST JACKSONVILLE 32205-,,,3588.23,,078560-0000,2026-01-20T22:22:38.104671,existing_csv,delinquent,False,0,32205-
1546 PALMDALE ST JACKSONVILLE 32208-,,,3588.3,,026994-0000,2026-01-20T22:22:38.104671,existing_csv,delinquent,False,0,32208-
3022 BELFORT RD JACKSONVILLE 32216-,,,3588.54,,154252-0000,2026-01-20T22:22:38.104671,existing_csv,delinquent,False,0,32216-
2852 ERNEST ST JACKSONVILLE 32205-,,,3588.71,,063064-0000,2026-01-20T22:22:38.104671,existing_csv,delinquent,False,0,32205-
6025 W GULF RD JACKSONVILLE 32244-,,,3588.78,,014603-1318,2026-01-20T22:22:38.104671,existing_csv,delinquent,True,7287.38,32244-
7786 LAS PALMAS WAY 107 JACKSONVILLE 32256-,,,3589.06,,148521-0107,2026-01-20T22:22:38.104671,existing_csv,delinquent,False,0,32256-
5839 CEDAR OAKS DR JACKSONVILLE 32210-,,,3592.58,,104681-0000,2026-01-20T22:22:38.104671,existing_csv,delinquent,False,0,32210-
4336 BETHWOOD CIR JACKSONVILLE 32205-,,,3594.04,,065480-0000,2026-01-20T22:22:38.104671,existing_csv,delinquent,False,0,32205-
8671 LEM TURNER RD JACKSONVILLE 32208-,,,3594.95,,037432-0000,2026-01-20T22:22:38.104671,existing_csv,delinquent,False,0,32208-
5687 S ENGLISH OAK DR JACKSONVILLE 32244-,,,3596.41,,099135-6115,2026-01-20T22:22:38.104671,existing_csv,delinquent,False,0,32244-
2978 ARMSTRONG ST JACKSONVILLE 32218-,,,3599.65,,019767-0000,2026-01-20T22:22:38.104671,existing_csv,delinquent,False,0,32218-
245 W 3RD ST JACKSONVILLE 32206-,,,3605.87,,070842-0000,2026-01-20T22:22:38.104671,existing_csv,delinquent,False,0,32206-
1390 CARVILL AVE JACKSONVILLE 32208-,,,3611.91,,022756-0000,2026-01-20T22:22:38.104671,existing_csv,delinquent,False,0,32208-
7126 S HANSON DR JACKSONVILLE 32210-,,,3613.73,,011976-0000,2026-01-20T22:22:38.104671,existing_csv,delinquent,False,0,32210-
3566 W BATEAU RD JACKSONVILLE 32216-,,,3614.47,,154379-0190,2026-01-20T22:22:38.104671,existing_csv,delinquent,False,0,32216-
4759 POLARIS ST JACKSONVILLE 32205-,,,3617.6,,062685-0000,2026-01-20T22:22:38.104671,existing_csv,delinquent,False,0,32205-
511 TALBOT AVE JACKSONVILLE 32205-,,,3617.82,,062000-0000,2026-01-20T22:22:38.104671,existing_csv,delinquent,False,0,32205-
PASCHAL ST JACKSONVILLE 32220-,,,3622.69,,006130-0000,2026-01-20T22:22:38.104671,existing_csv,delinquent,False,0,32220-
1844 MAYPORT RD ATLANTIC BEACH 32233-,,,3623.1,,172236-0010,2026-01-20T22:22:38.104671,existing_csv,delinquent,False,0,32233-
3158 RAYFORD ST JACKSONVILLE 32205-,,,3629.69,,063396-0000,2026-01-20T22:22:38.104671,existing_csv,delinquent,False,0,32205-
1216 BACALL RD JACKSONVILLE 32218-,,,3636.87,,044112-0020,2026-01-20T22:22:38.104671,existing_csv,delinquent,False,0,32218-
7801 POINT MEADOWS DR 8403 JACKSONVILLE 32256-,,,3637.04,,167745-2864,2026-01-20T22:22:38.104671,existing_csv,delinquent,False,0,32256-
7141 YOWDY STAR LN JACKSONVILLE 32244-,,,3638.26,,014507-5010,2026-01-20T22:22:38.104671,existing_csv,delinquent,False,0,32244-
2617 W GRAMPIAN DR JACKSONVILLE 32216-,,,3640.81,,145183-0348,2026-01-20T22:22:38.104671,existing_csv,delinquent,False,0,32216-
321 MAPLE AVE JACKSONVILLE 32220-,,,3640.82,,006345-0000,2026-01-20T22:22:38.104671,existing_csv,delinquent,False,0,32220-
18 W 43RD ST JACKSONVILLE 32208-,,,3642.27,,027385-0000,2026-01-20T22:22:38.104671,existing_csv,delinquent,False,0,32208-
687 N EDGEWOOD AVE JACKSONVILLE 32254-,,,3643.35,,059079-0000,2026-01-20T22:22:38.104671,existing_csv,delinquent,False,0,32254-
5949 MACY AVE JACKSONVILLE 32211-,,,3643.4,,141241-0000,2026-01-20T22:22:38.104671,existing_csv,delinquent,False,0,32211-
2116 KINGS RD JACKSONVILLE 32209-,,,3646.17,,047334-0010,2026-01-20T22:22:38.104671,existing_csv,delinquent,False,0,32209-
1434 W 9TH ST JACKSONVILLE 32209-,,,3647.31,,053522-0000,2026-01-20T22:22:38.104671,existing_csv,delinquent,False,0,32209-
2088 RYAR RD JACKSONVILLE 32216-,,,3650.83,,136019-0000,2026-01-20T22:22:38.104671,existing_csv,delinquent,False,0,32216-
1834 W BARTRAM CIR JACKSONVILLE 32207-,,,3651.05,,134262-0000,2026-01-20T22:22:38.104671,existing_csv,delinquent,False,0,32207-
2472 ANNISTON RD JACKSONVILLE 32246-,,,3652.44,,164302-0000,2026-01-20T22:22:38.105670,existing_csv,delinquent,False,0,32246-
2690 E SANDUSKY AVE JACKSONVILLE 32216-,,,3653.54,,145183-0390,2026-01-20T22:22:38.105670,existing_csv,delinquent,False,0,32216-
5430 WANDERING TRL JACKSONVILLE 32219-,,,3661.18,,003323-7540,2026-01-20T22:22:38.105670,existing_csv,delinquent,False,0,32219-
10418 NEW BERLIN RD 122 JACKSONVILLE 32226-,,,3666.63,,109109-0115,2026-01-20T22:22:38.105670,existing_csv,delinquent,False,0,32226-
2314 HIRSCH AVE JACKSONVILLE 32216-,,,3671.22,,137462-0000,2026-01-20T22:22:38.105670,existing_csv,delinquent,False,0,32216-
7957 BLANDING BLVD JACKSONVILLE 32244-,,,3674.09,,099091-0000,2026-01-20T22:22:38.105670,existing_csv,delinquent,False,0,32244-
7910 DEKLE AVE JACKSONVILLE 32219-,,,3674.55,,021805-0000,2026-01-20T22:22:38.105670,existing_csv,delinquent,False,0,32219-
1248 S SQUIRREL LN JACKSONVILLE 32218-,,,3676.3,,044281-0622,2026-01-20T22:22:38.105670,existing_csv,delinquent,False,0,32218-
7403 BAMBERG RD JACKSONVILLE 32277-,,,3677.67,,119646-0000,2026-01-20T22:22:38.105670,existing_csv,delinquent,False,0,32277-
4115 KELLY LEE DR JACKSONVILLE 32224-,,,3678.24,,167131-1955,2026-01-20T22:22:38.105670,existing_csv,delinquent,False,0,32224-
406 E 3RD ST JACKSONVILLE 32206-,,,3679.52,,072638-0000,2026-01-20T22:22:38.105670,existing_csv,delinquent,False,0,32206-
2547 DELLWOOD AVE JACKSONVILLE 32204-,,,3679.59,,065030-0000,2026-01-20T22:22:38.105670,existing_csv,delinquent,False,0,32204-
3052 DONNA DR JACKSONVILLE 32208-,,,3680.44,,025189-0000,2026-01-20T22:22:38.105670,existing_csv,delinquent,False,0,32208-
11591 HICKORY OAK DR JACKSONVILLE 32218-,,,3680.78,,109609-0260,2026-01-20T22:22:38.105670,existing_csv,delinquent,False,0,32218-
243 S EDGEWOOD AVE JACKSONVILLE 32254-,,,3681.49,,058614-0010,2026-01-20T22:22:38.105670,existing_csv,delinquent,False,0,32254-
5807 JAGUAR DR JACKSONVILLE 32244-,,,3683.76,,097351-0000,2026-01-20T22:22:38.105670,existing_csv,delinquent,False,0,32244-
4700 W SAN JOSE MANOR DR JACKSONVILLE 32217-,,,3684.29,,152561-1150,2026-01-20T22:22:38.106670,existing_csv,delinquent,False,0,32217-
1262 N TURTLE CREEK DR JACKSONVILLE 32218-,,,3687,,044281-0594,2026-01-20T22:22:38.106670,existing_csv,delinquent,False,0,32218-
2570 BROWARD RD JACKSONVILLE 32218-,,,3687.71,,042214-0000,2026-01-20T22:22:38.106670,existing_csv,delinquent,False,0,32218-
2022 TAUNTON RD JACKSONVILLE 32207-,,,3688.85,,135356-0000,2026-01-20T22:22:38.106670,existing_csv,delinquent,False,0,32207-
5442 N MARSH CREEK DR JACKSONVILLE 32277-,,,3694.74,,128197-1246,2026-01-20T22:22:38.106670,existing_csv,delinquent,False,0,32277-
6842 ST AUGUSTINE RD JACKSONVILLE 32217-,,,3696.8,,150440-0000,2026-01-20T22:22:38.106670,existing_csv,delinquent,False,0,32217-
3756 HUNTER ST JACKSONVILLE 32205-,,,3699.34,,093294-0000,2026-01-20T22:22:38.106670,existing_csv,delinquent,False,0,32205-
4823 SHELBY AVE JACKSONVILLE 32210-,,,3702.89,,068897-0000,2026-01-20T22:22:38.106670,existing_csv,delinquent,False,0,32210-
7126 TIMMERMAN LN JACKSONVILLE 32244-,,,3702.96,,015910-9065,2026-01-20T22:22:38.106670,existing_csv,delinquent,False,0,32244-
11163 BRIDGES RD JACKSONVILLE 32218-,,,3705.24,,004308-0120,2026-01-20T22:22:38.106670,existing_csv,delinquent,False,0,32218-
546 BIRCH ST JACKSONVILLE 32206-,,,3705.34,,088064-0000,2026-01-20T22:22:38.106670,existing_csv,delinquent,False,0,32206-
5540 HICKSON RD JACKSONVILLE 32207-,,,3714.98,,135735-0000,2026-01-20T22:22:38.106670,existing_csv,delinquent,False,0,32207-
818 W ADAMS ST JACKSONVILLE 32204-,,,3715.44,,074761-0000,2026-01-20T22:22:38.106670,existing_csv,delinquent,False,0,32204-
2700 CORTEZ RD JACKSONVILLE 32246-,,,3715.7,,163946-0000,2026-01-20T22:22:38.106670,existing_csv,delinquent,False,0,32246-
2204 REDFERN RD JACKSONVILLE 32207-,,,3715.93,,145781-0000,2026-01-20T22:22:38.106670,existing_csv,delinquent,False,0,32207-
3583 NIGHTSCAPE CIR JACKSONVILLE 32224-,,,3717.15,,167067-1384,2026-01-20T22:22:38.106670,existing_csv,delinquent,False,0,32224-
7803 LE MANS DR JACKSONVILLE 32210-,,,3722.2,,009709-0000,2026-01-20T22:22:38.106670,existing_csv,delinquent,False,0,32210-
5839 CEDAR OAKS DR JACKSONVILLE 32210-,,,3724.88,,104681-0000,2026-01-20T22:22:38.107669,existing_csv,delinquent,False,0,32210-
4030 AUGUSTINE GREEN CT JACKSONVILLE 32257-,,,3726.06,,149017-6040,2026-01-20T22:22:38.107669,existing_csv,delinquent,False,0,32257-
3015 N LIBERTY ST JACKSONVILLE 32206-,,,3726.45,,044559-0000,2026-01-20T22:22:38.107669,existing_csv,delinquent,False,0,32206-
4629 HOMESTEAD RD JACKSONVILLE 32210-,,,3726.92,,101230-0000,2026-01-20T22:22:38.107669,existing_csv,delinquent,False,0,32210-
929 TALBOT AVE JACKSONVILLE 32205-,,,3728.51,,061824-0000,2026-01-20T22:22:38.107669,existing_csv,delinquent,False,0,32205-
6768 KINLOCK DR JACKSONVILLE 32219-,,,3732.05,,041849-0000,2026-01-20T22:22:38.107669,existing_csv,delinquent,False,0,32219-
2117 E INTRACOASTAL SOUND DR JACKSONVILLE 32224-,,,3732.45,,167333-0595,2026-01-20T22:22:38.107669,existing_csv,delinquent,False,0,32224-
2261 SPRING PARK RD JACKSONVILLE 32207-,,,3732.68,,125245-0000,2026-01-20T22:22:38.107669,existing_csv,delinquent,False,0,32207-
2710 N EDGEWOOD AVE JACKSONVILLE 32254-,,,3732.76,,083864-0100,2026-01-20T22:22:38.107669,existing_csv,delinquent,False,0,32254-
9426 DEVONSHIRE BLVD JACKSONVILLE 32208-,,,3734.15,,038746-0000,2026-01-20T22:22:38.107669,existing_csv,delinquent,False,0,32208-
7914 LOS ROBLES CT 7914 JACKSONVILLE 32256-,,,3736.17,,148521-0834,2026-01-20T22:22:38.107669,existing_csv,delinquent,False,0,32256-
1102 W DEFENDER CT 1102 JACKSONVILLE 32233-,,,3736.75,,168871-0184,2026-01-20T22:22:38.107669,existing_csv,delinquent,False,0,32233-
2549 DELLWOOD AVE JACKSONVILLE 32204-,,,3738.83,,065030-0100,2026-01-20T22:22:38.107669,existing_csv,delinquent,False,0,32204-
231 E 18TH ST JACKSONVILLE 32206-,,,3740,,044636-0000,2026-01-20T22:22:38.107669,existing_csv,delinquent,False,0,32206-
3765 CULP DR JACKSONVILLE 32277-,,,3745.37,,111707-0000,2026-01-20T22:22:38.107669,existing_csv,delinquent,False,0,32277-
8216 PEAR RD JACKSONVILLE 32210-,,,3747.78,,012724-5106,2026-01-20T22:22:38.107669,existing_csv,delinquent,False,0,32210-
11811 CREEK BLVD JACKSONVILLE 32218-,,,3750.72,,109645-0000,2026-01-20T22:22:38.107669,existing_csv,delinquent,False,0,32218-
10325 AGAVE RD JACKSONVILLE 32246-,,,3751.35,,164542-0000,2026-01-20T22:22:38.107669,existing_csv,delinquent,False,0,32246-
7867 E PEPPER CIR JACKSONVILLE 32244-,,,3755.64,,016057-0200,2026-01-20T22:22:38.107669,existing_csv,delinquent,False,0,32244-
8666 RIBBON FALLS LN JACKSONVILLE 32244-,,,3757.19,,016416-2070,2026-01-20T22:22:38.107669,existing_csv,delinquent,False,0,32244-
5315 JAMMES RD JACKSONVILLE 32210-,,,3759.75,,097638-0010,2026-01-20T22:22:38.107669,existing_csv,delinquent,False,0,32210-
7103 MAIN ST JACKSONVILLE 32208-,,,3759.88,,034119-0000,2026-01-20T22:22:38.107669,existing_csv,delinquent,False,0,32208-
7196 DEERFOOT POINT CIR 22-1 JACKSONVILLE 32256-,,,3761.5,,152562-5830,2026-01-20T22:22:38.107669,existing_csv,delinquent,False,0,32256-
3132 SAN SALVADORE AVE JACKSONVILLE 32246-,,,3762.05,,165540-0000,2026-01-20T22:22:38.107669,existing_csv,delinquent,False,0,32246-
6840 S GAILLARDIA RD JACKSONVILLE 32211-,,,3763.02,,118546-0000,2026-01-20T22:22:38.107669,existing_csv,delinquent,False,0,32211-
941 GARTH AVE JACKSONVILLE 32205-,,,3767.65,,059902-0000,2026-01-20T22:22:38.107669,existing_csv,delinquent,False,0,32205-
4816 SAN JUAN AVE JACKSONVILLE 32210-,,,3770.58,,093747-0000,2026-01-20T22:22:38.107669,existing_csv,delinquent,False,0,32210-
8242 N DAISY LN JACKSONVILLE 32244-,,,3773.12,,016519-3554,2026-01-20T22:22:38.107669,existing_csv,delinquent,False,0,32244-
2320 EMERSON ST JACKSONVILLE 32207-,,,3773.31,,126132-0000,2026-01-20T22:22:38.107669,existing_csv,delinquent,False,0,32207-
3130 PERRY ST JACKSONVILLE 32206-,,,3775.48,,087396-0000,2026-01-20T22:22:38.107669,existing_csv,delinquent,False,0,32206-
3311 N JAPONICA RD JACKSONVILLE 32209-,,,3778.12,,028415-0000,2026-01-20T22:22:38.107669,existing_csv,delinquent,False,0,32209-
7899 E CHASE MEADOWS DR JACKSONVILLE 32256-,,,3781.91,,167745-1295,2026-01-20T22:22:38.107669,existing_csv,delinquent,False,0,32256-
4051 BARNES RD JACKSONVILLE 32207-,,,3783.4,,137101-0000,2026-01-20T22:22:38.107669,existing_csv,delinquent,False,0,32207-
4845 ASTRAL ST JACKSONVILLE 32205-,,,3784.46,,062952-0000,2026-01-20T22:22:38.107669,existing_csv,delinquent,False,0,32205-
535 CASSAT AVE JACKSONVILLE 32254-,,,3786.94,,060744-0000,2026-01-20T22:22:38.107669,existing_csv,delinquent,False,0,32254-
3903 HARBOR VIEW DR JACKSONVILLE 32208-,,,3787.78,,039898-0000,2026-01-20T22:22:38.107669,existing_csv,delinquent,False,0,32208-
9252 SAN JOSE BLVD 1803 JACKSONVILLE 32257-,,,3787.81,,149335-0579,2026-01-20T22:22:38.107669,existing_csv,delinquent,False,0,32257-
1028 W LAWFIN ST JACKSONVILLE 32211-,,,3791.11,,121322-0000,2026-01-20T22:22:38.107669,existing_csv,delinquent,False,0,32211-
2532 N PEARL ST JACKSONVILLE 32206-,,,3793.12,,045218-0000,2026-01-20T22:22:38.107669,existing_csv,delinquent,False,0,32206-
4107 BUCKMAN ST JACKSONVILLE 32206-,,,3793.59,,111351-0000,2026-01-20T22:22:38.107669,existing_csv,delinquent,False,0,32206-
11453 JERRY ADAM DR JACKSONVILLE 32218-,,,3798.28,,019974-2275,2026-01-20T22:22:38.107669,existing_csv,delinquent,False,0,32218-
6336 SAN JUAN AVE JACKSONVILLE 32210-,,,3798.98,,068546-0000,2026-01-20T22:22:38.107669,existing_csv,delinquent,False,0,32210-
2340 SOUTEL DR JACKSONVILLE 32208-,,,3809.57,,035908-0000,2026-01-20T22:22:38.107669,existing_csv,delinquent,False,0,32208-
6214 PARK ST JACKSONVILLE 32205-,,,3810.14,,011782-0000,2026-01-20T22:22:38.107669,existing_csv,delinquent,False,0,32205-
LOSCO RD JACKSONVILLE 32257-,,,3810.47,,156424-0080,2026-01-20T22:22:38.107669,existing_csv,delinquent,False,0,32257-
S 11TH ST JACKSONVILLE BEACH 32250-,,,3813.7,,177325-0000,2026-01-20T22:22:38.107669,existing_csv,delinquent,False,0,32250-
9407 OLD PLANK RD JACKSONVILLE 32220-,,,3815.27,,006369-0030,2026-01-20T22:22:38.107669,existing_csv,delinquent,False,0,32220-
10952 COPPER HILL DR JACKSONVILLE 32218-,,,3816.19,,020041-1050,2026-01-20T22:22:38.107669,existing_csv,delinquent,False,0,32218-
7324 SYCAMORE ST JACKSONVILLE 32219-,,,3817.94,,004017-0800,2026-01-20T22:22:38.107669,existing_csv,delinquent,False,0,32219-
11831 RICE RD JACKSONVILLE 32218-,,,3819.22,,110842-0030,2026-01-20T22:22:38.107669,existing_csv,delinquent,False,0,32218-
7521 WILSON BLVD JACKSONVILLE 32210-,,,3820.02,,012472-0000,2026-01-20T22:22:38.107669,existing_csv,delinquent,False,0,32210-
5129 SANTA CRUZ LN JACKSONVILLE 32210-,,,3821.66,,103888-0000,2026-01-20T22:22:38.107669,existing_csv,delinquent,False,0,32210-
5105 MARLENE AVE JACKSONVILLE 32210-,,,3823.68,,068405-0000,2026-01-20T22:22:38.107669,existing_csv,delinquent,False,0,32210-
4158 LEXINGTON AVE JACKSONVILLE 32210-,,,3824.29,,093580-0000,2026-01-20T22:22:38.107669,existing_csv,delinquent,False,0,32210-
2010 MAIN ST JACKSONVILLE 32206-,,,3832.58,,055150-0000,2026-01-20T22:22:38.107669,existing_csv,delinquent,False,0,32206-
7450 103RD ST JACKSONVILLE 32210-,,,3833.69,,015087-0000,2026-01-20T22:22:38.107669,existing_csv,delinquent,False,0,32210-
1927 CESERY BLVD JACKSONVILLE 32211-,,,3834.41,,117553-0000,2026-01-20T22:22:38.107669,existing_csv,delinquent,False,0,32211-
406 E 3RD ST JACKSONVILLE 32206-,,,3835.87,,072638-0000,2026-01-20T22:22:38.107669,existing_csv,delinquent,False,0,32206-
12534 DUNRAVEN TRL JACKSONVILLE 32223-,,,3838.34,,158232-1740,2026-01-20T22:22:38.107669,existing_csv,delinquent,False,0,32223-
12684 MILLS RIDGE LN JACKSONVILLE 32258-,,,3839.61,,158241-5275,2026-01-20T22:22:38.107669,existing_csv,delinquent,False,0,32258-
14143 TIKI LN JACKSONVILLE 32226-,,,3841.91,,108082-0015,2026-01-20T22:22:38.107669,existing_csv,delinquent,False,0,32226-
4328 BRANDON GLENN CT JACKSONVILLE 32258-,,,3846.75,,158094-2020,2026-01-20T22:22:38.107669,existing_csv,delinquent,False,0,32258-
2518 HIRSCH AVE JACKSONVILLE 32216-,,,3848.51,,137339-0000,2026-01-20T22:22:38.107669,existing_csv,delinquent,False,0,32216-
13848 HERONS LANDING WAY 12-6 JACKSONVILLE 32224-,,,3850.05,,166931-0278,2026-01-20T22:22:38.107669,existing_csv,delinquent,False,0,32224-
1205 ARLINGTON RD JACKSONVILLE 32211-,,,3851.46,,143394-0000,2026-01-20T22:22:38.107669,existing_csv,delinquent,False,0,32211-
5480 STANFORD RD JACKSONVILLE 32207-,,,3852.22,,147882-1026,2026-01-20T22:22:38.108671,existing_csv,delinquent,False,0,32207-
301 E 21ST ST JACKSONVILLE 32206-,,,3852.56,,133180-0000,2026-01-20T22:22:38.108671,existing_csv,delinquent,False,0,32206-
1504 GANDY ST JACKSONVILLE 32208-,,,3856.06,,026977-0000,2026-01-20T22:22:38.108671,existing_csv,delinquent,False,0,32208-
6113 DAVON ST JACKSONVILLE 32244-,,,3867.95,,103517-2070,2026-01-20T22:22:38.108671,existing_csv,delinquent,False,0,32244-
3821 ALCOY RD JACKSONVILLE 32221-,,,3868.87,,002215-0000,2026-01-20T22:22:38.108671,existing_csv,delinquent,False,0,32221-
2164 SUNSET RIVER DR JACKSONVILLE 32225-,,,3869.6,,161674-0000,2026-01-20T22:22:38.108671,existing_csv,delinquent,False,0,32225-
5418 ROLLINS AVE JACKSONVILLE 32207-,,,3870.26,,146823-0000,2026-01-20T22:22:38.108671,existing_csv,delinquent,False,0,32207-
9717 FRASER RD JACKSONVILLE 32246-,,,3871.58,,123345-0000,2026-01-20T22:22:38.108671,existing_csv,delinquent,False,0,32246-
8151 MORRISTOWN TRL JACKSONVILLE 32244-,,,3873.09,,016143-0558,2026-01-20T22:22:38.108671,existing_csv,delinquent,False,0,32244-
5626 SOUTEL DR JACKSONVILLE 32219-,,,3873.26,,041636-0000,2026-01-20T22:22:38.108671,existing_csv,delinquent,False,0,32219-
7392 BUNION DR JACKSONVILLE 32222-,,,3885.61,,016214-0000,2026-01-20T22:22:38.108671,existing_csv,delinquent,False,0,32222-
996 HIBISCUS ST ATLANTIC BEACH 32233-,,,3885.9,,170948-0600,2026-01-20T22:22:38.108671,existing_csv,delinquent,False,0,32233-
7617 S OLD MIDDLEBURG RD JACKSONVILLE 32222-,,,3886.17,,016363-0000,2026-01-20T22:22:38.108671,existing_csv,delinquent,False,0,32222-
12050 OLD ST AUGUSTINE RD JACKSONVILLE 32258-,,,3890.23,,158066-0060,2026-01-20T22:22:38.108671,existing_csv,delinquent,False,0,32258-
8438 ALLERTON LN JACKSONVILLE 32256-,,,3891.42,,148635-0110,2026-01-20T22:22:38.108671,existing_csv,delinquent,False,0,32256-
9755 S ALVIN RD JACKSONVILLE 32222-,,,3893.22,,015489-0010,2026-01-20T22:22:38.108671,existing_csv,delinquent,False,0,32222-
1201 ADRIAN CT JACKSONVILLE 32205-,,,3894.57,,065412-0000,2026-01-20T22:22:38.108671,existing_csv,delinquent,False,0,32205-
2440 SOTTERLEY LN JACKSONVILLE 32220-,,,3896.83,,004519-1990,2026-01-20T22:22:38.108671,existing_csv,delinquent,False,0,32220-
6860 S OLD MIDDLEBURG RD JACKSONVILLE 32222-,,,3897.4,,015612-0200,2026-01-20T22:22:38.108671,existing_csv,delinquent,False,0,32222-
4930 SOUTEL DR JACKSONVILLE 32208-,,,3898.58,,030125-0000,2026-01-20T22:22:38.108671,existing_csv,delinquent,False,0,32208-
7130 N MAIN ST 27-37 JACKSONVILLE 32208-,,,3899.74,,031698-0000,2026-01-20T22:22:38.108671,existing_csv,delinquent,False,0,32208-
10952 COPPER HILL DR JACKSONVILLE 32218-,,,3902.42,,020041-1050,2026-01-20T22:22:38.108671,existing_csv,delinquent,False,0,32218-
7631 N CREST DR JACKSONVILLE 32221-,,,3902.63,,007349-0000,2026-01-20T22:22:38.108671,existing_csv,delinquent,False,0,32221-
1424 N MAIN ST JACKSONVILLE 32206-,,,3904.8,,071060-0000,2026-01-20T22:22:38.108671,existing_csv,delinquent,False,0,32206-
38 DUDLEY ST ATLANTIC BEACH 32233-,,,3907.21,,172207-0000,2026-01-20T22:22:38.108671,existing_csv,delinquent,False,0,32233-
2540 LEON RD JACKSONVILLE 32246-,,,3909.67,,165354-0000,2026-01-20T22:22:38.108671,existing_csv,delinquent,False,0,32246-
5697 FINCH AVE JACKSONVILLE 32219-,,,3917.79,,041915-0953,2026-01-20T22:22:38.108671,existing_csv,delinquent,False,0,32219-
4435 DE KALB AVE JACKSONVILLE 32207-,,,3928.08,,127665-0000,2026-01-20T22:22:38.108671,existing_csv,delinquent,False,0,32207-
550 ALICE COVE CT JACKSONVILLE 32218-,,,3929.63,,106606-6170,2026-01-20T22:22:38.108671,existing_csv,delinquent,False,0,32218-
3289 W GARDEN ACRES CT JACKSONVILLE 32208-,,,3937.56,,024455-1145,2026-01-20T22:22:38.108671,existing_csv,delinquent,False,0,32208-
8524 W LINCREST DR JACKSONVILLE 32208-,,,3944.12,,039643-0000,2026-01-20T22:22:38.108671,existing_csv,delinquent,False,0,32208-
10626 TALL TIMBER LN JACKSONVILLE 32218-,,,3944.29,,020167-0500,2026-01-20T22:22:38.108671,existing_csv,delinquent,False,0,32218-
3464 NATALIE MEL LN JACKSONVILLE 32218-,,,3944.51,,020343-1375,2026-01-20T22:22:38.108671,existing_csv,delinquent,False,0,32218-
1640 W 23RD ST JACKSONVILLE 32209-,,,3947.22,,087013-0000,2026-01-20T22:22:38.108671,existing_csv,delinquent,False,0,32209-
206 ARLINGTON RD JACKSONVILLE 32211-,,,3949.19,,144291-0000,2026-01-20T22:22:38.108671,existing_csv,delinquent,False,0,32211-
1402 RENSSELAER AVE JACKSONVILLE 32205-,,,3950.36,,091921-0000,2026-01-20T22:22:38.108671,existing_csv,delinquent,False,0,32205-
15407 HERBIE LN JACKSONVILLE 32218-,,,3953.57,,106153-0035,2026-01-20T22:22:38.108671,existing_csv,delinquent,False,0,32218-
7133 ARLET DR JACKSONVILLE 32211-,,,3957.75,,143572-0000,2026-01-20T22:22:38.108671,existing_csv,delinquent,False,0,32211-
6255 MERRILL RD JACKSONVILLE 32277-,,,3958.23,,116757-0000,2026-01-20T22:22:38.108671,existing_csv,delinquent,False,0,32277-
103RD ST JACKSONVILLE 32210-,,,3968.14,,012922-0030,2026-01-20T22:22:38.108671,existing_csv,delinquent,False,0,32210-
9536 CRYSTAL SPRINGS RD JACKSONVILLE 32221-,,,3968.68,,008842-0000,2026-01-20T22:22:38.108671,existing_csv,delinquent,False,0,32221-
889 E ELLISON RD BALDWIN 32234-,,,3971.38,,000661-0000,2026-01-20T22:22:38.108671,existing_csv,delinquent,False,0,32234-
4514 ROYAL AVE JACKSONVILLE 32205-,,,3973.63,,062202-0000,2026-01-20T22:22:38.108671,existing_csv,delinquent,False,0,32205-
5503 E LAKEWOOD CIR JACKSONVILLE 32207-,,,3973.8,,146445-0000,2026-01-20T22:22:38.108671,existing_csv,delinquent,False,0,32207-
4644 PALMER AVE JACKSONVILLE 32210-,,,3974.34,,093974-0000,2026-01-20T22:22:38.108671,existing_csv,delinquent,False,0,32210-
3712 W STAR LEAF RD JACKSONVILLE 32210-,,,3976.99,,012723-3885,2026-01-20T22:22:38.108671,existing_csv,delinquent,False,0,32210-
11033 BISCAYNE BLVD JACKSONVILLE 32218-,,,3983.37,,044175-0010,2026-01-20T22:22:38.108671,existing_csv,delinquent,False,0,32218-
4811 CATHERINE TER JACKSONVILLE 32205-,,,3986.38,,066341-0000,2026-01-20T22:22:38.108671,existing_csv,delinquent,False,0,32205-
8111 SUMMERSIDE CIR JACKSONVILLE 32256-,,,3988.82,,167746-6050,2026-01-20T22:22:38.108671,existing_csv,delinquent,False,0,32256-
1520 CORNELL RD JACKSONVILLE 32207-,,,3989.56,,146811-0010,2026-01-20T22:22:38.108671,existing_csv,delinquent,False,0,32207-
3339 N MAIN ST JACKSONVILLE 32206-,,,3993.25,,133431-0000,2026-01-20T22:22:38.108671,existing_csv,delinquent,False,0,32206-
11156 FT CAROLINE RD JACKSONVILLE 32225-,,,3995.18,,161193-0000,2026-01-20T22:22:38.108671,existing_csv,delinquent,False,0,32225-
4892 S PARETE RD JACKSONVILLE 32218-,,,3995.86,,019596-0320,2026-01-20T22:22:38.108671,existing_csv,delinquent,False,0,32218-
7840 TWIN RD 1 JACKSONVILLE 32219-,,,4000.73,,003006-0000,2026-01-20T22:22:38.108671,existing_csv,delinquent,False,0,32219-
10000 N GATE PKWY 725 JACKSONVILLE 32246-,,,4001.79,,167725-5176,2026-01-20T22:22:38.108671,existing_csv,delinquent,False,0,32246-
504 WOODBINE ST JACKSONVILLE 32206-,,,4004.5,,088252-0000,2026-01-20T22:22:38.108671,existing_csv,delinquent,False,0,32206-
8142 NEW KINGS RD JACKSONVILLE 32219-,,,4010.78,,021839-0000,2026-01-20T22:22:38.108671,existing_csv,delinquent,False,0,32219-
10623 OLD KINGS RD JACKSONVILLE 32219-,,,4015.01,,004078-0000,2026-01-20T22:22:38.108671,existing_csv,delinquent,False,0,32219-
7046 CANDLE FOREST CT JACKSONVILLE 32244-,,,4016.14,,016490-0540,2026-01-20T22:22:38.108671,existing_csv,delinquent,False,0,32244-
5904 WINDSOR FOREST DR JACKSONVILLE 32210-,,,4016.33,,095554-0000,2026-01-20T22:22:38.108671,existing_csv,delinquent,False,0,32210-
3527 E CLARIDGE RD JACKSONVILLE 32250-,,,4016.52,,166998-0000,2026-01-20T22:22:38.108671,existing_csv,delinquent,False,0,32250-
1610 SAMONTEE RD JACKSONVILLE 32211-,,,4019.1,,121564-0000,2026-01-20T22:22:38.108671,existing_csv,delinquent,False,0,32211-
3534 WINTON DR JACKSONVILLE 32208-,,,4021.34,,025598-0000,2026-01-20T22:22:38.108671,existing_csv,delinquent,False,0,32208-
1811 W UNIVERSITY BLVD JACKSONVILLE 32217-,,,4022.04,,146494-0000,2026-01-20T22:22:38.108671,existing_csv,delinquent,False,0,32217-
4415 ST JOHNS AVE JACKSONVILLE 32210-,,,4023.48,,069139-0000,2026-01-20T22:22:38.108671,existing_csv,delinquent,False,0,32210-
4452 ROTH DR JACKSONVILLE 32209-,,,4026.96,,041700-0000,2026-01-20T22:22:38.108671,existing_csv,delinquent,False,0,32209-
4133 HANGING MOSS CT JACKSONVILLE 32257-,,,4031.02,,149077-1016,2026-01-20T22:22:38.108671,existing_csv,delinquent,False,0,32257-
6134 LONGCHAMP DR JACKSONVILLE 32244-,,,4032.18,,098993-0000,2026-01-20T22:22:38.108671,existing_csv,delinquent,False,0,32244-
447 E 44TH ST JACKSONVILLE 32208-,,,4032.98,,111203-0000,2026-01-20T22:22:38.108671,existing_csv,delinquent,False,0,32208-
8340 LONE STAR RD JACKSONVILLE 32211-,,,4034.29,,121358-0000,2026-01-20T22:22:38.108671,existing_csv,delinquent,False,0,32211-
1921 EAST RD JACKSONVILLE 32216-,,,4039.38,,134793-0000,2026-01-20T22:22:38.108671,existing_csv,delinquent,False,0,32216-
7553 W GINGER TEA TRL JACKSONVILLE 32244-,,,4042.48,,016057-1675,2026-01-20T22:22:38.108671,existing_csv,delinquent,False,0,32244-
10547 CRYSTAL SPRINGS RD JACKSONVILLE 32221-,,,4048.16,,008902-0010,2026-01-20T22:22:38.108671,existing_csv,delinquent,False,0,32221-
8075 N PATOU DR JACKSONVILLE 32210-,,,4049.13,,009900-0000,2026-01-20T22:22:38.108671,existing_csv,delinquent,False,0,32210-
2845 W EDGEWOOD AVE JACKSONVILLE 32209-,,,4051.01,,040103-0000,2026-01-20T22:22:38.108671,existing_csv,delinquent,False,0,32209-
1948 ANNISTON RD JACKSONVILLE 32246-,,,4058.58,,164259-0000,2026-01-20T22:22:38.108671,existing_csv,delinquent,False,0,32246-
1339 S ELLIS RD JACKSONVILLE 32205-,,,4063.3,,067005-0000,2026-01-20T22:22:38.108671,existing_csv,delinquent,False,0,32205-
5916 WINDSOR FOREST DR JACKSONVILLE 32210-,,,4066.12,,095553-0000,2026-01-20T22:22:38.108671,existing_csv,delinquent,False,0,32210-
7736 STUART AVE JACKSONVILLE 32220-,,,4066.61,,005815-0000,2026-01-20T22:22:38.108671,existing_csv,delinquent,False,0,32220-
4510 LAMBING RD JACKSONVILLE 32210-,,,4067.19,,013164-0000,2026-01-20T22:22:38.108671,existing_csv,delinquent,False,0,32210-
9074 GALLOWAY DR JACKSONVILLE 32219-,,,4077.68,,004025-4600,2026-01-20T22:22:38.108671,existing_csv,delinquent,False,0,32219-
7550 BIRDIES RD JACKSONVILLE 32256-,,,4080.61,,155505-0000,2026-01-20T22:22:38.108671,existing_csv,delinquent,False,0,32256-
10408 SANDLER RD JACKSONVILLE 32222-,,,4081.46,,015436-0050,2026-01-20T22:22:38.108671,existing_csv,delinquent,False,0,32222-
S LANE AVE JACKSONVILLE 32254-,,,4084.06,,007445-0000,2026-01-20T22:22:38.109669,existing_csv,delinquent,False,0,32254-
1504 GANDY ST JACKSONVILLE 32208-,,,4085.18,,026977-0000,2026-01-20T22:22:38.109669,existing_csv,delinquent,False,0,32208-
1117 MARKET ST JACKSONVILLE 32206-,,,4088.25,,072753-0000,2026-01-20T22:22:38.109669,existing_csv,delinquent,False,0,32206-
3820 LAVISTA CIR 113 JACKSONVILLE 32217-,,,4090.87,,151810-1026,2026-01-20T22:22:38.109669,existing_csv,delinquent,False,0,32217-
1261 GLYNLEA RD JACKSONVILLE 32216-,,,4094.07,,139535-0000,2026-01-20T22:22:38.109669,existing_csv,delinquent,False,0,32216-
5903 N CARIBBEAN CT JACKSONVILLE 32277-,,,4097.69,,119547-0000,2026-01-20T22:22:38.109669,existing_csv,delinquent,False,0,32277-
10961 BURNT MILL RD 824 JACKSONVILLE 32256-,,,4098.84,,167741-2848,2026-01-20T22:22:38.109669,existing_csv,delinquent,False,0,32256-
1425 CONWAY RD JACKSONVILLE 32221-,,,4111.25,,008713-0035,2026-01-20T22:22:38.109669,existing_csv,delinquent,False,0,32221-
N 2ND AVE JACKSONVILLE BEACH 32250-,,,4126.14,,173826-0000,2026-01-20T22:22:38.109669,existing_csv,delinquent,False,0,32250-
11883 HIDDEN HILLS DR JACKSONVILLE 32225-,,,4128.27,,160671-0110,2026-01-20T22:22:38.109669,existing_csv,delinquent,False,0,32225-
1048 FIELDS RD JACKSONVILLE 32218-,,,4140.97,,106781-0000,2026-01-20T22:22:38.109669,existing_csv,delinquent,False,0,32218-
982 BRIARCREEK RD JACKSONVILLE 32225-,,,4141.48,,162225-0950,2026-01-20T22:22:38.109669,existing_csv,delinquent,False,0,32225-
3464 NATALIE MEL LN JACKSONVILLE 32218-,,,4143.28,,020343-1375,2026-01-20T22:22:38.109669,existing_csv,delinquent,False,0,32218-
1935 SILVER ST JACKSONVILLE 32206-,,,4145.54,,071990-0000,2026-01-20T22:22:38.109669,existing_csv,delinquent,False,0,32206-
4905 TAN ST JACKSONVILLE 32258-,,,4147.9,,157778-0000,2026-01-20T22:22:38.109669,existing_csv,delinquent,False,0,32258-
8080 S TRIUMPH LN JACKSONVILLE 32244-,,,4153.01,,015192-0604,2026-01-20T22:22:38.109669,existing_csv,delinquent,False,0,32244-
2604 PERCY RD JACKSONVILLE 32218-,,,4155.68,,019542-2820,2026-01-20T22:22:38.109669,existing_csv,delinquent,False,0,32218-
7026 ABBOT CT JACKSONVILLE 32216-,,,4156.55,,139175-0000,2026-01-20T22:22:38.109669,existing_csv,delinquent,False,0,32216-
4842 COLLEGE ST JACKSONVILLE 32205-,,,4157.11,,078743-0000,2026-01-20T22:22:38.109669,existing_csv,delinquent,False,0,32205-
9506 CHARCA VISTA CT JACKSONVILLE 32222-,,,4158.22,,015383-0070,2026-01-20T22:22:38.110668,existing_csv,delinquent,False,0,32222-
4429 MELROSE AVE JACKSONVILLE 32210-,,,4160.49,,069216-0000,2026-01-20T22:22:38.110668,existing_csv,delinquent,False,0,32210-
9889 N GATE PKWY JACKSONVILLE 32246-,,,4163.4,,146036-0210,2026-01-20T22:22:38.110668,existing_csv,delinquent,False,0,32246-
3038 POST ST JACKSONVILLE 32205-,,,4164.37,,064138-0000,2026-01-20T22:22:38.110668,existing_csv,delinquent,False,0,32205-
11705 HARTS RD JACKSONVILLE 32218-,,,4166.54,,019703-3090,2026-01-20T22:22:38.110668,existing_csv,delinquent,False,0,32218-
5907 ELLAKEL RD JACKSONVILLE 32208-,,,4167.27,,027230-0000,2026-01-20T22:22:38.110668,existing_csv,delinquent,False,0,32208-
12159 S SPINEY RIDGE DR JACKSONVILLE 32225-,,,4168.52,,160671-0510,2026-01-20T22:22:38.110668,existing_csv,delinquent,False,0,32225-
5067 LINCOLNSHIRE RD JACKSONVILLE 32217-,,,4169.91,,148386-0000,2026-01-20T22:22:38.110668,existing_csv,delinquent,False,0,32217-
3657 LIGHTVIEW LN JACKSONVILLE 32225-,,,4170.08,,112889-1630,2026-01-20T22:22:38.110668,existing_csv,delinquent,False,0,32225-
5478 LONDON LAKE DR JACKSONVILLE 32258-,,,4175.18,,157148-3350,2026-01-20T22:22:38.110668,existing_csv,delinquent,False,0,32258-
4391 N SHERMAN HILLS PKWY JACKSONVILLE 32210-,,,4175.81,,012875-1075,2026-01-20T22:22:38.110668,existing_csv,delinquent,False,0,32210-
2211 MYRA ST JACKSONVILLE 32204-,,,4181.19,,091318-0000,2026-01-20T22:22:38.110668,existing_csv,delinquent,False,0,32204-
1627 SILVER ST JACKSONVILLE 32206-,,,4182.84,,071429-0000,2026-01-20T22:22:38.110668,existing_csv,delinquent,False,0,32206-
5570 S FLORIDA MINING BLVD 203 JACKSONVILLE 32257-,,,4183.43,,155607-5544,2026-01-20T22:22:38.110668,existing_csv,delinquent,False,0,32257-
3930 RIBAULT RIVER LN JACKSONVILLE 32208-,,,4193.42,,027606-0050,2026-01-20T22:22:38.110668,existing_csv,delinquent,False,0,32208-
1800 THE GREENS WAY 1002 JACKSONVILLE BEACH 32250-,,,4197.5,,180365-6510,2026-01-20T22:22:38.110668,existing_csv,delinquent,False,0,32250-
7838 W ALLSPICE CIR JACKSONVILLE 32244-,,,4200.36,,016057-1035,2026-01-20T22:22:38.110668,existing_csv,delinquent,False,0,32244-
1865 EVERLEE RD JACKSONVILLE 32216-,,,4202.67,,137087-0000,2026-01-20T22:22:38.110668,existing_csv,delinquent,False,0,32216-
1758 DOLOMA ST JACKSONVILLE 32221-,,,4207.07,,009257-0130,2026-01-20T22:22:38.110668,existing_csv,delinquent,False,0,32221-
1157 GUNKA RD JACKSONVILLE 32216-,,,4213.11,,139554-0000,2026-01-20T22:22:38.110668,existing_csv,delinquent,False,0,32216-
5460 COPPEDGE AVE JACKSONVILLE 32277-,,,4217.68,,112436-0000,2026-01-20T22:22:38.110668,existing_csv,delinquent,False,0,32277-
866 WREN RD JACKSONVILLE 32216-,,,4218.99,,139312-0000,2026-01-20T22:22:38.110668,existing_csv,delinquent,False,0,32216-
141 LIMANN RD JACKSONVILLE 32234-,,,4223.82,,000081-0000,2026-01-20T22:22:38.110668,existing_csv,delinquent,False,0,32234-
2443 E WINTERWOOD CIR JACKSONVILLE 32210-,,,4225.29,,012709-1040,2026-01-20T22:22:38.110668,existing_csv,delinquent,False,0,32210-
1353 S BLACKHAWK TRL JACKSONVILLE 32225-,,,4236.15,,162157-1190,2026-01-20T22:22:38.110668,existing_csv,delinquent,False,0,32225-
2589 POST ST JACKSONVILLE 32204-,,,4238.51,,091191-0000,2026-01-20T22:22:38.110668,existing_csv,delinquent,False,0,32204-
10338 MARSH HAWK DR JACKSONVILLE 32218-,,,4240.99,,020159-0445,2026-01-20T22:22:38.110668,existing_csv,delinquent,False,0,32218-
5026 NATHAN HALE RD JACKSONVILLE 32221-,,,4250.25,,002299-0000,2026-01-20T22:22:38.110668,existing_csv,delinquent,False,0,32221-
1441 N UNIVERSITY BLVD JACKSONVILLE 32211-,,,4253.79,,141250-0000,2026-01-20T22:22:38.110668,existing_csv,delinquent,False,0,32211-
801 W FORSYTH ST JACKSONVILLE 32204-,,,4265.75,,074796-0000,2026-01-20T22:22:38.110668,existing_csv,delinquent,False,0,32204-
8158 CARAVELLE DR JACKSONVILLE 32244-,,,4266.11,,097393-0030,2026-01-20T22:22:38.110668,existing_csv,delinquent,False,0,32244-
9745 TOUCHTON RD 1022 JACKSONVILLE 32246-,,,4269.76,,146036-5166,2026-01-20T22:22:38.110668,existing_csv,delinquent,False,0,32246-
6040 BAGLEY RD JACKSONVILLE 32209-,,,4269.87,,040610-0000,2026-01-20T22:22:38.110668,existing_csv,delinquent,False,0,32209-
3414 CORBY ST JACKSONVILLE 32205-,,,4271.55,,061485-0000,2026-01-20T22:22:38.110668,existing_csv,delinquent,False,0,32205-
6724 CARTIER CIR JACKSONVILLE 32208-,,,4275.2,,025512-0000,2026-01-20T22:22:38.110668,existing_csv,delinquent,False,0,32208-
3658 VALENCIA RD JACKSONVILLE 32205-,,,4275.42,,091677-0030,2026-01-20T22:22:38.110668,existing_csv,delinquent,False,0,32205-
8569 N LAMANTO AVE JACKSONVILLE 32211-,,,4289.73,,121195-0000,2026-01-20T22:22:38.110668,existing_csv,delinquent,False,0,32211-
12977 BEAUBIEN RD JACKSONVILLE 32258-,,,4290.18,,158630-0000,2026-01-20T22:22:38.110668,existing_csv,delinquent,False,0,32258-
5677 BAYWOOD TER JACKSONVILLE 32211-,,,4293.86,,116146-0000,2026-01-20T22:22:38.110668,existing_csv,delinquent,False,0,32211-
11466 LANCER WAY JACKSONVILLE 32223-,,,4295.21,,156411-4848,2026-01-20T22:22:38.110668,existing_csv,delinquent,False,0,32223-
1039 LARK ST JACKSONVILLE 32205-,,,4297.03,,061752-0000,2026-01-20T22:22:38.110668,existing_csv,delinquent,False,0,32205-
3286 SOUTEL DR JACKSONVILLE 32208-,,,4302.78,,023077-0000,2026-01-20T22:22:38.110668,existing_csv,delinquent,False,0,32208-
8032 BAGPIPE LN JACKSONVILLE 32244-,,,4308.19,,016468-7580,2026-01-20T22:22:38.110668,existing_csv,delinquent,False,0,32244-
1605 DETROIT ST JACKSONVILLE 32254-,,,4309.72,,048647-0020,2026-01-20T22:22:38.110668,existing_csv,delinquent,False,0,32254-
8342 NEW KINGS RD JACKSONVILLE 32219-,,,4311.55,,040022-0000,2026-01-20T22:22:38.110668,existing_csv,delinquent,False,0,32219-
5062 BRADFORD RD JACKSONVILLE 32217-,,,4328.19,,148472-0000,2026-01-20T22:22:38.110668,existing_csv,delinquent,False,0,32217-
8232 WHITE PLAINS RD JACKSONVILLE 32208-,,,4331.54,,024506-0000,2026-01-20T22:22:38.110668,existing_csv,delinquent,False,0,32208-
1432 N 9TH ST JACKSONVILLE BEACH 32250-,,,4332.69,,175286-0000,2026-01-20T22:22:38.110668,existing_csv,delinquent,False,0,32250-
13951 RIDGEWICK DR JACKSONVILLE 32218-,,,4338.9,,107123-1190,2026-01-20T22:22:38.110668,existing_csv,delinquent,False,0,32218-
10863 MAREEBA RD JACKSONVILLE 32246-,,,4342.91,,165261-5812,2026-01-20T22:22:38.110668,existing_csv,delinquent,False,0,32246-
5050 SHENANDOAH AVE JACKSONVILLE 32254-,,,4349.2,,083923-0000,2026-01-20T22:22:38.110668,existing_csv,delinquent,False,0,32254-
YOUNIS RD JACKSONVILLE 32218-,,,4351,,019588-0005,2026-01-20T22:22:38.110668,existing_csv,delinquent,False,0,32218-
400 E BAY ST 201 JACKSONVILLE 32202-,,,4351.51,,073349-0058,2026-01-20T22:22:38.110668,existing_csv,delinquent,False,0,32202-
814 ELLIS RD JACKSONVILLE 32205-,,,4353.74,,059630-0000,2026-01-20T22:22:38.110668,existing_csv,delinquent,False,0,32205-
12175 PLUMMER GRANT RD JACKSONVILLE 32258-,,,4354.15,,157245-0016,2026-01-20T22:22:38.110668,existing_csv,delinquent,False,0,32258-
1832 W HAWKINS COVE DR JACKSONVILLE 32246-,,,4357.75,,165264-6920,2026-01-20T22:22:38.110668,existing_csv,delinquent,False,0,32246-
2401 SOUTEL DR JACKSONVILLE 32208-,,,4357.9,,036469-0000,2026-01-20T22:22:38.110668,existing_csv,delinquent,False,0,32208-
1760 LAKE RD JACKSONVILLE 32226-,,,4362.05,,108409-1510,2026-01-20T22:22:38.110668,existing_csv,delinquent,False,0,32226-
5549 ORTEGA PARK BLVD JACKSONVILLE 32244-,,,4363.91,,098380-3645,2026-01-20T22:22:38.110668,existing_csv,delinquent,False,0,32244-
4810 DIGNAN ST JACKSONVILLE 32254-,,,4365.49,,058618-0000,2026-01-20T22:22:38.110668,existing_csv,delinquent,False,0,32254-
10980 COLORADO SPRINGS AVE JACKSONVILLE 32219-,,,4370.4,,003848-1832,2026-01-20T22:22:38.110668,existing_csv,delinquent,False,0,32219-
12684 MILLS RIDGE LN JACKSONVILLE 32258-,,,4377.76,,158241-5275,2026-01-20T22:22:38.111667,existing_csv,delinquent,False,0,32258-
3757 E HERMITAGE RD JACKSONVILLE 32277-,,,4380.54,,111493-0950,2026-01-20T22:22:38.111667,existing_csv,delinquent,False,0,32277-
2720 ANNISTON RD JACKSONVILLE 32246-,,,4381.81,,164322-0000,2026-01-20T22:22:38.111667,existing_csv,delinquent,False,0,32246-
658 HENDERSON RD JACKSONVILLE 32205-,,,4386.38,,007455-0000,2026-01-20T22:22:38.111667,existing_csv,delinquent,False,0,32205-
10607 E MCLAURIN RD JACKSONVILLE 32256-,,,4392.54,,156601-0000,2026-01-20T22:22:38.111667,existing_csv,delinquent,False,0,32256-
606 S LOWER 8TH AVE JACKSONVILLE BEACH 32250-,,,4403.77,,176495-1000,2026-01-20T22:22:38.111667,existing_csv,delinquent,False,0,32250-
4003 N CANAL ST JACKSONVILLE 32209-,,,4406.9,,084341-0000,2026-01-20T22:22:38.111667,existing_csv,delinquent,False,0,32209-
1504 GANDY ST JACKSONVILLE 32208-,,,4411.15,,026977-0000,2026-01-20T22:22:38.111667,existing_csv,delinquent,False,0,32208-
439 E 7TH ST JACKSONVILLE 32206-,,,4411.5,,072231-0000,2026-01-20T22:22:38.111667,existing_csv,delinquent,False,0,32206-
7639 LOOKOUT POINT DR JACKSONVILLE 32210-,,,4420.34,,010501-1290,2026-01-20T22:22:38.111667,existing_csv,delinquent,False,0,32210-
9252 SAN JOSE BLVD 2002 JACKSONVILLE 32257-,,,4421.67,,149335-0586,2026-01-20T22:22:38.111667,existing_csv,delinquent,False,0,32257-
938 W BORDEAU AVE JACKSONVILLE 32211-,,,4430.75,,120922-0000,2026-01-20T22:22:38.111667,existing_csv,delinquent,False,0,32211-
2440 SOTTERLEY LN JACKSONVILLE 32220-,,,4435.4,,004519-1990,2026-01-20T22:22:38.111667,existing_csv,delinquent,False,0,32220-
4809 YACHT CLUB RD JACKSONVILLE 32210-,,,4440.96,,101120-0000,2026-01-20T22:22:38.111667,existing_csv,delinquent,False,0,32210-
7636 S ALTUS DR JACKSONVILLE 32277-,,,4443.91,,119873-0000,2026-01-20T22:22:38.111667,existing_csv,delinquent,False,0,32277-
514 EDGEWOOD AVE JACKSONVILLE 32205-,,,4447.6,,061994-0000,2026-01-20T22:22:38.111667,existing_csv,delinquent,False,0,32205-
8903 BEAVER ST JACKSONVILLE 32220-,,,4451.64,,006852-9800,2026-01-20T22:22:38.111667,existing_csv,delinquent,False,0,32220-
8326 W CROSS TIMBERS DR JACKSONVILLE 32244-,,,4454.59,,016463-1694,2026-01-20T22:22:38.111667,existing_csv,delinquent,False,0,32244-
1156 WOLFE ST JACKSONVILLE 32205-,,,4460.77,,061574-0000,2026-01-20T22:22:38.111667,existing_csv,delinquent,False,0,32205-
12229 E GOVERNORS DR JACKSONVILLE 32223-,,,4460.99,,105722-3040,2026-01-20T22:22:38.111667,existing_csv,delinquent,False,0,32223-
7617 S OLD MIDDLEBURG RD JACKSONVILLE 32222-,,,4461.98,,016363-0000,2026-01-20T22:22:38.111667,existing_csv,delinquent,False,0,32222-
6078 CONNIE JEAN RD JACKSONVILLE 32222-,,,4462.36,,015364-0000,2026-01-20T22:22:38.111667,existing_csv,delinquent,False,0,32222-
LEM TURNER RD JACKSONVILLE 32218-,,,4463.59,,020365-0000,2026-01-20T22:22:38.111667,existing_csv,delinquent,False,0,32218-
7324 GREY FOX LN JACKSONVILLE 32244-,,,4469.16,,016057-8410,2026-01-20T22:22:38.111667,existing_csv,delinquent,False,0,32244-
838 HAMILTON ST JACKSONVILLE 32205-,,,4469.16,,062266-0000,2026-01-20T22:22:38.111667,existing_csv,delinquent,False,0,32205-
5088 ANDREW ROBINSON DR JACKSONVILLE 32209-,,,4482.55,,041548-0000,2026-01-20T22:22:38.111667,existing_csv,delinquent,False,0,32209-
4138 RIBAULT RIVER LN JACKSONVILLE 32208-,,,4485.09,,030124-0000,2026-01-20T22:22:38.111667,existing_csv,delinquent,False,0,32208-
5933 LENOX AVE JACKSONVILLE 32205-,,,4485.88,,011705-0000,2026-01-20T22:22:38.111667,existing_csv,delinquent,False,0,32205-
3659 FREEMAN RD JACKSONVILLE 32207-,,,4486.29,,126545-0000,2026-01-20T22:22:38.111667,existing_csv,delinquent,False,0,32207-
3834 E UNION PACIFIC DR JACKSONVILLE 32246-,,,4495.42,,167725-2535,2026-01-20T22:22:38.111667,existing_csv,delinquent,False,0,32246-
3355 CORBY ST JACKSONVILLE 32205-,,,4501.34,,079089-0000,2026-01-20T22:22:38.111667,existing_csv,delinquent,False,0,32205-
7311 N HIGH BLUFF RD JACKSONVILLE 32244-,,,4510.63,,016057-9305,2026-01-20T22:22:38.111667,existing_csv,delinquent,False,0,32244-
2636 PEACOCK ST JACKSONVILLE 32207-,,,4511.86,,125411-0010,2026-01-20T22:22:38.111667,existing_csv,delinquent,False,0,32207-
6926 N HANSON DR JACKSONVILLE 32210-,,,4522.82,,012096-0000,2026-01-20T22:22:38.111667,existing_csv,delinquent,False,0,32210-
980 MAYPORT RD ATLANTIC BEACH 32233-,,,4526.57,,170777-0000,2026-01-20T22:22:38.111667,existing_csv,delinquent,False,0,32233-
8726 ACREE RD JACKSONVILLE 32219-,,,4531.04,,002492-0300,2026-01-20T22:22:38.111667,existing_csv,delinquent,False,0,32219-
1735 RIBAULT SCENIC DR JACKSONVILLE 32208-,,,4531.74,,024873-0000,2026-01-20T22:22:38.111667,existing_csv,delinquent,False,0,32208-
1029 LOBSTER LN JACKSONVILLE 32218-,,,4531.94,,044281-0384,2026-01-20T22:22:38.111667,existing_csv,delinquent,False,0,32218-
2504 N MAIN ST JACKSONVILLE 32206-,,,4533.98,,044956-0000,2026-01-20T22:22:38.111667,existing_csv,delinquent,False,0,32206-
3464 NATALIE MEL LN JACKSONVILLE 32218-,,,4535.46,,020343-1375,2026-01-20T22:22:38.111667,existing_csv,delinquent,False,0,32218-
2119 BOURGET DR JACKSONVILLE 32210-,,,4537.11,,010011-0000,2026-01-20T22:22:38.111667,existing_csv,delinquent,False,0,32210-
9745 TOUCHTON RD 1002 JACKSONVILLE 32246-,,,4546.59,,146036-5156,2026-01-20T22:22:38.111667,existing_csv,delinquent,False,0,32246-
1701 THE GREENS WAY 414 JACKSONVILLE BEACH 32250-,,,4551.54,,181780-0080,2026-01-20T22:22:38.111667,existing_csv,delinquent,False,0,32250-
855 DUSKIN DR JACKSONVILLE 32216-,,,4553.62,,145183-7476,2026-01-20T22:22:38.111667,existing_csv,delinquent,False,0,32216-
775 SAILFISH DR ATLANTIC BEACH 32233-,,,4558.13,,171238-0000,2026-01-20T22:22:38.111667,existing_csv,delinquent,False,0,32233-
835 SAILFISH DR ATLANTIC BEACH 32233-,,,4558.14,,171244-0000,2026-01-20T22:22:38.112666,existing_csv,delinquent,False,0,32233-
4250 E CAMELLIA CIR JACKSONVILLE 32207-,,,4558.58,,127063-0000,2026-01-20T22:22:38.112666,existing_csv,delinquent,False,0,32207-
12294 BLACK WALNUT CT JACKSONVILLE 32226-,,,4560.58,,106561-0245,2026-01-20T22:22:38.112666,existing_csv,delinquent,False,0,32226-
630 W U S 90 BALDWIN 32234-,,,4564.24,,000594-0000,2026-01-20T22:22:38.112666,existing_csv,delinquent,False,0,32234-
13023 PERDUE RD JACKSONVILLE 32218-,,,4575.24,,106944-0010,2026-01-20T22:22:38.112666,existing_csv,delinquent,False,0,32218-
2854 CLAIRBORO RD JACKSONVILLE 32223-,,,4576.17,,156022-0000,2026-01-20T22:22:38.112666,existing_csv,delinquent,False,0,32223-
835 SAILFISH DR ATLANTIC BEACH 32233-,,,4580.5,,171244-0000,2026-01-20T22:22:38.112666,existing_csv,delinquent,False,0,32233-
3590 VICTORIA PARK RD JACKSONVILLE 32216-,,,4589.29,,155433-0000,2026-01-20T22:22:38.112666,existing_csv,delinquent,False,0,32216-
4662 SHERMAN HILLS PKWY JACKSONVILLE 32210-,,,4593.05,,012875-0495,2026-01-20T22:22:38.112666,existing_csv,delinquent,False,0,32210-
12700 BARTRAM PARK BLVD 2311 JACKSONVILLE 32258-,,,4595.8,,158763-0682,2026-01-20T22:22:38.112666,existing_csv,delinquent,False,0,32258-
750 S MCCARGO ST JACKSONVILLE 32221-,,,4596.34,,006991-0000,2026-01-20T22:22:38.112666,existing_csv,delinquent,False,0,32221-
3173 HOLLOW TREE CT JACKSONVILLE 32216-,,,4596.56,,154378-4050,2026-01-20T22:22:38.112666,existing_csv,delinquent,False,0,32216-
12684 MILLS RIDGE LN JACKSONVILLE 32258-,,,4601.22,,158241-5275,2026-01-20T22:22:38.112666,existing_csv,delinquent,False,0,32258-
9745 TOUCHTON RD 1028 JACKSONVILLE 32246-,,,4601.62,,146036-5178,2026-01-20T22:22:38.112666,existing_csv,delinquent,False,0,32246-
9609 EVANS RD JACKSONVILLE 32208-,,,4601.94,,032278-0000,2026-01-20T22:22:38.112666,existing_csv,delinquent,False,0,32208-
1912 S LANE AVE JACKSONVILLE 32210-,,,4605.99,,011537-0000,2026-01-20T22:22:38.112666,existing_csv,delinquent,False,0,32210-
12115 GEORGIA OAK CT JACKSONVILLE 32218-,,,4607.34,,108072-0890,2026-01-20T22:22:38.112666,existing_csv,delinquent,False,0,32218-
5736 CLEVELAND RD JACKSONVILLE 32209-,,,4609.58,,041941-0000,2026-01-20T22:22:38.112666,existing_csv,delinquent,False,0,32209-
7709 NEW KINGS RD JACKSONVILLE 32219-,,,4615.27,,022274-0000,2026-01-20T22:22:38.112666,existing_csv,delinquent,False,0,32219-
1629 HAMMOND BLVD JACKSONVILLE 32221-,,,4618,,009288-0000,2026-01-20T22:22:38.112666,existing_csv,delinquent,False,0,32221-
2714 CORTEZ RD JACKSONVILLE 32246-,,,4620.04,,163945-0000,2026-01-20T22:22:38.112666,existing_csv,delinquent,False,0,32246-
1407 GRANDVIEW DR JACKSONVILLE 32211-,,,4625.25,,142988-0000,2026-01-20T22:22:38.112666,existing_csv,delinquent,False,0,32211-
3845 EDIDIN DR JACKSONVILLE 32277-,,,4627.67,,112202-0000,2026-01-20T22:22:38.112666,existing_csv,delinquent,False,0,32277-
3528 CORBY ST JACKSONVILLE 32205-,,,4628.04,,061482-0000,2026-01-20T22:22:38.112666,existing_csv,delinquent,False,0,32205-
1711 E CHURCH ST JACKSONVILLE 32202-,,,4631.21,,131237-0000,2026-01-20T22:22:38.112666,existing_csv,delinquent,False,0,32202-
2020 N MAIN ST JACKSONVILLE 32206-,,,4634.99,,055148-0000,2026-01-20T22:22:38.112666,existing_csv,delinquent,False,0,32206-
1464 N MYRTLE AVE JACKSONVILLE 32209-,,,4635.68,,054234-0000,2026-01-20T22:22:38.112666,existing_csv,delinquent,False,0,32209-
548 LAURINA ST JACKSONVILLE 32216-,,,4638.78,,139023-0000,2026-01-20T22:22:38.112666,existing_csv,delinquent,False,0,32216-
W BEAVER ST JACKSONVILLE 32220-,,,4641.72,,006645-0000,2026-01-20T22:22:38.112666,existing_csv,delinquent,False,0,32220-
1959 CHEROKEE COVE TRL JACKSONVILLE 32221-,,,4642.71,,008981-1585,2026-01-20T22:22:38.112666,existing_csv,delinquent,False,0,32221-
1645 FOREST HILLS RD JACKSONVILLE 32208-,,,4646.82,,024523-0000,2026-01-20T22:22:38.112666,existing_csv,delinquent,False,0,32208-
8658 BLACKHAW CT JACKSONVILLE 32244-,,,4646.83,,016519-0498,2026-01-20T22:22:38.112666,existing_csv,delinquent,False,0,32244-
4678 HOMESTEAD RD JACKSONVILLE 32210-,,,4649.17,,101220-0000,2026-01-20T22:22:38.112666,existing_csv,delinquent,False,0,32210-
5455 SANDERS RD JACKSONVILLE 32277-,,,4649.67,,112837-0000,2026-01-20T22:22:38.112666,existing_csv,delinquent,False,0,32277-
2850 E LORAN DR JACKSONVILLE 32216-,,,4649.91,,155032-0000,2026-01-20T22:22:38.112666,existing_csv,delinquent,False,0,32216-
2842 POST ST JACKSONVILLE 32205-,,,4651.77,,064464-0000,2026-01-20T22:22:38.112666,existing_csv,delinquent,False,0,32205-
1856 LANDWOOD ST JACKSONVILLE 32211-,,,4659.8,,121786-0000,2026-01-20T22:22:38.112666,existing_csv,delinquent,False,0,32211-
7815 E FAWN BROOK CIR JACKSONVILLE 32256-,,,4660.1,,148522-3156,2026-01-20T22:22:38.112666,existing_csv,delinquent,False,0,32256-
7748 STILLWELL RD JACKSONVILLE 32221-,,,4679.19,,005980-0010,2026-01-20T22:22:38.112666,existing_csv,delinquent,False,0,32221-
4419 S MARSH HAWK DR JACKSONVILLE 32218-,,,4689.27,,020159-0640,2026-01-20T22:22:38.112666,existing_csv,delinquent,False,0,32218-
8162 OSTEEN ST JACKSONVILLE 32210-,,,4693.87,,013393-0000,2026-01-20T22:22:38.112666,existing_csv,delinquent,False,0,32210-
9756 OXFORD STATION DR JACKSONVILLE 32221-,,,4703.55,,006824-1325,2026-01-20T22:22:38.112666,existing_csv,delinquent,False,0,32221-
523 S ELLIS RD JACKSONVILLE 32254-,,,4703.67,,059403-0000,2026-01-20T22:22:38.112666,existing_csv,delinquent,False,0,32254-
860 S HALSEMA RD JACKSONVILLE 32221-,,,4711.19,,001930-0010,2026-01-20T22:22:38.112666,existing_csv,delinquent,False,0,32221-
BELLA RIVA LN JACKSONVILLE 32225-,,,4713.84,,167128-6000,2026-01-20T22:22:38.112666,existing_csv,delinquent,False,0,32225-
5168 VERNON RD JACKSONVILLE 32209-,,,4719.27,,028853-0010,2026-01-20T22:22:38.112666,existing_csv,delinquent,False,0,32209-
6130 N PRATHER DR JACKSONVILLE 32216-,,,4727.89,,155279-0000,2026-01-20T22:22:38.112666,existing_csv,delinquent,False,0,32216-
1704 INWOOD TER JACKSONVILLE 32207-,,,4734.22,,082178-0000,2026-01-20T22:22:38.112666,existing_csv,delinquent,False,0,32207-
11257 AMERICANA LN JACKSONVILLE 32218-,,,4739.66,,110444-0000,2026-01-20T22:22:38.112666,existing_csv,delinquent,False,0,32218-
601 IVA PL JACKSONVILLE 32208-,,,4755.33,,022573-0000,2026-01-20T22:22:38.112666,existing_csv,delinquent,False,0,32208-
317 N 2ND AVE JACKSONVILLE BEACH 32250-,,,4755.35,,174058-0000,2026-01-20T22:22:38.112666,existing_csv,delinquent,False,0,32250-
12111 SAN JOSE BLVD JACKSONVILLE 32223-,,,4759.2,,158163-0000,2026-01-20T22:22:38.112666,existing_csv,delinquent,False,0,32223-
1800 THE GREENS WAY 1002 JACKSONVILLE BEACH 32250-,,,4760.76,,180365-6510,2026-01-20T22:22:38.112666,existing_csv,delinquent,False,0,32250-
9994 ARNOLD RD JACKSONVILLE 32246-,,,4765.2,,123441-0000,2026-01-20T22:22:38.112666,existing_csv,delinquent,False,0,32246-
8320 LENOX AVE JACKSONVILLE 32221-,,,4772.27,,008711-0100,2026-01-20T22:22:38.112666,existing_csv,delinquent,False,0,32221-
5113 S PARETE RD JACKSONVILLE 32218-,,,4775.68,,019596-0390,2026-01-20T22:22:38.112666,existing_csv,delinquent,False,0,32218-
2645 BAYVIEW RD JACKSONVILLE 32210-,,,4778.56,,095295-0000,2026-01-20T22:22:38.113665,existing_csv,delinquent,False,0,32210-
8713 MONROE AVE JACKSONVILLE 32208-,,,4781.81,,037390-0000,2026-01-20T22:22:38.113665,existing_csv,delinquent,False,0,32208-
HOGAN RD JACKSONVILLE 32216-,,,4799.99,,136956-0100,2026-01-20T22:22:38.113665,existing_csv,delinquent,False,0,32216-
9745 TOUCHTON RD 1701 JACKSONVILLE 32246-,,,4805.06,,146036-5054,2026-01-20T22:22:38.113665,existing_csv,delinquent,False,0,32246-
9551 SUGAR HOLLOW LN JACKSONVILLE 32256-,,,4805.44,,147983-0655,2026-01-20T22:22:38.113665,existing_csv,delinquent,False,0,32256-
9755 S ALVIN RD JACKSONVILLE 32222-,,,4808.47,,015489-0020,2026-01-20T22:22:38.113665,existing_csv,delinquent,False,0,32222-
725 S GRANADA BLVD JACKSONVILLE 32207-,,,4821.58,,083262-0000,2026-01-20T22:22:38.113665,existing_csv,delinquent,False,0,32207-
1661 RIVERSIDE AVE 202 JACKSONVILLE 32204-,,,4826.54,,090482-0066,2026-01-20T22:22:38.113665,existing_csv,delinquent,False,0,32204-
781 BEGONIA ST ATLANTIC BEACH 32233-,,,4834.7,,170927-1040,2026-01-20T22:22:38.113665,existing_csv,delinquent,False,0,32233-
4652 PINEWOOD AVE JACKSONVILLE 32207-,,,4859.2,,100005-0000,2026-01-20T22:22:38.113665,existing_csv,delinquent,False,0,32207-
7240 LEM TURNER RD JACKSONVILLE 32208-,,,4859.63,,026761-0000,2026-01-20T22:22:38.113665,existing_csv,delinquent,False,0,32208-
507 N LANE AVE JACKSONVILLE 32254-,,,4867.37,,005144-0010,2026-01-20T22:22:38.113665,existing_csv,delinquent,False,0,32254-
13241 BARTRAM PARK BLVD 1405 JACKSONVILLE 32258-,,,4867.56,,158767-5820,2026-01-20T22:22:38.113665,existing_csv,delinquent,False,0,32258-
8197 BROOKS DR JACKSONVILLE 32244-,,,4869.09,,016483-0000,2026-01-20T22:22:38.113665,existing_csv,delinquent,False,0,32244-
4325 WALNUT BEND JACKSONVILLE 32257-,,,4881.99,,155697-0194,2026-01-20T22:22:38.113665,existing_csv,delinquent,False,0,32257-
211 E BAY ST JACKSONVILLE 32202-,,,4894.46,,073372-0000,2026-01-20T22:22:38.113665,existing_csv,delinquent,False,0,32202-
4317 ORTEGA FARMS CIR JACKSONVILLE 32210-,,,4896.25,,103821-0000,2026-01-20T22:22:38.113665,existing_csv,delinquent,False,0,32210-
12936 BEARPAW PL JACKSONVILLE 32246-,,,4902.46,,167444-0562,2026-01-20T22:22:38.113665,existing_csv,delinquent,False,0,32246-
5164 EULACE RD JACKSONVILLE 32210-,,,4907.74,,095503-0000,2026-01-20T22:22:38.113665,existing_csv,delinquent,False,0,32210-
8737 MAGNOLIA ST JACKSONVILLE 32234-,,,4907.89,,001215-0010,2026-01-20T22:22:38.113665,existing_csv,delinquent,False,0,32234-
3631 TORRE GRANDE AVE JACKSONVILLE 32257-,,,4920.41,,155916-0336,2026-01-20T22:22:38.113665,existing_csv,delinquent,False,0,32257-
8466 WATERMILL BLVD JACKSONVILLE 32244-,,,4936.58,,016430-4030,2026-01-20T22:22:38.113665,existing_csv,delinquent,False,0,32244-
LAKESIDE DR JACKSONVILLE 32210-,,,4936.58,,093306-0002,2026-01-20T22:22:38.113665,existing_csv,delinquent,False,0,32210-
1951 N PEARL ST JACKSONVILLE 32206-,,,4939.92,,072019-0000,2026-01-20T22:22:38.113665,existing_csv,delinquent,False,0,32206-
7028 CAMFIELD LANDING DR JACKSONVILLE 32222-,,,4940.96,,015673-0065,2026-01-20T22:22:38.113665,existing_csv,delinquent,False,0,32222-
7063 CAMFIELD LANDING DR JACKSONVILLE 32222-,,,4940.96,,015673-0130,2026-01-20T22:22:38.113665,existing_csv,delinquent,False,0,32222-
CALJON RD JACKSONVILLE 32207-,,,4943.85,,069780-0000,2026-01-20T22:22:38.113665,existing_csv,delinquent,False,0,32207-
4324 PINEWOOD AVE JACKSONVILLE 32207-,,,4948.74,,099988-0000,2026-01-20T22:22:38.113665,existing_csv,delinquent,False,0,32207-
2407 ACADIE DR JACKSONVILLE 32217-,,,4953.74,,151224-0000,2026-01-20T22:22:38.113665,existing_csv,delinquent,False,0,32217-
3830 DALRY DR JACKSONVILLE 32246-,,,4971.52,,167636-0000,2026-01-20T22:22:38.113665,existing_csv,delinquent,False,0,32246-
2001 ART MUSEUM DR JACKSONVILLE 32207-,,,4973.55,,136813-0000,2026-01-20T22:22:38.113665,existing_csv,delinquent,False,0,32207-
3126 PURDOM DR JACKSONVILLE 32223-,,,4973.86,,156251-0000,2026-01-20T22:22:38.113665,existing_csv,delinquent,False,0,32223-
11138 N PLEASANT OAK RD JACKSONVILLE 32226-,,,4985.76,,108674-0000,2026-01-20T22:22:38.113665,existing_csv,delinquent,False,0,32226-
11966 SAVERIO LN JACKSONVILLE 32225-,,,4987.98,,160671-5500,2026-01-20T22:22:38.113665,existing_csv,delinquent,False,0,32225-
2504 WINDING SPRING CT JACKSONVILLE 32246-,,,5002.59,,165283-0285,2026-01-20T22:22:38.113665,existing_csv,delinquent,False,0,32246-
7917 MENDOZA DR JACKSONVILLE 32217-,,,5003.37,,152192-0000,2026-01-20T22:22:38.114665,existing_csv,delinquent,False,0,32217-
1880 MAYPORT RD ATLANTIC BEACH 32233-,,,5006.17,,172218-0000,2026-01-20T22:22:38.114665,existing_csv,delinquent,False,0,32233-
300 FRANKLIN AVE JACKSONVILLE 32218-,,,5008.45,,020908-0000,2026-01-20T22:22:38.114665,existing_csv,delinquent,False,0,32218-
2915 RIBAULT SCENIC DR JACKSONVILLE 32208-,,,5009.29,,025119-0000,2026-01-20T22:22:38.114665,existing_csv,delinquent,False,0,32208-
4251 PALMER AVE JACKSONVILLE 32210-,,,5018.48,,093858-0000,2026-01-20T22:22:38.114665,existing_csv,delinquent,False,0,32210-
8852 CHAMBORE DR JACKSONVILLE 32256-,,,5029.68,,148632-5676,2026-01-20T22:22:38.114665,existing_csv,delinquent,False,0,32256-
6054 SAN JOSE BLVD JACKSONVILLE 32217-,,,5037.68,,100439-0000,2026-01-20T22:22:38.114665,existing_csv,delinquent,False,0,32217-
8876 JOHNSON TER JACKSONVILLE 32219-,,,5039.84,,002861-0090,2026-01-20T22:22:38.114665,existing_csv,delinquent,False,0,32219-
8447 SAN ARDO DR JACKSONVILLE 32217-,,,5054.51,,148210-0000,2026-01-20T22:22:38.114665,existing_csv,delinquent,False,0,32217-
339 N HICKORY HOLLOW DR JACKSONVILLE 32225-,,,5077.01,,162224-0295,2026-01-20T22:22:38.114665,existing_csv,delinquent,False,0,32225-
5120 HARROW RD JACKSONVILLE 32217-,,,5081.72,,148514-3002,2026-01-20T22:22:38.114665,existing_csv,delinquent,False,0,32217-
13783 QUARTZ CRYSTAL DR JACKSONVILLE 32225-,,,5086.77,,161132-4185,2026-01-20T22:22:38.114665,existing_csv,delinquent,False,0,32225-
5323 RIVERTON RD JACKSONVILLE 32277-,,,5096.24,,112853-0540,2026-01-20T22:22:38.114665,existing_csv,delinquent,False,0,32277-
4630 HOMESTEAD RD JACKSONVILLE 32210-,,,5097.01,,101241-0000,2026-01-20T22:22:38.114665,existing_csv,delinquent,False,0,32210-
1431 RIVERPLACE BLVD 1901 JACKSONVILLE 32207-,,,5112.88,,080393-0500,2026-01-20T22:22:38.114665,existing_csv,delinquent,False,0,32207-
1337 MORVENWOOD RD JACKSONVILLE 32207-,,,5118.44,,082808-0000,2026-01-20T22:22:38.114665,existing_csv,delinquent,False,0,32207-
1821 DAVIS RD JACKSONVILLE 32218-,,,5124.4,,110736-0000,2026-01-20T22:22:38.114665,existing_csv,delinquent,False,0,32218-
5861 BUCKLEY DR JACKSONVILLE 32244-,,,5141.84,,014731-0000,2026-01-20T22:22:38.114665,existing_csv,delinquent,False,0,32244-
2944 W CORKWOOD RD JACKSONVILLE 32277-,,,5152.23,,117086-0000,2026-01-20T22:22:38.114665,existing_csv,delinquent,False,0,32277-
1274 CAPE CHARLES AVE JACKSONVILLE 32233-,,,5158.18,,168520-0000,2026-01-20T22:22:38.114665,existing_csv,delinquent,False,0,32233-
124 E 3RD ST JACKSONVILLE 32206-,,,5167.22,,073008-0000,2026-01-20T22:22:38.114665,existing_csv,delinquent,False,0,32206-
2437 W FALLEN TREE DR JACKSONVILLE 32246-,,,5170.86,,167444-0612,2026-01-20T22:22:38.114665,existing_csv,delinquent,False,0,32246-
546 DAVIS ST NEPTUNE BEACH 32266-,,,5179.73,,173072-0000,2026-01-20T22:22:38.114665,existing_csv,delinquent,False,0,32266-
333 CENTER AVE JACKSONVILLE 32220-,,,5180.66,,006723-0030,2026-01-20T22:22:38.115664,existing_csv,delinquent,False,0,32220-
9029 LEM TURNER RD JACKSONVILLE 32208-,,,5185.78,,037256-0010,2026-01-20T22:22:38.115664,existing_csv,delinquent,False,0,32208-
2355 CHEROKEE COVE TRL JACKSONVILLE 32221-,,,5185.95,,008981-0835,2026-01-20T22:22:38.115664,existing_csv,delinquent,False,0,32221-
5463 TIERRA VERDE LN JACKSONVILLE 32258-,,,5196.12,,157193-0500,2026-01-20T22:22:38.115664,existing_csv,delinquent,False,0,32258-
6788 LANGFORD ST JACKSONVILLE 32219-,,,5218.14,,003784-2270,2026-01-20T22:22:38.115664,existing_csv,delinquent,False,0,32219-
5210 EULACE RD JACKSONVILLE 32210-,,,5218.74,,095504-0000,2026-01-20T22:22:38.115664,existing_csv,delinquent,False,0,32210-
1733 PERRY ST JACKSONVILLE 32206-,,,5228.42,,071552-0000,2026-01-20T22:22:38.115664,existing_csv,delinquent,False,0,32206-
2066 SAMONTEE RD JACKSONVILLE 32211-,,,5230.08,,120112-0000,2026-01-20T22:22:38.115664,existing_csv,delinquent,False,0,32211-
112 S 5TH AVE 201 JACKSONVILLE BEACH 32250-,,,5231.21,,175949-1306,2026-01-20T22:22:38.115664,existing_csv,delinquent,False,0,32250-
15225 N LANDMARK CIR JACKSONVILLE 32226-,,,5239.67,,108426-1210,2026-01-20T22:22:38.115664,existing_csv,delinquent,False,0,32226-
1554 DOLPH RD JACKSONVILLE 32220-,,,5241.03,,004874-0000,2026-01-20T22:22:38.115664,existing_csv,delinquent,False,0,32220-
1939 FRANKLIN ST JACKSONVILLE 32206-,,,5247.52,,115120-0000,2026-01-20T22:22:38.115664,existing_csv,delinquent,False,0,32206-
8688 S BANDERA CIR JACKSONVILLE 32244-,,,5248.77,,016464-0605,2026-01-20T22:22:38.115664,existing_csv,delinquent,False,0,32244-
4853 SAN CLERC RD JACKSONVILLE 32217-,,,5257.09,,148291-0000,2026-01-20T22:22:38.115664,existing_csv,delinquent,False,0,32217-
13329 SOLAR DR JACKSONVILLE 32258-,,,5265.56,,168085-0172,2026-01-20T22:22:38.115664,existing_csv,delinquent,False,0,32258-
844 LYNTON ST JACKSONVILLE 32208-,,,5266.1,,031825-0000,2026-01-20T22:22:38.115664,existing_csv,delinquent,False,0,32208-
218 E JARDIN DE MER PL 218 JACKSONVILLE BEACH 32250-,,,5268.77,,177387-3050,2026-01-20T22:22:38.115664,existing_csv,delinquent,False,0,32250-
4803 SAPPHO AVE JACKSONVILLE 32205-,,,5272.46,,062850-0000,2026-01-20T22:22:38.115664,existing_csv,delinquent,False,0,32205-
8531 ELONDO ST JACKSONVILLE 32211-,,,5276.07,,121145-0000,2026-01-20T22:22:38.115664,existing_csv,delinquent,False,0,32211-
817 HOUSTON ST JACKSONVILLE 32204-,,,5276.46,,074767-0000,2026-01-20T22:22:38.115664,existing_csv,delinquent,False,0,32204-
6827 SAN JOSE BLVD JACKSONVILLE 32217-,,,5278.13,,150122-0168,2026-01-20T22:22:38.115664,existing_csv,delinquent,False,0,32217-
6606 S NIGHTINGALE RD JACKSONVILLE 32216-,,,5282.2,,139475-0000,2026-01-20T22:22:38.115664,existing_csv,delinquent,False,0,32216-
13648 MYRICA CT JACKSONVILLE 32224-,,,5303.23,,167770-2075,2026-01-20T22:22:38.115664,existing_csv,delinquent,False,0,32224-
242 ASHLAND AVE JACKSONVILLE 32220-,,,5303.72,,006947-0000,2026-01-20T22:22:38.115664,existing_csv,delinquent,False,0,32220-
8248 GOLDEN BAMBOO DR JACKSONVILLE 32219-,,,5310.11,,003449-3405,2026-01-20T22:22:38.115664,existing_csv,delinquent,False,0,32219-
1025 PEBBLE RIDGE DR JACKSONVILLE 32220-,,,5312.67,,006513-0585,2026-01-20T22:22:38.115664,existing_csv,delinquent,False,0,32220-
2547 HERSCHEL ST JACKSONVILLE 32204-,,,5318.15,,090807-0000,2026-01-20T22:22:38.115664,existing_csv,delinquent,False,0,32204-
13327 N CURRITUCK DR JACKSONVILLE 32225-,,,5320.92,,167158-7730,2026-01-20T22:22:38.115664,existing_csv,delinquent,False,0,32225-
820 A PHILIP RANDOLPH BLVD JACKSONVILLE 32206-,,,5322.04,,122322-0010,2026-01-20T22:22:38.115664,existing_csv,delinquent,False,0,32206-
10490 E BALMORAL CIR JACKSONVILLE 32218-,,,5325.71,,044279-1050,2026-01-20T22:22:38.115664,existing_csv,delinquent,False,0,32218-
11057 COPPER HILL DR JACKSONVILLE 32218-,,,5336.39,,020041-0660,2026-01-20T22:22:38.115664,existing_csv,delinquent,False,0,32218-
5156 MARTHA ANN DR JACKSONVILLE 32207-,,,5338.25,,133973-0115,2026-01-20T22:22:38.115664,existing_csv,delinquent,False,0,32207-
11943 GREENWOOD CT JACKSONVILLE 32246-,,,5338.45,,166444-0000,2026-01-20T22:22:38.115664,existing_csv,delinquent,False,0,32246-
10863 E CROSSTIE RD JACKSONVILLE 32257-,,,5341.79,,156421-2334,2026-01-20T22:22:38.115664,existing_csv,delinquent,False,0,32257-
1805 LIVE OAK DR JACKSONVILLE 32246-,,,5353.59,,123479-0000,2026-01-20T22:22:38.116664,existing_csv,delinquent,False,0,32246-
4053 PONCE DE LEON AVE JACKSONVILLE 32217-,,,5368.33,,150775-0000,2026-01-20T22:22:38.116664,existing_csv,delinquent,False,0,32217-
13953 SAWPIT RD JACKSONVILLE 32226-,,,5375.76,,159786-1050,2026-01-20T22:22:38.116664,existing_csv,delinquent,False,0,32226-
2319 COLLEGE ST JACKSONVILLE 32204-,,,5379.12,,091201-0000,2026-01-20T22:22:38.116664,existing_csv,delinquent,False,0,32204-
1320 E HOLLYHOCK CIR JACKSONVILLE 32211-,,,5379.62,,141118-0010,2026-01-20T22:22:38.116664,existing_csv,delinquent,False,0,32211-
1813 CALLAHAN ST JACKSONVILLE 32207-,,,5379.68,,070353-0000,2026-01-20T22:22:38.116664,existing_csv,delinquent,False,0,32207-
6937 W LA MESA DR JACKSONVILLE 32217-,,,5382.88,,150991-0000,2026-01-20T22:22:38.116664,existing_csv,delinquent,False,0,32217-
3339 ALDRIDGE MALL JACKSONVILLE 32224-,,,5387.22,,166939-0000,2026-01-20T22:22:38.116664,existing_csv,delinquent,False,0,32224-
1637 N MAIN ST JACKSONVILLE 32206-,,,5388.53,,071378-0000,2026-01-20T22:22:38.116664,existing_csv,delinquent,False,0,32206-
1614 LEONID RD JACKSONVILLE 32218-,,,5393.49,,042505-0000,2026-01-20T22:22:38.116664,existing_csv,delinquent,False,0,32218-
543 WOODBINE ST JACKSONVILLE 32206-,,,5400.22,,088021-0000,2026-01-20T22:22:38.116664,existing_csv,delinquent,False,0,32206-
12248 S COBBLEFIELD CIR JACKSONVILLE 32224-,,,5417.18,,167459-0890,2026-01-20T22:22:38.116664,existing_csv,delinquent,False,0,32224-
4408 W MONCRIEF RD JACKSONVILLE 32209-,,,5428.49,,041469-0000,2026-01-20T22:22:38.116664,existing_csv,delinquent,False,0,32209-
5029 WESTCHASE CT JACKSONVILLE 32210-,,,5437.82,,013843-0554,2026-01-20T22:22:38.116664,existing_csv,delinquent,False,0,32210-
12899 CHANDLERS CROSSING LN JACKSONVILLE 32226-,,,5462.59,,106578-7340,2026-01-20T22:22:38.116664,existing_csv,delinquent,False,0,32226-
5367 ORTEGA BLVD JACKSONVILLE 32210-,,,5469.34,,102357-0000,2026-01-20T22:22:38.116664,existing_csv,delinquent,False,0,32210-
6129 HYDE PARK CIR JACKSONVILLE 32210-,,,5471.31,,068779-0010,2026-01-20T22:22:38.116664,existing_csv,delinquent,False,0,32210-
13328 LOW TIDE WAY JACKSONVILLE 32258-,,,5473.82,,168085-0596,2026-01-20T22:22:38.116664,existing_csv,delinquent,False,0,32258-
1173 NICHOLSON RD JACKSONVILLE 32207-,,,5478.25,,145573-0000,2026-01-20T22:22:38.116664,existing_csv,delinquent,False,0,32207-
103RD ST JACKSONVILLE 32210-,,,5487.04,,013553-0000,2026-01-20T22:22:38.116664,existing_csv,delinquent,False,0,32210-
12101 CANNES ST JACKSONVILLE 32224-,,,5488.04,,166157-0500,2026-01-20T22:22:38.116664,existing_csv,delinquent,False,0,32224-
11463 SAINTS RD JACKSONVILLE 32246-,,,5488.86,,163672-0210,2026-01-20T22:22:38.116664,existing_csv,delinquent,False,0,32246-
11523 E MANDARIN WOODS DR JACKSONVILLE 32223-,,,5501.35,,156332-1036,2026-01-20T22:22:38.117663,existing_csv,delinquent,False,0,32223-
13407 ASHCROFT LANDING CT JACKSONVILLE 32225-,,,5504.12,,167158-8305,2026-01-20T22:22:38.117663,existing_csv,delinquent,False,0,32225-
1835 WELFORD RD JACKSONVILLE 32207-,,,5511.07,,129625-0000,2026-01-20T22:22:38.117663,existing_csv,delinquent,False,0,32207-
1339 PINEWOOD LN JACKSONVILLE BEACH 32250-,,,5511.17,,178286-0000,2026-01-20T22:22:38.117663,existing_csv,delinquent,False,0,32250-
2612 S STERN DR JACKSONVILLE 32233-,,,5515.67,,168891-0302,2026-01-20T22:22:38.117663,existing_csv,delinquent,False,0,32233-
1704 GIRVIN RD JACKSONVILLE 32225-,,,5528.53,,160938-0000,2026-01-20T22:22:38.117663,existing_csv,delinquent,False,0,32225-
306 E 3RD ST 4 JACKSONVILLE 32206-,,,5536.54,,072616-0100,2026-01-20T22:22:38.117663,existing_csv,delinquent,False,0,32206-
6571 WHITE BLOSSOM CIR 7D JACKSONVILLE 32258-,,,5560.82,,168135-2406,2026-01-20T22:22:38.117663,existing_csv,delinquent,False,0,32258-
330 SILENT BROOK TRL JACKSONVILLE 32225-,,,5563.51,,162224-1535,2026-01-20T22:22:38.117663,existing_csv,delinquent,False,0,32225-
13019 LANIER RD JACKSONVILLE 32226-,,,5565.85,,106440-0100,2026-01-20T22:22:38.117663,existing_csv,delinquent,False,0,32226-
4724 DEVON LN JACKSONVILLE 32210-,,,5568.99,,100962-0000,2026-01-20T22:22:38.117663,existing_csv,delinquent,False,0,32210-
4446 WILLOW CHASE TER JACKSONVILLE 32258-,,,5585.72,,158094-0760,2026-01-20T22:22:38.117663,existing_csv,delinquent,False,0,32258-
3025 PEACH DR JACKSONVILLE 32246-,,,5597.81,,124017-0000,2026-01-20T22:22:38.117663,existing_csv,delinquent,False,0,32246-
TROUT RIVER DR JACKSONVILLE 32208-,,,5614.21,,033231-0002,2026-01-20T22:22:38.117663,existing_csv,delinquent,False,0,32208-
3118 BEACH BLVD JACKSONVILLE 32207-,,,5616.44,,145996-0000,2026-01-20T22:22:38.117663,existing_csv,delinquent,False,0,32207-
5050 ELINOR RD JACKSONVILLE 32257-,,,5630.66,,148648-0010,2026-01-20T22:22:38.117663,existing_csv,delinquent,False,0,32257-
4012 S SIERRA MADRE DR JACKSONVILLE 32217-,,,5634.58,,151852-0000,2026-01-20T22:22:38.117663,existing_csv,delinquent,False,0,32217-
1411 N 4TH ST JACKSONVILLE BEACH 32250-,,,5636.89,,174687-0600,2026-01-20T22:22:38.117663,existing_csv,delinquent,False,0,32250-
53 S 9TH ST JACKSONVILLE BEACH 32250-,,,5646.51,,175572-0010,2026-01-20T22:22:38.117663,existing_csv,delinquent,False,0,32250-
5216 WESTCHASE CT JACKSONVILLE 32210-,,,5647.77,,013843-0524,2026-01-20T22:22:38.117663,existing_csv,delinquent,False,0,32210-
462 NEW BERLIN RD JACKSONVILLE 32218-,,,5649.06,,108006-0000,2026-01-20T22:22:38.117663,existing_csv,delinquent,False,0,32218-
232 E 8TH ST JACKSONVILLE 32206-,,,5652.56,,071687-0000,2026-01-20T22:22:38.117663,existing_csv,delinquent,False,0,32206-
7500 TROTTER LAKE RD JACKSONVILLE 32219-,,,5661.68,,002938-0100,2026-01-20T22:22:38.117663,existing_csv,delinquent,False,0,32219-
2589 S SCOTT MILL DR JACKSONVILLE 32223-,,,5667.47,,158847-1040,2026-01-20T22:22:38.117663,existing_csv,delinquent,False,0,32223-
27 EDGAR ST ATLANTIC BEACH 32233-,,,5667.65,,172236-0000,2026-01-20T22:22:38.117663,existing_csv,delinquent,False,0,32233-
6000 SAN JOSE BLVD 11-C JACKSONVILLE 32217-,,,5667.89,,099170-6126,2026-01-20T22:22:38.117663,existing_csv,delinquent,False,0,32217-
1253 GREEN CAY AVE JACKSONVILLE 32233-,,,5668.56,,168724-0000,2026-01-20T22:22:38.117663,existing_csv,delinquent,False,0,32233-
5033 TROUT RIVER BLVD JACKSONVILLE 32208-,,,5670.33,,029913-0000,2026-01-20T22:22:38.117663,existing_csv,delinquent,False,0,32208-
1803 ATLANTIC BLVD JACKSONVILLE 32207-,,,5672.42,,081587-0000,2026-01-20T22:22:38.118662,existing_csv,delinquent,False,0,32207-
13220 MT PLEASANT RD JACKSONVILLE 32225-,,,5688.21,,160316-0000,2026-01-20T22:22:38.118662,existing_csv,delinquent,False,0,32225-
3099 CORNELIA DR JACKSONVILLE 32257-,,,5691.85,,148924-0110,2026-01-20T22:22:38.118662,existing_csv,delinquent,False,0,32257-
749 CESERY BLVD JACKSONVILLE 32211-,,,5696.87,,129382-0020,2026-01-20T22:22:38.118662,existing_csv,delinquent,False,0,32211-
784 WREN RD JACKSONVILLE 32216-,,,5705.32,,139319-0000,2026-01-20T22:22:38.118662,existing_csv,delinquent,False,0,32216-
4836 SUSANNA WOODS CT JACKSONVILLE 32257-,,,5705.87,,148704-7235,2026-01-20T22:22:38.118662,existing_csv,delinquent,False,0,32257-
4115 SHIRLEY AVE JACKSONVILLE 32210-,,,5708.45,,069604-0000,2026-01-20T22:22:38.118662,existing_csv,delinquent,False,0,32210-
NEW BERLIN RD JACKSONVILLE 32226-,,,5719.15,,108822-0025,2026-01-20T22:22:38.118662,existing_csv,delinquent,False,0,32226-
411 ASHCROFT LANDING DR JACKSONVILLE 32225-,,,5723.78,,167158-8210,2026-01-20T22:22:38.118662,existing_csv,delinquent,False,0,32225-
1658 N LOWER 4TH AVE JACKSONVILLE BEACH 32250-,,,5724.54,,178021-0000,2026-01-20T22:22:38.118662,existing_csv,delinquent,False,0,32250-
OLD GAINESVILLE RD JACKSONVILLE 32221-,,,5742.84,,008989-1000,2026-01-20T22:22:38.118662,existing_csv,delinquent,False,0,32221-
13315 PEACEFUL RD JACKSONVILLE 32226-,,,5747.17,,106385-0010,2026-01-20T22:22:38.118662,existing_csv,delinquent,False,0,32226-
4788 HODGES BLVD 203 JACKSONVILLE 32224-,,,5757.66,,167736-3620,2026-01-20T22:22:38.118662,existing_csv,delinquent,False,0,32224-
4220 SAN JUAN AVE JACKSONVILLE 32210-,,,5762.49,,093851-0000,2026-01-20T22:22:38.118662,existing_csv,delinquent,False,0,32210-
3733 ADIROLF RD JACKSONVILLE 32207-,,,5764.66,,135788-0000,2026-01-20T22:22:38.118662,existing_csv,delinquent,False,0,32207-
11067 PERCHERON DR JACKSONVILLE 32257-,,,5771.18,,155642-7950,2026-01-20T22:22:38.118662,existing_csv,delinquent,False,0,32257-
12136 E RESERVOIR LN JACKSONVILLE 32223-,,,5777.53,,158093-0605,2026-01-20T22:22:38.118662,existing_csv,delinquent,False,0,32223-
4615 LEXINGTON AVE JACKSONVILLE 32210-,,,5793.5,,093454-0000,2026-01-20T22:22:38.118662,existing_csv,delinquent,False,0,32210-
2344 E COVINGTON CREEK CIR JACKSONVILLE 32224-,,,5794.32,,167332-1200,2026-01-20T22:22:38.118662,existing_csv,delinquent,False,0,32224-
3351 PLYMOUTH ST JACKSONVILLE 32205-,,,5829.4,,061432-0000,2026-01-20T22:22:38.118662,existing_csv,delinquent,False,0,32205-
4300 S US 301 HWY JACKSONVILLE 32234-,,,5840.61,,000989-2000,2026-01-20T22:22:38.118662,existing_csv,delinquent,False,0,32234-
2366 LANTANA AVE JACKSONVILLE 32209-,,,5840.66,,028502-0000,2026-01-20T22:22:38.118662,existing_csv,delinquent,False,0,32209-
13913 E FISH EAGLE DR JACKSONVILLE 32226-,,,5841.4,,106369-1350,2026-01-20T22:22:38.118662,existing_csv,delinquent,False,0,32226-
57 CANTEE ST JACKSONVILLE 32204-,,,5897.17,,077185-0000,2026-01-20T22:22:38.118662,existing_csv,delinquent,False,0,32204-
323 N 11TH AVE JACKSONVILLE BEACH 32250-,,,5898.9,,174623-0000,2026-01-20T22:22:38.118662,existing_csv,delinquent,False,0,32250-
2525 COLLEGE ST 2301 JACKSONVILLE 32204-,,,5928.86,,064854-0820,2026-01-20T22:22:38.118662,existing_csv,delinquent,False,0,32204-
11281 HENDON DR JACKSONVILLE 32246-,,,5930.36,,165262-5435,2026-01-20T22:22:38.118662,existing_csv,delinquent,False,0,32246-
13218 HUGUENOT LN JACKSONVILLE 32225-,,,5955.89,,160354-0000,2026-01-20T22:22:38.118662,existing_csv,delinquent,False,0,32225-
1025 LIDO RD JACKSONVILLE 32216-,,,5970.94,,140535-0000,2026-01-20T22:22:38.118662,existing_csv,delinquent,False,0,32216-
4919 N MAIN ST JACKSONVILLE 32206-,,,5972.1,,031389-0000,2026-01-20T22:22:38.118662,existing_csv,delinquent,False,0,32206-
939 ARLINGTON RD JACKSONVILLE 32211-,,,5977.45,,142557-0000,2026-01-20T22:22:38.119662,existing_csv,delinquent,False,0,32211-
8801 PHILIPS HWY JACKSONVILLE 32256-,,,5988.66,,148673-0000,2026-01-20T22:22:38.119662,existing_csv,delinquent,False,0,32256-
14149 WASHBURN CT JACKSONVILLE 32250-,,,5992.17,,167115-5240,2026-01-20T22:22:38.119662,existing_csv,delinquent,False,0,32250-
2202 N EDGEWOOD AVE JACKSONVILLE 32254-,,,5996.37,,048852-0100,2026-01-20T22:22:38.119662,existing_csv,delinquent,False,0,32254-
1465 N OLD MIDDLEBURG RD JACKSONVILLE 32210-,,,6007.26,,011657-0000,2026-01-20T22:22:38.119662,existing_csv,delinquent,False,0,32210-
1834 LIVE OAK DR JACKSONVILLE 32246-,,,6031.85,,123452-0000,2026-01-20T22:22:38.119662,existing_csv,delinquent,False,0,32246-
4130 ROMA BLVD JACKSONVILLE 32210-,,,6033.65,,102588-0000,2026-01-20T22:22:38.119662,existing_csv,delinquent,False,0,32210-
5039 BRADFORD RD JACKSONVILLE 32217-,,,6036.15,,148457-0000,2026-01-20T22:22:38.119662,existing_csv,delinquent,False,0,32217-
3783 YELLOW WATER RD JACKSONVILLE 32234-,,,6037.59,,002128-0200,2026-01-20T22:22:38.119662,existing_csv,delinquent,False,0,32234-
11015 E MANDARIN STATION DR JACKSONVILLE 32257-,,,6051.4,,155642-1148,2026-01-20T22:22:38.119662,existing_csv,delinquent,False,0,32257-
8965 SAN RAE RD JACKSONVILLE 32257-,,,6054.48,,149235-0020,2026-01-20T22:22:38.119662,existing_csv,delinquent,False,0,32257-
734 LEE RD JACKSONVILLE 32225-,,,6058.41,,163005-0000,2026-01-20T22:22:38.119662,existing_csv,delinquent,False,0,32225-
6619 RAMOTH DR JACKSONVILLE 32226-,,,6062,,160102-0000,2026-01-20T22:22:38.119662,existing_csv,delinquent,False,0,32226-
8424 WAGENHALS RD JACKSONVILLE 32210-,,,6071.08,,013142-0000,2026-01-20T22:22:38.119662,existing_csv,delinquent,False,0,32210-
2807 W 45TH ST JACKSONVILLE 32209-,,,6078.9,,028689-0000,2026-01-20T22:22:38.119662,existing_csv,delinquent,False,0,32209-
513 CLIFTON BLUFF LN JACKSONVILLE 32211-,,,6126.45,,128736-0120,2026-01-20T22:22:38.119662,existing_csv,delinquent,False,0,32211-
8168 SUSIE ST JACKSONVILLE 32210-,,,6130.15,,013381-0300,2026-01-20T22:22:38.119662,existing_csv,delinquent,False,0,32210-
12968 OLD ST AUGUSTINE RD JACKSONVILLE 32258-,,,6132.04,,158317-0000,2026-01-20T22:22:38.119662,existing_csv,delinquent,False,0,32258-
9947 ORAHOOD LN JACKSONVILLE 32226-,,,6146.55,,108889-0020,2026-01-20T22:22:38.119662,existing_csv,delinquent,False,0,32226-
10900 BRIDGES RD JACKSONVILLE 32218-,,,6148.16,,004320-0060,2026-01-20T22:22:38.119662,existing_csv,delinquent,False,0,32218-
715 DAVID ST ATLANTIC BEACH 32233-,,,6150.09,,170509-0010,2026-01-20T22:22:38.119662,existing_csv,delinquent,False,0,32233-
14750 BEACH BLVD 30 JACKSONVILLE 32250-,,,6150.86,,176989-0560,2026-01-20T22:22:38.119662,existing_csv,delinquent,False,0,32250-
2673 E FOX CREEK DR JACKSONVILLE 32221-,,,6168.43,,012874-1080,2026-01-20T22:22:38.119662,existing_csv,delinquent,False,0,32221-
1436 BELLESHORE CIR JACKSONVILLE 32218-,,,6186.59,,020988-0116,2026-01-20T22:22:38.119662,existing_csv,delinquent,False,0,32218-
13130 PEACEFUL RD JACKSONVILLE 32226-,,,6214.14,,106386-0050,2026-01-20T22:22:38.119662,existing_csv,delinquent,False,0,32226-
6126 TOWNSEND RD JACKSONVILLE 32244-,,,6233.97,,099005-0000,2026-01-20T22:22:38.119662,existing_csv,delinquent,False,0,32244-
2616 FLANDERS ST JACKSONVILLE 32206-,,,6235.11,,045235-0010,2026-01-20T22:22:38.119662,existing_csv,delinquent,False,0,32206-
4441 E HUNTERS HAVEN LN JACKSONVILLE 32224-,,,6237.7,,167457-1520,2026-01-20T22:22:38.119662,existing_csv,delinquent,False,0,32224-
7810 NEW KINGS RD JACKSONVILLE 32219-,,,6246.03,,021533-0000,2026-01-20T22:22:38.119662,existing_csv,delinquent,False,0,32219-
923 S 3RD AVE JACKSONVILLE BEACH 32250-,,,6254.95,,175768-0000,2026-01-20T22:22:38.119662,existing_csv,delinquent,False,0,32250-
8241 N PARKRIDGE CIR JACKSONVILLE 32211-,,,6267.91,,143256-0000,2026-01-20T22:22:38.119662,existing_csv,delinquent,False,0,32211-
1394 CASSAT AVE JACKSONVILLE 32205-,,,6269.22,,067048-0020,2026-01-20T22:22:38.119662,existing_csv,delinquent,False,0,32205-
2834 COLLEGE ST JACKSONVILLE 32205-,,,6280.69,,064437-0000,2026-01-20T22:22:38.119662,existing_csv,delinquent,False,0,32205-
4121 BALTIC ST JACKSONVILLE 32210-,,,6321.47,,101538-0000,2026-01-20T22:22:38.119662,existing_csv,delinquent,False,0,32210-
3030 POST ST JACKSONVILLE 32205-,,,6325.11,,064137-0000,2026-01-20T22:22:38.119662,existing_csv,delinquent,False,0,32205-
136 FINCASTLE AVE JACKSONVILLE 32220-,,,6335.85,,006930-0000,2026-01-20T22:22:38.119662,existing_csv,delinquent,False,0,32220-
2032 DEER RUN TRL JACKSONVILLE 32246-,,,6360.92,,165270-1240,2026-01-20T22:22:38.120662,existing_csv,delinquent,False,0,32246-
9151 W BEAVER ST JACKSONVILLE 32220-,,,6373.38,,006403-0000,2026-01-20T22:22:38.120662,existing_csv,delinquent,False,0,32220-
1459 E BLACKHAWK TRL JACKSONVILLE 32225-,,,6394.73,,162157-1166,2026-01-20T22:22:38.120662,existing_csv,delinquent,False,0,32225-
4417 MAYWOOD DR JACKSONVILLE 32277-,,,6400.61,,108927-1454,2026-01-20T22:22:38.120662,existing_csv,delinquent,False,0,32277-
827 W FORSYTH ST JACKSONVILLE 32204-,,,6400.99,,074795-0000,2026-01-20T22:22:38.120662,existing_csv,delinquent,False,0,32204-
3554 MORTON ST JACKSONVILLE 32217-,,,6429.24,,154143-0000,2026-01-20T22:22:38.120662,existing_csv,delinquent,False,0,32217-
1172 ELLIS RD JACKSONVILLE 32205-,,,6444.48,,067104-0100,2026-01-20T22:22:38.120662,existing_csv,delinquent,False,0,32205-
13027 E FRINGETREE DR JACKSONVILLE 32246-,,,6448.45,,167444-7350,2026-01-20T22:22:38.120662,existing_csv,delinquent,False,0,32246-
335 SUNRISE CIR NEPTUNE BEACH 32266-,,,6449.98,,178077-4088,2026-01-20T22:22:38.120662,existing_csv,delinquent,False,0,32266-
6219 SAN JUAN AVE JACKSONVILLE 32210-,,,6451.83,,068507-0000,2026-01-20T22:22:38.120662,existing_csv,delinquent,False,0,32210-
4788 HODGES BLVD 203 JACKSONVILLE 32224-,,,6460.35,,167736-3620,2026-01-20T22:22:38.120662,existing_csv,delinquent,False,0,32224-
870 GOODWIN ST JACKSONVILLE 32204-,,,6460.58,,091256-0000,2026-01-20T22:22:38.120662,existing_csv,delinquent,False,0,32204-
4007 DEER HOLLOW LN JACKSONVILLE 32257-,,,6472.7,,155706-0100,2026-01-20T22:22:38.120662,existing_csv,delinquent,False,0,32257-
6107 118TH ST JACKSONVILLE 32244-,,,6483.92,,097857-0000,2026-01-20T22:22:38.120662,existing_csv,delinquent,False,0,32244-
11215 COLDFIELD DR JACKSONVILLE 32246-,,,6556.85,,165262-3025,2026-01-20T22:22:38.120662,existing_csv,delinquent,False,0,32246-
11110 FALLGATE POINT CT JACKSONVILLE 32256-,,,6565.03,,167741-6950,2026-01-20T22:22:38.120662,existing_csv,delinquent,False,0,32256-
11109 FALLGATE POINT CT JACKSONVILLE 32256-,,,6565.03,,167741-6955,2026-01-20T22:22:38.120662,existing_csv,delinquent,False,0,32256-
7663 W WEXFORD CLUB DR JACKSONVILLE 32256-,,,6576.19,,167742-3575,2026-01-20T22:22:38.120662,existing_csv,delinquent,False,0,32256-
12537 CORMORANT DR JACKSONVILLE 32223-,,,6579.45,,159223-0000,2026-01-20T22:22:38.120662,existing_csv,delinquent,False,0,32223-
832 JONES RD JACKSONVILLE 32220-,,,6595.71,,006319-0170,2026-01-20T22:22:38.120662,existing_csv,delinquent,False,0,32220-
9918 W CARBONDALE DR JACKSONVILLE 32208-,,,6609.71,,032115-0000,2026-01-20T22:22:38.120662,existing_csv,delinquent,False,0,32208-
2313 CEDAR SHORES CIR JACKSONVILLE 32210-,,,6610.64,,103903-0000,2026-01-20T22:22:38.120662,existing_csv,delinquent,False,0,32210-
1133 GIRVIN RD JACKSONVILLE 32225-,,,6622.33,,162139-0000,2026-01-20T22:22:38.120662,existing_csv,delinquent,False,0,32225-
5332 CHENANGO BLVD JACKSONVILLE 32254-,,,6638.29,,083827-0000,2026-01-20T22:22:38.120662,existing_csv,delinquent,False,0,32254-
5110 N RIPPLE RUSH DR JACKSONVILLE 32257-,,,6643.09,,155643-1890,2026-01-20T22:22:38.120662,existing_csv,delinquent,False,0,32257-
3907 BESS RD JACKSONVILLE 32277-,,,6647.54,,111746-0000,2026-01-20T22:22:38.120662,existing_csv,delinquent,False,0,32277-
133 W 4TH ST JACKSONVILLE 32206-,,,6664,,071087-0000,2026-01-20T22:22:38.120662,existing_csv,delinquent,False,0,32206-
4304 SEABREEZE DR JACKSONVILLE 32250-,,,6665.16,,180215-0000,2026-01-20T22:22:38.120662,existing_csv,delinquent,False,0,32250-
12466 TURNBERRY DR JACKSONVILLE 32225-,,,6668.76,,160281-7005,2026-01-20T22:22:38.120662,existing_csv,delinquent,False,0,32225-
1025 LIDO RD JACKSONVILLE 32216-,,,6673.28,,140535-0000,2026-01-20T22:22:38.120662,existing_csv,delinquent,False,0,32216-
8663 E SAN SERVERA DR JACKSONVILLE 32217-,,,6691.4,,148023-0000,2026-01-20T22:22:38.120662,existing_csv,delinquent,False,0,32217-
121 W 4TH ST JACKSONVILLE 32206-,,,6704.9,,071086-0000,2026-01-20T22:22:38.120662,existing_csv,delinquent,False,0,32206-
5030 THORDEN RD JACKSONVILLE 32207-,,,6708.48,,136420-0000,2026-01-20T22:22:38.120662,existing_csv,delinquent,False,0,32207-
6984 W LA MESA DR JACKSONVILLE 32217-,,,6712.62,,150963-0000,2026-01-20T22:22:38.120662,existing_csv,delinquent,False,0,32217-
1641 LANDON AVE JACKSONVILLE 32207-,,,6752.6,,081918-0000,2026-01-20T22:22:38.120662,existing_csv,delinquent,False,0,32207-
8434 ROYALWOOD DR JACKSONVILLE 32256-,,,6763.07,,148635-0254,2026-01-20T22:22:38.120662,existing_csv,delinquent,False,0,32256-
6333 CONNIE JEAN RD JACKSONVILLE 32222-,,,6773.28,,015485-0020,2026-01-20T22:22:38.120662,existing_csv,delinquent,False,0,32222-
4853 N RIVER BASIN DR JACKSONVILLE 32207-,,,6779.12,,129873-0000,2026-01-20T22:22:38.120662,existing_csv,delinquent,False,0,32207-
14248 SATINWOOD DR JACKSONVILLE 32224-,,,6795.11,,167115-0420,2026-01-20T22:22:38.121662,existing_csv,delinquent,False,0,32224-
6332 W WHISPERING OAKS DR JACKSONVILLE 32277-,,,6812.84,,109017-1100,2026-01-20T22:22:38.121662,existing_csv,delinquent,False,0,32277-
12555 KERNAN FOREST BLVD JACKSONVILLE 32225-,,,6844.17,,161020-2935,2026-01-20T22:22:38.121662,existing_csv,delinquent,False,0,32225-
5624 ARLINGTON RD JACKSONVILLE 32211-,,,6861.57,,141273-0000,2026-01-20T22:22:38.121662,existing_csv,delinquent,False,0,32211-
12054 EVANS BLUFF CT JACKSONVILLE 32246-,,,6863.7,,166557-4380,2026-01-20T22:22:38.121662,existing_csv,delinquent,False,0,32246-
1120 CASSAT AVE JACKSONVILLE 32205-,,,6868.1,,066625-0000,2026-01-20T22:22:38.121662,existing_csv,delinquent,False,0,32205-
5430 SOUTEL DR JACKSONVILLE 32219-,,,6886.81,,042049-0000,2026-01-20T22:22:38.121662,existing_csv,delinquent,False,0,32219-
4130 ROMA BLVD JACKSONVILLE 32210-,,,6892.91,,102588-0000,2026-01-20T22:22:38.121662,existing_csv,delinquent,False,0,32210-
407 S 6TH AVE JACKSONVILLE BEACH 32250-,,,6896.35,,175991-0000,2026-01-20T22:22:38.121662,existing_csv,delinquent,False,0,32250-
1457 CHALLEN AVE JACKSONVILLE 32205-,,,6908.33,,078700-0000,2026-01-20T22:22:38.121662,existing_csv,delinquent,False,0,32205-
2050 W BEAVER ST JACKSONVILLE 32209-,,,6920.05,,076778-0000,2026-01-20T22:22:38.121662,existing_csv,delinquent,False,0,32209-
8962 HAWKEYE CIR JACKSONVILLE 32221-,,,6941.32,,009062-5570,2026-01-20T22:22:38.121662,existing_csv,delinquent,False,0,32221-
5708 DUNN AVE JACKSONVILLE 32218-,,,6976.38,,004302-0000,2026-01-20T22:22:38.121662,existing_csv,delinquent,False,0,32218-
3861 E CEDAR FOREST DR JACKSONVILLE 32210-,,,6981.95,,104506-0000,2026-01-20T22:22:38.121662,existing_csv,delinquent,False,0,32210-
ST JOHNS AVE JACKSONVILLE 32205-,,,6982.43,,091829-0000,2026-01-20T22:22:38.121662,existing_csv,delinquent,False,0,32205-
2735 DEAN RD JACKSONVILLE 32216-,,,6987.32,,138565-0000,2026-01-20T22:22:38.121662,existing_csv,delinquent,False,0,32216-
2900 ANNISTON RD JACKSONVILLE 32246-,,,7007.85,,164336-0000,2026-01-20T22:22:38.121662,existing_csv,delinquent,False,0,32246-
NEW KINGS RD JACKSONVILLE 32209-,,,7028.13,,048113-0000,2026-01-20T22:22:38.121662,existing_csv,delinquent,False,0,32209-
4008 KELLY ST JACKSONVILLE 32207-,,,7055.14,,126277-0010,2026-01-20T22:22:38.121662,existing_csv,delinquent,False,0,32207-
5511 HECKSCHER DR JACKSONVILLE 32226-,,,7062.66,,160753-0010,2026-01-20T22:22:38.122661,existing_csv,delinquent,False,0,32226-
10964 S RALEY CREEK DR JACKSONVILLE 32225-,,,7095.33,,161780-0068,2026-01-20T22:22:38.122661,existing_csv,delinquent,False,0,32225-
7285 SUN LN JACKSONVILLE 32222-,,,7156.81,,016308-0010,2026-01-20T22:22:38.122661,existing_csv,delinquent,False,0,32222-
815 S 9TH AVE JACKSONVILLE BEACH 32250-,,,7158.2,,176613-0000,2026-01-20T22:22:38.122661,existing_csv,delinquent,False,0,32250-
8739 KONA AVE JACKSONVILLE 32211-,,,7163.84,,120881-0500,2026-01-20T22:22:38.122661,existing_csv,delinquent,False,0,32211-
5428 CLEVELAND RD JACKSONVILLE 32209-,,,7221.14,,030100-0000,2026-01-20T22:22:38.122661,existing_csv,delinquent,False,0,32209-
BERTHA ST JACKSONVILLE 32218-,,,7241.95,,044153-0000,2026-01-20T22:22:38.122661,existing_csv,delinquent,False,0,32218-
7115 BERRY AVE JACKSONVILLE 32211-,,,7249.56,,144917-0010,2026-01-20T22:22:38.122661,existing_csv,delinquent,False,0,32211-
4673 EARLY RISE LN JACKSONVILLE 32258-,,,7254.96,,157246-0080,2026-01-20T22:22:38.122661,existing_csv,delinquent,False,0,32258-
4735 SHERMAN HILLS PKWY JACKSONVILLE 32210-,,,7279.76,,012875-0455,2026-01-20T22:22:38.122661,existing_csv,delinquent,False,0,32210-
1608 NOTTINGHAM KNOLL DR JACKSONVILLE 32225-,,,7315.51,,167127-9755,2026-01-20T22:22:38.122661,existing_csv,delinquent,False,0,32225-
2220 THOMAS CT JACKSONVILLE 32207-,,,7327.58,,126135-0010,2026-01-20T22:22:38.122661,existing_csv,delinquent,False,0,32207-
10142 FOX LAKE CT JACKSONVILLE 32219-,,,7337.22,,002651-0800,2026-01-20T22:22:38.122661,existing_csv,delinquent,False,0,32219-
121 S 13TH AVE C JACKSONVILLE BEACH 32250-,,,7337.58,,176227-0056,2026-01-20T22:22:38.122661,existing_csv,delinquent,False,0,32250-
1726 RYAR RD JACKSONVILLE 32216-,,,7347.9,,136057-0200,2026-01-20T22:22:38.122661,existing_csv,delinquent,False,0,32216-
1360 OTIS RD JACKSONVILLE 32220-,,,7349.61,,001638-0080,2026-01-20T22:22:38.122661,existing_csv,delinquent,False,0,32220-
2984 MYRA ST JACKSONVILLE 32205-,,,7362.62,,063993-0000,2026-01-20T22:22:38.122661,existing_csv,delinquent,False,0,32205-
1775 W SHOREVIEW DR JACKSONVILLE 32218-,,,7377.98,,020960-0000,2026-01-20T22:22:38.122661,existing_csv,delinquent,False,0,32218-
3552 W BEAVER ST JACKSONVILLE 32254-,,,7416.34,,058941-0020,2026-01-20T22:22:38.122661,existing_csv,delinquent,False,0,32254-
222 S 7TH ST JACKSONVILLE BEACH 32250-,,,7452.49,,175730-0000,2026-01-20T22:22:38.122661,existing_csv,delinquent,False,0,32250-
417 MAKO DR ATLANTIC BEACH 32233-,,,7452.87,,171467-0000,2026-01-20T22:22:38.122661,existing_csv,delinquent,False,0,32233-
2984 MYRA ST JACKSONVILLE 32205-,,,7487.98,,063993-0000,2026-01-20T22:22:38.122661,existing_csv,delinquent,False,0,32205-
12537 CORMORANT DR JACKSONVILLE 32223-,,,7519.52,,159223-0000,2026-01-20T22:22:38.122661,existing_csv,delinquent,False,0,32223-
4409 SOUTEL DR JACKSONVILLE 32208-,,,7519.66,,037542-0010,2026-01-20T22:22:38.122661,existing_csv,delinquent,False,0,32208-
915 N 14TH AVE JACKSONVILLE BEACH 32250-,,,7525.25,,175248-0000,2026-01-20T22:22:38.122661,existing_csv,delinquent,False,0,32250-
6610 N MAIN ST 1 JACKSONVILLE 32208-,,,7540.74,,034907-0000,2026-01-20T22:22:38.122661,existing_csv,delinquent,False,0,32208-
6906 BEACH BLVD JACKSONVILLE 32216-,,,7557.66,,134828-0000,2026-01-20T22:22:38.122661,existing_csv,delinquent,False,0,32216-
3027 N MYRTLE AVE JACKSONVILLE 32209-,,,7574.91,,045393-0000,2026-01-20T22:22:38.122661,existing_csv,delinquent,False,0,32209-
13025 BRIANS CREEK DR JACKSONVILLE 32224-,,,7606.51,,167131-0585,2026-01-20T22:22:38.122661,existing_csv,delinquent,False,0,32224-
7807 E BAYMEADOWS RD 402 JACKSONVILLE 32256-,,,7613.24,,167745-3336,2026-01-20T22:22:38.122661,existing_csv,delinquent,False,0,32256-
7807 E BAYMEADOWS RD 404 JACKSONVILLE 32256-,,,7613.24,,167745-3340,2026-01-20T22:22:38.122661,existing_csv,delinquent,False,0,32256-
517 PENMAN RD NEPTUNE BEACH 32266-,,,7652.91,,178842-0000,2026-01-20T22:22:38.122661,existing_csv,delinquent,False,0,32266-
2804 W 1ST ST JACKSONVILLE 32254-,,,7653.06,,049521-0000,2026-01-20T22:22:38.122661,existing_csv,delinquent,False,0,32254-
8840 CORPORATE SQUARE CT JACKSONVILLE 32216-,,,7686.98,,145178-0460,2026-01-20T22:22:38.122661,existing_csv,delinquent,False,0,32216-
9940 REWIS RD JACKSONVILLE 32220-,,,7698.17,,004674-0010,2026-01-20T22:22:38.122661,existing_csv,delinquent,False,0,32220-
142 MADISON ST JACKSONVILLE 32204-,,,7713.98,,074769-0000,2026-01-20T22:22:38.122661,existing_csv,delinquent,False,0,32204-
400 E BAY ST 508 JACKSONVILLE 32202-,,,7723.96,,073349-0138,2026-01-20T22:22:38.122661,existing_csv,delinquent,False,0,32202-
4937 E DIAN WOOD DR JACKSONVILLE 32210-,,,7759.7,,095555-0000,2026-01-20T22:22:38.122661,existing_csv,delinquent,False,0,32210-
6631 SAN JUAN AVE JACKSONVILLE 32210-,,,7773.3,,011860-0000,2026-01-20T22:22:38.122661,existing_csv,delinquent,False,0,32210-
1312 N 13TH AVE JACKSONVILLE BEACH 32250-,,,7785.62,,178210-0000,2026-01-20T22:22:38.122661,existing_csv,delinquent,False,0,32250-
8927 HERLONG RD JACKSONVILLE 32210-,,,7802.16,,009035-0000,2026-01-20T22:22:38.122661,existing_csv,delinquent,False,0,32210-
5519 RIO GRANDE AVE JACKSONVILLE 32254-,,,7823.25,,083841-2110,2026-01-20T22:22:38.122661,existing_csv,delinquent,False,0,32254-
BEACH BLVD JACKSONVILLE 32246-,,,7838.06,,124090-0000,2026-01-20T22:22:38.122661,existing_csv,delinquent,False,0,32246-
1156 CASSAT AVE JACKSONVILLE 32205-,,,7838.63,,066611-0000,2026-01-20T22:22:38.122661,existing_csv,delinquent,False,0,32205-
12967 SPICEBERRY DR JACKSONVILLE 32246-,,,7857.82,,167444-2634,2026-01-20T22:22:38.122661,existing_csv,delinquent,False,0,32246-
5941 RAMONA BLVD JACKSONVILLE 32205-,,,7937.46,,005175-0000,2026-01-20T22:22:38.122661,existing_csv,delinquent,False,0,32205-
245 E 9TH ST JACKSONVILLE 32206-,,,7976.25,,071903-0000,2026-01-20T22:22:38.122661,existing_csv,delinquent,False,0,32206-
3504 ST AUGUSTINE RD JACKSONVILLE 32207-,,,7987.16,,069858-0000,2026-01-20T22:22:38.122661,existing_csv,delinquent,False,0,32207-
2840 STRATTON RD JACKSONVILLE 32221-,,,8017.41,,012860-0000,2026-01-20T22:22:38.122661,existing_csv,delinquent,False,0,32221-
230 ARLINGTON RD 228-230 JACKSONVILLE 32211-,,,8028.02,,144293-0000,2026-01-20T22:22:38.122661,existing_csv,delinquent,False,0,32211-
2984 MYRA ST JACKSONVILLE 32205-,,,8111.04,,063993-0000,2026-01-20T22:22:38.122661,existing_csv,delinquent,False,0,32205-
927 S EDGEWOOD AVE JACKSONVILLE 32205-,,,8126.22,,061408-0000,2026-01-20T22:22:38.122661,existing_csv,delinquent,False,0,32205-
2835 STRATTON RD JACKSONVILLE 32221-,,,8126.66,,012867-0000,2026-01-20T22:22:38.122661,existing_csv,delinquent,False,0,32221-
1920 THE WOODS DR JACKSONVILLE 32246-,,,8132.93,,167444-0180,2026-01-20T22:22:38.122661,existing_csv,delinquent,False,0,32246-
2103 GRAND ST JACKSONVILLE 32208-,,,8134.77,,036092-0000,2026-01-20T22:22:38.122661,existing_csv,delinquent,False,0,32208-
12528 WEEPING BRANCH CIR JACKSONVILLE 32218-,,,8140.77,,003784-0595,2026-01-20T22:22:38.122661,existing_csv,delinquent,False,0,32218-
9206 ROSEWATER LN JACKSONVILLE 32256-,,,8146.63,,167757-2880,2026-01-20T22:22:38.122661,existing_csv,delinquent,False,0,32256-
8142 LONE STAR RD JACKSONVILLE 32211-,,,8221.31,,120841-0000,2026-01-20T22:22:38.122661,existing_csv,delinquent,False,0,32211-
12639 KNOTAH RD JACKSONVILLE 32258-,,,8236.38,,158276-0010,2026-01-20T22:22:38.122661,existing_csv,delinquent,False,0,32258-
1107 MARGARET ST JACKSONVILLE 32204-,,,8240.14,,090417-0000,2026-01-20T22:22:38.122661,existing_csv,delinquent,False,0,32204-
5764 HECKSCHER DR JACKSONVILLE 32226-,,,8245.39,,160042-0000,2026-01-20T22:22:38.122661,existing_csv,delinquent,False,0,32226-
11613 FT CAROLINE RD JACKSONVILLE 32225-,,,8264.21,,160261-0000,2026-01-20T22:22:38.122661,existing_csv,delinquent,False,0,32225-
2822 SCOTT CIR JACKSONVILLE 32223-,,,8273.82,,156000-0000,2026-01-20T22:22:38.122661,existing_csv,delinquent,False,0,32223-
2818 GRAND AVE JACKSONVILLE 32210-,,,8275.74,,101403-0000,2026-01-20T22:22:38.122661,existing_csv,delinquent,False,0,32210-
10135 BEACH BLVD JACKSONVILLE 32246-,,,8284.43,,125003-0000,2026-01-20T22:22:38.122661,existing_csv,delinquent,False,0,32246-
5730 SHEFFIELD RD JACKSONVILLE 32226-,,,8291.55,,159941-0200,2026-01-20T22:22:38.122661,existing_csv,delinquent,False,0,32226-
3419 HERSCHEL ST JACKSONVILLE 32205-,,,8305.89,,078647-0000,2026-01-20T22:22:38.122661,existing_csv,delinquent,False,0,32205-
103RD ST JACKSONVILLE 32210-,,,8310.94,,013011-0000,2026-01-20T22:22:38.122661,existing_csv,delinquent,False,0,32210-
2984 MYRA ST JACKSONVILLE 32205-,,,8311.12,,063993-0000,2026-01-20T22:22:38.122661,existing_csv,delinquent,False,0,32205-
BAYMEADOWS RD JACKSONVILLE 32256-,,,8360.39,,152741-0315,2026-01-20T22:22:38.122661,existing_csv,delinquent,False,0,32256-
9007 103RD ST JACKSONVILLE 32210-,,,8452.77,,013012-0000,2026-01-20T22:22:38.122661,existing_csv,delinquent,False,0,32210-
918 KING ST JACKSONVILLE 32204-,,,8482.12,,064381-0000,2026-01-20T22:22:38.123660,existing_csv,delinquent,False,0,32204-
1465 N OLD MIDDLEBURG RD JACKSONVILLE 32210-,,,8483.2,,011648-0000,2026-01-20T22:22:38.123660,existing_csv,delinquent,False,0,32210-
203 S 8TH AVE JACKSONVILLE BEACH 32250-,,,8506.95,,176074-0000,2026-01-20T22:22:38.123660,existing_csv,delinquent,False,0,32250-
3653 DUNN AVE JACKSONVILLE 32218-,,,8526.77,,019981-0000,2026-01-20T22:22:38.123660,existing_csv,delinquent,False,0,32218-
110 ELIZABETH LN JACKSONVILLE 32218-,,,8625.39,,107589-0002,2026-01-20T22:22:38.123660,existing_csv,delinquent,False,0,32218-
9434 HECKSCHER DR JACKSONVILLE 32226-,,,8631.49,,168268-0000,2026-01-20T22:22:38.123660,existing_csv,delinquent,False,0,32226-
3963 CONFEDERATE POINT RD 1 THRU 4 JACKSONVILLE 32210-,,,8655.75,,102977-0030,2026-01-20T22:22:38.123660,existing_csv,delinquent,False,0,32210-
1820 N MARKET ST JACKSONVILLE 32206-,,,8680.24,,071858-0020,2026-01-20T22:22:38.123660,existing_csv,delinquent,False,0,32206-
545 N 16TH AVE JACKSONVILLE BEACH 32250-,,,8724.83,,174846-0000,2026-01-20T22:22:38.123660,existing_csv,delinquent,False,0,32250-
12248 WOODVIEW DR JACKSONVILLE 32246-,,,8739.11,,165264-4335,2026-01-20T22:22:38.123660,existing_csv,delinquent,False,0,32246-
6906 BEACH BLVD JACKSONVILLE 32216-,,,8754.08,,134828-0000,2026-01-20T22:22:38.123660,existing_csv,delinquent,False,0,32216-
1159 W LINKSIDE CT ATLANTIC BEACH 32233-,,,8756.09,,172374-5160,2026-01-20T22:22:38.123660,existing_csv,delinquent,False,0,32233-
400 E BAY ST 606 JACKSONVILLE 32202-,,,8786.76,,073349-0156,2026-01-20T22:22:38.123660,existing_csv,delinquent,False,0,32202-
DUNN AVE JACKSONVILLE 32218-,,,8789.39,,020170-0100,2026-01-20T22:22:38.123660,existing_csv,delinquent,False,0,32218-
MUSTANG HAVEN LN JACKSONVILLE 32226-,,,8793.19,,108409-1500,2026-01-20T22:22:38.123660,existing_csv,delinquent,False,0,32226-
665 ATLANTIC BLVD ATLANTIC BEACH 32233-,,,8808.06,,170660-0010,2026-01-20T22:22:38.123660,existing_csv,delinquent,False,0,32233-
7412 LEM TURNER RD JACKSONVILLE 32208-,,,8818.67,,026621-0000,2026-01-20T22:22:38.123660,existing_csv,delinquent,False,0,32208-
1849 LONG CYPRESS CT JACKSONVILLE 32223-,,,8964.07,,106088-2335,2026-01-20T22:22:38.123660,existing_csv,delinquent,False,0,32223-
1127 PENMAN RD JACKSONVILLE BEACH 32250-,,,8992,,179137-0010,2026-01-20T22:22:38.123660,existing_csv,delinquent,False,0,32250-
2330 N SMULLIAN TRL JACKSONVILLE 32217-,,,9087.47,,151145-0000,2026-01-20T22:22:38.123660,existing_csv,delinquent,False,0,32217-
2125 NICKERSON LN JACKSONVILLE 32207-,,,9125.55,,147493-0000,2026-01-20T22:22:38.123660,existing_csv,delinquent,False,0,32207-
RESTLAWN DR JACKSONVILLE 32208-,,,9130.63,,025610-0000,2026-01-20T22:22:38.123660,existing_csv,delinquent,False,0,32208-
7015 ATLANTIC BLVD JACKSONVILLE 32211-,,,9141.88,,145075-0000,2026-01-20T22:22:38.123660,existing_csv,delinquent,False,0,32211-
1827 E 30TH ST JACKSONVILLE 32206-,,,9216.63,,131492-0000,2026-01-20T22:22:38.123660,existing_csv,delinquent,False,0,32206-
2222 WALKERS GLEN LN JACKSONVILLE 32246-,,,9217.98,,165286-7190,2026-01-20T22:22:38.123660,existing_csv,delinquent,False,0,32246-
14628 ISLAND DR JACKSONVILLE 32250-,,,9228.54,,177167-0000,2026-01-20T22:22:38.123660,existing_csv,delinquent,False,0,32250-
1102 N 13TH AVE JACKSONVILLE BEACH 32250-,,,9238.63,,178217-0000,2026-01-20T22:22:38.123660,existing_csv,delinquent,False,0,32250-
3226 TALLEYRAND AVE JACKSONVILLE 32206-,,,9247.43,,131464-0000,2026-01-20T22:22:38.123660,existing_csv,delinquent,False,0,32206-
2615 PALMDALE ST JACKSONVILLE 32208-,,,9252.07,,025870-0000,2026-01-20T22:22:38.123660,existing_csv,delinquent,False,0,32208-
5410 SOUTEL DR JACKSONVILLE 32219-,,,9258.78,,042050-0000,2026-01-20T22:22:38.123660,existing_csv,delinquent,False,0,32219-
11628 HAMRICK PL JACKSONVILLE 32223-,,,9266.06,,105810-1244,2026-01-20T22:22:38.123660,existing_csv,delinquent,False,0,32223-
1068 PARK ST JACKSONVILLE 32204-,,,9295.48,,090416-0000,2026-01-20T22:22:38.123660,existing_csv,delinquent,False,0,32204-
12305 DEL RIO DR JACKSONVILLE 32258-,,,9384.35,,157817-0110,2026-01-20T22:22:38.123660,existing_csv,delinquent,False,0,32258-
2259 SARAGOSSA AVE JACKSONVILLE 32217-,,,9429.51,,151041-0000,2026-01-20T22:22:38.123660,existing_csv,delinquent,False,0,32217-
14560 PABLO TER JACKSONVILLE 32224-,,,9432.46,,177273-0000,2026-01-20T22:22:38.123660,existing_csv,delinquent,False,0,32224-
3951 BOONE PARK AVE JACKSONVILLE 32205-,,,9515.19,,092556-0100,2026-01-20T22:22:38.123660,existing_csv,delinquent,False,0,32205-
9363 RIVER PINE RD JACKSONVILLE 32257-,,,9515.91,,149340-0060,2026-01-20T22:22:38.123660,existing_csv,delinquent,False,0,32257-
29 E ADAMS ST JACKSONVILLE 32202-,,,9545.82,,073589-0000,2026-01-20T22:22:38.123660,existing_csv,delinquent,False,0,32202-
2010 N RIVER BLUFF RD JACKSONVILLE 32211-,,,9559.65,,128358-0010,2026-01-20T22:22:38.123660,existing_csv,delinquent,False,0,32211-
2433 HENDRICKS AVE JACKSONVILLE 32207-,,,9644.14,,081827-0000,2026-01-20T22:22:38.123660,existing_csv,delinquent,False,0,32207-
4750 HIGHWAY AVE JACKSONVILLE 32254-,,,9654.14,,060818-0000,2026-01-20T22:22:38.123660,existing_csv,delinquent,False,0,32254-
2974 HARTLEY RD JACKSONVILLE 32257-,,,9656.44,,155922-0090,2026-01-20T22:22:38.123660,existing_csv,delinquent,False,0,32257-
8901 CEDAR POINT RD JACKSONVILLE 32226-,,,9670.87,,159908-0000,2026-01-20T22:22:38.123660,existing_csv,delinquent,False,0,32226-
11355 BEAGLE LN JACKSONVILLE 32221-,,,9792.27,,008947-0005,2026-01-20T22:22:38.123660,existing_csv,delinquent,False,0,32221-
655 E BROOKMONT AVE JACKSONVILLE 32211-,,,9812,,121029-0000,2026-01-20T22:22:38.123660,existing_csv,delinquent,False,0,32211-
2039 PARK ST JACKSONVILLE 32204-,,,9850.26,,090890-0000,2026-01-20T22:22:38.123660,existing_csv,delinquent,False,0,32204-
1378 EASTWIND DR JACKSONVILLE BEACH 32250-,,,9858.45,,179459-3120,2026-01-20T22:22:38.123660,existing_csv,delinquent,False,0,32250-
N 10TH AVE JACKSONVILLE BEACH 32250-,,,9944.12,,173964-0000,2026-01-20T22:22:38.123660,existing_csv,delinquent,False,0,32250-
5335 RAMONA BLVD JACKSONVILLE 32205-,,,10052.24,,059579-0000,2026-01-20T22:22:38.123660,existing_csv,delinquent,False,0,32205-
TROUT RIVER DR JACKSONVILLE 32208-,,,10142.74,,032865-0002,2026-01-20T22:22:38.123660,existing_csv,delinquent,False,0,32208-
1930 ORANGE PICKER RD JACKSONVILLE 32223-,,,10179.06,,106021-0010,2026-01-20T22:22:38.123660,existing_csv,delinquent,False,0,32223-
5870 SAN JUAN AVE JACKSONVILLE 32210-,,,10225.57,,068543-0030,2026-01-20T22:22:38.123660,existing_csv,delinquent,False,0,32210-
1924 STRICKLAND RD NEPTUNE BEACH 32266-,,,10242.44,,178692-2018,2026-01-20T22:22:38.123660,existing_csv,delinquent,False,0,32266-
2260 MAYPORT RD JACKSONVILLE 32233-,,,10248.61,,169405-0010,2026-01-20T22:22:38.123660,existing_csv,delinquent,False,0,32233-
4229 HARBOUR ISLAND DR JACKSONVILLE 32225-,,,10279.05,,160266-2068,2026-01-20T22:22:38.123660,existing_csv,delinquent,False,0,32225-
209 TALLWOOD RD JACKSONVILLE BEACH 32250-,,,10292.95,,178602-2775,2026-01-20T22:22:38.123660,existing_csv,delinquent,False,0,32250-
S 11TH ST JACKSONVILLE BEACH 32250-,,,10372.8,,177321-0005,2026-01-20T22:22:38.123660,existing_csv,delinquent,False,0,32250-
2101 BEACH AVE ATLANTIC BEACH 32233-,,,10403.17,,169722-0000,2026-01-20T22:22:38.123660,existing_csv,delinquent,False,0,32233-
6165 KISSENGEN SPRING CT JACKSONVILLE 32258-,,,10438.14,,168143-5315,2026-01-20T22:22:38.123660,existing_csv,delinquent,False,0,32258-
1616 WILLOW BRANCH AVE JACKSONVILLE 32205-,,,10446.92,,078038-0000,2026-01-20T22:22:38.123660,existing_csv,delinquent,False,0,32205-
2751 ST JOHNS AVE JACKSONVILLE 32205-,,,10578.15,,078317-0000,2026-01-20T22:22:38.123660,existing_csv,delinquent,False,0,32205-
6335 ORTEGA FARMS BLVD JACKSONVILLE 32244-,,,10615.58,,103341-1000,2026-01-20T22:22:38.123660,existing_csv,delinquent,False,0,32244-
11265 FUSION DR JACKSONVILLE 32256-,,,10669.08,,167776-1505,2026-01-20T22:22:38.123660,existing_csv,delinquent,False,0,32256-
4841 RIVER POINT RD JACKSONVILLE 32207-,,,10695.67,,129526-0010,2026-01-20T22:22:38.123660,existing_csv,delinquent,False,0,32207-
5020 N MAIN ST JACKSONVILLE 32206-,,,10752.81,,031393-0000,2026-01-20T22:22:38.123660,existing_csv,delinquent,False,0,32206-
12905 N MAIN ST JACKSONVILLE 32218-,,,10819.4,,107609-0000,2026-01-20T22:22:38.123660,existing_csv,delinquent,False,0,32218-
1039 MARVONE LN NEPTUNE BEACH 32266-,,,10839.04,,178939-0000,2026-01-20T22:22:38.123660,existing_csv,delinquent,False,0,32266-
2764 ST JOHNS BLVD JACKSONVILLE BEACH 32250-,,,10857.1,,180880-0500,2026-01-20T22:22:38.123660,existing_csv,delinquent,False,0,32250-
12630 E CHAPELTOWN CIR JACKSONVILLE 32225-,,,10929.07,,162111-0650,2026-01-20T22:22:38.123660,existing_csv,delinquent,False,0,32225-
WESTERN WAY JACKSONVILLE 32256-,,,10935.72,,152741-0320,2026-01-20T22:22:38.123660,existing_csv,delinquent,False,0,32256-
546 MYRTLE AVE JACKSONVILLE 32204-,,,11107.46,,076305-0000,2026-01-20T22:22:38.123660,existing_csv,delinquent,False,0,32204-
8005 SHADY GROVE RD JACKSONVILLE 32256-,,,11289.46,,148631-2316,2026-01-20T22:22:38.123660,existing_csv,delinquent,False,0,32256-
8422 ATLANTIC BLVD JACKSONVILLE 32211-,,,11447.75,,145132-0000,2026-01-20T22:22:38.123660,existing_csv,delinquent,False,0,32211-
4347 ORTEGA FARMS CIR JACKSONVILLE 32210-,,,11456.62,,103826-0000,2026-01-20T22:22:38.123660,existing_csv,delinquent,False,0,32210-
12532 S MISSION HILLS DR JACKSONVILLE 32225-,,,11478.19,,160281-3060,2026-01-20T22:22:38.123660,existing_csv,delinquent,False,0,32225-
3800 FAIRCHILD ST JACKSONVILLE 32254-,,,11541.83,,083972-0000,2026-01-20T22:22:38.123660,existing_csv,delinquent,False,0,32254-
85 FURRIER CT JACKSONVILLE 32081-,,,11719.85,,168149-7440,2026-01-20T22:22:38.123660,existing_csv,delinquent,False,0,32081-
5022 SAN JOSE BLVD JACKSONVILLE 32207-,,,11755.76,,099284-0000,2026-01-20T22:22:38.123660,existing_csv,delinquent,False,0,32207-
9030 ATLANTIC BLVD JACKSONVILLE 32211-,,,11766.72,,125037-0000,2026-01-20T22:22:38.123660,existing_csv,delinquent,False,0,32211-
1100 TALLEYRAND AVE JACKSONVILLE 32206-,,,11876.45,,115315-0000,2026-01-20T22:22:38.123660,existing_csv,delinquent,False,0,32206-
7245 RAMOTH DR JACKSONVILLE 32226-,,,11920.49,,160241-5140,2026-01-20T22:22:38.123660,existing_csv,delinquent,False,0,32226-
546 MYRTLE AVE JACKSONVILLE 32204-,,,11948.17,,076305-0000,2026-01-20T22:22:38.123660,existing_csv,delinquent,False,0,32204-
1420 N 3RD ST JACKSONVILLE BEACH 32250-,,,11996.07,,174684-0000,2026-01-20T22:22:38.123660,existing_csv,delinquent,False,0,32250-
10343 ATLANTIC BLVD JACKSONVILLE 32225-,,,12033.68,,162929-0000,2026-01-20T22:22:38.123660,existing_csv,delinquent,False,0,32225-
3733 ADIROLF RD JACKSONVILLE 32207-,,,12126.75,,135803-0020,2026-01-20T22:22:38.124660,existing_csv,delinquent,False,0,32207-
BEACH BLVD JACKSONVILLE 32246-,,,12331.43,,125002-0000,2026-01-20T22:22:38.124660,existing_csv,delinquent,False,0,32246-
4554 PRUNTY AVE JACKSONVILLE 32205-,,,12468.34,,065397-0020,2026-01-20T22:22:38.124660,existing_csv,delinquent,False,0,32205-
4420 BLANDING BLVD JACKSONVILLE 32210-,,,12593.13,,017750-0010,2026-01-20T22:22:38.124660,existing_csv,delinquent,False,0,32210-
1575 MAIN ST ATLANTIC BEACH 32233-,,,12686.32,,172323-0050,2026-01-20T22:22:38.124660,existing_csv,delinquent,False,0,32233-
5220 NORMANDY BLVD JACKSONVILLE 32205-,,,12743.63,,059682-0000,2026-01-20T22:22:38.124660,existing_csv,delinquent,False,0,32205-
1445 FLAGLER AVE JACKSONVILLE 32207-,,,12891.31,,080691-0000,2026-01-20T22:22:38.124660,existing_csv,delinquent,False,0,32207-
129 S 6TH AVE JACKSONVILLE BEACH 32250-,,,13228.79,,175956-0100,2026-01-20T22:22:38.124660,existing_csv,delinquent,False,0,32250-
7319 SHINDLER DR JACKSONVILLE 32222-,,,13434.02,,016100-0000,2026-01-20T22:22:38.124660,existing_csv,delinquent,False,0,32222-
3560 MARBON RD JACKSONVILLE 32223-,,,13491.29,,158125-0100,2026-01-20T22:22:38.124660,existing_csv,delinquent,False,0,32223-
5800 RICKER RD JACKSONVILLE 32244-,,,13580.88,,014551-0000,2026-01-20T22:22:38.124660,existing_csv,delinquent,False,0,32244-
119 E FORSYTH ST 119 & 123 JACKSONVILLE 32202-,,,13702.58,,073460-0000,2026-01-20T22:22:38.124660,existing_csv,delinquent,False,0,32202-
4410 W MONCRIEF RD JACKSONVILLE 32209-,,,13787.78,,041469-0100,2026-01-20T22:22:38.124660,existing_csv,delinquent,False,0,32209-
8463 BEACH BLVD JACKSONVILLE 32216-,,,14013.88,,136380-0010,2026-01-20T22:22:38.124660,existing_csv,delinquent,False,0,32216-
384 3RD ST ATLANTIC BEACH 32233-,,,14077.58,,169800-0000,2026-01-20T22:22:38.124660,existing_csv,delinquent,False,0,32233-
209 BAY ST NEPTUNE BEACH 32266-,,,14092.98,,172567-0000,2026-01-20T22:22:38.124660,existing_csv,delinquent,False,0,32266-
3517 FITCH ST JACKSONVILLE 32205-,,,14206.03,,079820-0000,2026-01-20T22:22:38.124660,existing_csv,delinquent,False,0,32205-
1431 RIVERPLACE BLVD 2305 JACKSONVILLE 32207-,,,14280.47,,080393-0588,2026-01-20T22:22:38.124660,existing_csv,delinquent,False,0,32207-
1813 N 2ND ST JACKSONVILLE BEACH 32250-,,,14524.6,,174944-0500,2026-01-20T22:22:38.124660,existing_csv,delinquent,False,0,32250-
15001 N MAIN ST JACKSONVILLE 32218-,,,14546.66,,108356-0100,2026-01-20T22:22:38.124660,existing_csv,delinquent,False,0,32218-
5865 ARLINGTON EXPY JACKSONVILLE 32211-,,,14552,,129369-0200,2026-01-20T22:22:38.124660,existing_csv,delinquent,False,0,32211-
1301 S 1ST ST 1001 JACKSONVILLE BEACH 32250-,,,14555.74,,176246-0242,2026-01-20T22:22:38.124660,existing_csv,delinquent,False,0,32250-
6000 POWERS AVE JACKSONVILLE 32217-,,,14658.62,,154022-0005,2026-01-20T22:22:38.124660,existing_csv,delinquent,False,0,32217-
8768 BEACH BLVD JACKSONVILLE 32216-,,,14721.15,,136256-0000,2026-01-20T22:22:38.124660,existing_csv,delinquent,False,0,32216-
676 HAWKS TRACE DR JACKSONVILLE 32225-,,,14888.23,,167127-6065,2026-01-20T22:22:38.124660,existing_csv,delinquent,False,0,32225-
220 E FORSYTH ST JACKSONVILLE 32202-,,,14942.82,,073375-0000,2026-01-20T22:22:38.124660,existing_csv,delinquent,False,0,32202-
5560 NORMANDY BLVD JACKSONVILLE 32205-,,,15181.46,,060055-0080,2026-01-20T22:22:38.124660,existing_csv,delinquent,False,0,32205-
DUNN AVE JACKSONVILLE 32218-,,,15352.76,,004258-0690,2026-01-20T22:22:38.124660,existing_csv,delinquent,False,0,32218-
7807 E BAYMEADOWS RD 403 JACKSONVILLE 32256-,,,15536.72,,167745-3338,2026-01-20T22:22:38.124660,existing_csv,delinquent,False,0,32256-
2600 RIBAULT SCENIC DR JACKSONVILLE 32208-,,,15601.68,,024453-0100,2026-01-20T22:22:38.124660,existing_csv,delinquent,False,0,32208-
103RD ST JACKSONVILLE 32210-,,,15657.49,,012968-0000,2026-01-20T22:22:38.124660,existing_csv,delinquent,False,0,32210-
1408 SAN MARCO BLVD JACKSONVILLE 32207-,,,15808.81,,080756-0000,2026-01-20T22:22:38.124660,existing_csv,delinquent,False,0,32207-
1029 BRADY ST JACKSONVILLE 32209-,,,15811.16,,075489-0000,2026-01-20T22:22:38.124660,existing_csv,delinquent,False,0,32209-
6444 BEACH BLVD JACKSONVILLE 32216-,,,16074.49,,134650-0000,2026-01-20T22:22:38.124660,existing_csv,delinquent,False,0,32216-
NEW BERLIN RD JACKSONVILLE 32226-,,,16180.5,,108433-0000,2026-01-20T22:22:38.124660,existing_csv,delinquent,False,0,32226-
11551 BRIDGES RD JACKSONVILLE 32218-,,,16317.77,,004273-0134,2026-01-20T22:22:38.124660,existing_csv,delinquent,False,0,32218-
1406 1ST ST NEPTUNE BEACH 32266-,,,16487.17,,173025-0000,2026-01-20T22:22:38.124660,existing_csv,delinquent,False,0,32266-
6843 ST AUGUSTINE RD JACKSONVILLE 32217-,,,17053.24,,149848-0005,2026-01-20T22:22:38.124660,existing_csv,delinquent,False,0,32217-
8839 TILNEY CT JACKSONVILLE 32217-,,,17291.22,,151634-1120,2026-01-20T22:22:38.124660,existing_csv,delinquent,False,0,32217-
1748 WESTCOTT ST JACKSONVILLE 32206-,,,17332.77,,115880-0010,2026-01-20T22:22:38.124660,existing_csv,delinquent,False,0,32206-
2335 N DAVIS ST JACKSONVILLE 32209-,,,17371.63,,045274-0000,2026-01-20T22:22:38.124660,existing_csv,delinquent,False,0,32209-
5930 ORLANDO ST JACKSONVILLE 32208-,,,17618.52,,027267-0000,2026-01-20T22:22:38.124660,existing_csv,delinquent,False,0,32208-
12235 NEW BERLIN RD JACKSONVILLE 32226-,,,18143.78,,106592-0010,2026-01-20T22:22:38.124660,existing_csv,delinquent,False,0,32226-
10731 103RD ST JACKSONVILLE 32210-,,,18278.67,,012914-0000,2026-01-20T22:22:38.124660,existing_csv,delinquent,False,0,32210-
103 TROUT RIVER DR JACKSONVILLE 32208-,,,18302.29,,032717-0000,2026-01-20T22:22:38.124660,existing_csv,delinquent,False,0,32208-
1408 STRAND ST NEPTUNE BEACH 32266-,,,18644.37,,172993-0000,2026-01-20T22:22:38.124660,existing_csv,delinquent,False,0,32266-
2727 RIVERSIDE AVE JACKSONVILLE 32205-,,,18752.91,,065336-0000,2026-01-20T22:22:38.124660,existing_csv,delinquent,False,0,32205-
10112 FOX LAKE CT JACKSONVILLE 32219-,,,19099.07,,002651-0820,2026-01-20T22:22:38.124660,existing_csv,delinquent,False,0,32219-
13141 N MAIN ST JACKSONVILLE 32218-,,,19493.94,,107604-0000,2026-01-20T22:22:38.124660,existing_csv,delinquent,False,0,32218-
4496 E GLEN KERNAN PKWY JACKSONVILLE 32224-,,,19587.9,,167732-6555,2026-01-20T22:22:38.124660,existing_csv,delinquent,False,0,32224-
1814 RIVER RD JACKSONVILLE 32207-,,,19685.24,,081154-0000,2026-01-20T22:22:38.124660,existing_csv,delinquent,False,0,32207-
12235 NEW BERLIN RD JACKSONVILLE 32226-,,,19750.25,,106592-0000,2026-01-20T22:22:38.124660,existing_csv,delinquent,False,0,32226-
630 S 3RD ST JACKSONVILLE BEACH 32250-,,,19829.87,,176044-0000,2026-01-20T22:22:38.124660,existing_csv,delinquent,False,0,32250-
112 CEDAR ST NEPTUNE BEACH 32266-,,,20666.33,,172717-0000,2026-01-20T22:22:38.124660,existing_csv,delinquent,False,0,32266-
126 MYRTLE ST NEPTUNE BEACH 32266-,,,21004.25,,172730-0000,2026-01-20T22:22:38.124660,existing_csv,delinquent,False,0,32266-
2619 FORBES ST JACKSONVILLE 32204-,,,21351.84,,064162-0000,2026-01-20T22:22:38.124660,existing_csv,delinquent,False,0,32204-
1809 1ST ST NEPTUNE BEACH 32266-,,,21365.54,,173731-0000,2026-01-20T22:22:38.124660,existing_csv,delinquent,False,0,32266-
1584 OWL HOLLOW LN JACKSONVILLE 32223-,,,21688.23,,105990-1010,2026-01-20T22:22:38.124660,existing_csv,delinquent,False,0,32223-
115 N 18TH AVE A JACKSONVILLE BEACH 32250-,,,22916.78,,175404-0000,2026-01-20T22:22:38.124660,existing_csv,delinquent,False,0,32250-
2335 N DAVIS ST JACKSONVILLE 32209-,,,23265.45,,045274-0000,2026-01-20T22:22:38.124660,existing_csv,delinquent,False,0,32209-
214 MARGARET ST NEPTUNE BEACH 32266-,,,24852.77,,173462-0000,2026-01-20T22:22:38.124660,existing_csv,delinquent,False,0,32266-
20 S 1ST ST JACKSONVILLE BEACH 32250-,,,25045.6,,175523-0000,2026-01-20T22:22:38.124660,existing_csv,delinquent,False,0,32250-
1575 MAIN ST 5 ATLANTIC BEACH 32233-,,,27452.53,,172323-0000,2026-01-20T22:22:38.124660,existing_csv,delinquent,False,0,32233-
10195 E NEW BERLIN RD JACKSONVILLE 32226-,,,27685.04,,108754-0000,2026-01-20T22:22:38.124660,existing_csv,delinquent,False,0,32226-
6501 ARLINGTON EXPY JACKSONVILLE 32211-,,,29007.75,,142266-0000,2026-01-20T22:22:38.124660,existing_csv,delinquent,False,0,32211-
13681 W LONGS LANDING RD JACKSONVILLE 32225-,,,29077.67,,167127-2100,2026-01-20T22:22:38.124660,existing_csv,delinquent,False,0,32225-
1401 STRAND ST NEPTUNE BEACH 32266-,,,38571.1,,172992-0000,2026-01-20T22:22:38.124660,existing_csv,delinquent,False,0,32266-
7024 WILEY RD JACKSONVILLE 32210-,,,39092.77,,011634-0000,2026-01-20T22:22:38.124660,existing_csv,delinquent,False,0,32210-
900 N UNIVERSITY BLVD JACKSONVILLE 32211-,,,39292.54,,129300-0020,2026-01-20T22:22:38.124660,existing_csv,delinquent,False,0,32211-
6300 BLANDING BLVD JACKSONVILLE 32244-,,,40703.87,,097854-0010,2026-01-20T22:22:38.124660,existing_csv,delinquent,False,0,32244-
MAX LEGGETT PKWY JACKSONVILLE 32218-,,,42240.36,,106277-0310,2026-01-20T22:22:38.124660,existing_csv,delinquent,False,0,32218-
694 EDGEWOOD AVE JACKSONVILLE 32254-,,,44524.94,,059141-0010,2026-01-20T22:22:38.124660,existing_csv,delinquent,False,0,32254-
5865 ARLINGTON EXPY JACKSONVILLE 32211-,,,45529.42,,129369-0010,2026-01-20T22:22:38.125659,existing_csv,delinquent,False,0,32211-
2480 N LANE AVE JACKSONVILLE 32254-,,,46328.25,,004410-1000,2026-01-20T22:22:38.125659,existing_csv,delinquent,False,0,32254-
9734 CROSSHILL BLVD 2 JACKSONVILLE 32222-,,,47240.79,,016429-5332,2026-01-20T22:22:38.125659,existing_csv,delinquent,False,0,32222-
1045 RIVERSIDE AVE JACKSONVILLE 32204-,,,53979.81,,090150-0000,2026-01-20T22:22:38.125659,existing_csv,delinquent,False,0,32204-
4063 SALISBURY RD JACKSONVILLE 32216-,,,63447.67,,152852-0000,2026-01-20T22:22:38.125659,existing_csv,delinquent,False,0,32216-
8220 DIX ELLIS TRL JACKSONVILLE 32256-,,,69206.22,,152683-0210,2026-01-20T22:22:38.125659,existing_csv,delinquent,False,0,32256-
5649 CAGLE RD JACKSONVILLE 32216-,,,74892.76,,153066-0000,2026-01-20T22:22:38.125659,existing_csv,delinquent,False,0,32216-
900 BROOKWOOD RD JACKSONVILLE 32207-,,,76101.64,,082441-0000,2026-01-20T22:22:38.125659,existing_csv,delinquent,False,0,32207-
6100 KENNERLY RD JACKSONVILLE 32216-,,,77213.81,,137140-0515,2026-01-20T22:22:38.125659,existing_csv,delinquent,False,0,32216-
102 N 6TH AVE JACKSONVILLE BEACH 32250-,,,87846.52,,173940-0000,2026-01-20T22:22:38.125659,existing_csv,delinquent,False,0,32250-
2002 SAN MARCO BLVD JACKSONVILLE 32207-,,,88977.37,,081245-0000,2026-01-20T22:22:38.125659,existing_csv,delinquent,False,0,32207-
9150 BAYMEADOWS RD JACKSONVILLE 32256-,,,113250.9,,152741-0025,2026-01-20T22:22:38.125659,existing_csv,delinquent,False,0,32256-
4950 RICHARD ST JACKSONVILLE 32207-,,,122297.07,,153050-0005,2026-01-20T22:22:38.125659,existing_csv,delinquent,False,0,32207-
3800 S UNIVERSITY BLVD JACKSONVILLE 32216-,,,146930.28,,135167-0000,2026-01-20T22:22:38.125659,existing_csv,delinquent,False,0,32216-
3830 S UNIVERSITY BLVD JACKSONVILLE 32216-,,,174871.64,,137130-0000,2026-01-20T22:22:38.125659,existing_csv,delinquent,False,0,32216-
2625 W 5TH ST JACKSONVILLE 32254-,,,265399.21,,050309-0000,2026-01-20T22:22:38.125659,existing_csv,delinquent,False,0,32254-
